sample_name,tilt_deg,theta_initial_deg_used_for_q,qz_map_source,qr_integration_source,solid_angle_corrected,m,qr,qr_original,qr_fit_count,qr_fit_sample_count,qr_fit_method,branch,phi_window,delta_qr,qz_bin,qz_min,qz_max,qz_center,pixel_count,acceptance_sum,acceptance_source,background_sum_raw,background_sum,fit_sum,background_mean_raw,background_mean,fit_mean,background_weighted_sum_raw,background_weighted_sum,fit_weighted_sum,background_density_raw,qr_sideband_background_density,qr_sideband_pixel_count,qr_sideband_inner_delta_qr,qr_sideband_outer_delta_qr,qr_sideband_percentile,qr_transverse_background_subtracted,background_density,fit_density,two_theta_min,two_theta_max,two_theta_mean,smoothed_background_density
PbI2,4.0,4.0,detector_qspace_per_pixel,detector_qr_band_per_qz_bin_fast,False,1,1.5806530407269872,1.5806530407269872,0,2,saved_q_group_rows_insufficient_detector_rotation_anchors,-,-,0.13,1,0.7713458887701282,0.7923603826605471,0.7818531357153377,269,269.0,pixel_count,33623.45842532137,33623.45842532137,28090.31287765503,124.9942692391129,124.9942692391129,104.42495493552056,33623.45842532137,33623.45842532137,28090.31287765503,124.9942692391129,,0,,,,False,124.9942692391129,104.42495493552056,23.64946174621582,27.14099884033203,25.401004553155094,133.46339421128383
PbI2,4.0,4.0,detector_qspace_per_pixel,detector_qr_band_per_qz_bin_fast,False,1,1.5806530407269872,1.5806530407269872,0,2,saved_q_group_rows_insufficient_detector_rotation_anchors,-,-,0.13,2,0.7923603826605471,0.8133748765509662,0.8028676296057566,268,268.0,pixel_count,39549.134211313525,39549.134211313525,31629.72243499756,147.57139631087136,147.57139631087136,118.02135236939388,39549.134211313525,39549.134211313525,31629.72243499756,147.57139631087136,,0,,,,False,147.57139631087136,118.02135236939388,23.85700798034668,27.242889404296875,25.58398957804643,150.40095511392605
PbI2,4.0,4.0,detector_qspace_per_pixel,detector_qr_band_per_qz_bin_fast,False,1,1.5806530407269872,1.5806530407269872,0,2,saved_q_group_rows_insufficient_detector_rotation_anchors,-,-,0.13,3,0.8133748765509662,0.8343893704413853,0.8238821234961757,275,275.0,pixel_count,47885.303306063695,47885.303306063695,35777.90121459961,174.12837565841343,174.12837565841343,130.1014589621804,47885.303306063695,47885.303306063695,35777.90121459961,174.12837565841343,,0,,,,False,174.12837565841343,130.1014589621804,23.980127334594727,27.427061080932617,25.706885832829634,172.92759917293077
PbI2,4.0,4.0,detector_qspace_per_pixel,detector_qr_band_per_qz_bin_fast,False,1,1.5806530407269872,1.5806530407269872,0,2,saved_q_group_rows_insufficient_detector_rotation_anchors,-,-,0.13,4,0.8343893704413853,0.8554038643318043,0.8448966173865948,270,270.0,pixel_count,54694.09798892614,54694.09798892614,39069.35032272339,202.57073329231906,202.57073329231906,144.7012974915681,54694.09798892614,54694.09798892614,39069.35032272339,202.57073329231906,,0,,,,False,202.57073329231906,144.7012974915681,24.136964797973633,27.532732009887695,25.864434771568558,189.6272666360718
PbI2,4.0,4.0,detector_qspace_per_pixel,detector_qr_band_per_qz_bin_fast,False,1,1.5806530407269872,1.5806530407269872,0,2,saved_q_group_rows_insufficient_detector_rotation_anchors,-,-,0.13,5,0.8554038643318043,0.8764183582222234,0.8659111112770138,277,277.0,pixel_count,54267.57763425616,54267.57763425616,41759.97546005249,195.91183261464317,195.91183261464317,150.75803415181403,54267.57763425616,54267.57763425616,41759.97546005249,195.91183261464317,,0,,,,False,195.91183261464317,150.75803415181403,24.31945037841797,27.72069549560547,26.043109468854507,192.00715231551663
PbI2,4.0,4.0,detector_qspace_per_pixel,detector_qr_band_per_qz_bin_fast,False,1,1.5806530407269872,1.5806530407269872,0,2,saved_q_group_rows_insufficient_detector_rotation_anchors,-,-,0.13,6,0.8764183582222234,0.8974328521126425,0.8869256051674329,279,279.0,pixel_count,51342.99369000383,51342.99369000383,40295.96537590027,184.02506698926103,184.02506698926103,144.42998342616585,51342.99369000383,51342.99369000383,40295.96537590027,184.02506698926103,,0,,,,False,184.02506698926103,144.42998342616585,24.481361389160156,27.857511520385742,26.18448006545603,184.72678748400125
PbI2,4.0,4.0,detector_qspace_per_pixel,detector_qr_band_per_qz_bin_fast,False,1,1.5806530407269872,1.5806530407269872,0,2,saved_q_group_rows_insufficient_detector_rotation_anchors,-,-,0.13,7,0.8974328521126425,0.9184473460030615,0.907940099057852,273,273.0,pixel_count,47901.46774134419,47901.46774134419,37015.78307914734,175.46325179979556,175.46325179979556,135.58894900786572,47901.46774134419,47901.46774134419,37015.78307914734,175.46325179979556,,0,,,,False,175.46325179979556,135.58894900786572,24.666776657104492,28.049419403076172,26.366847250537656,175.77715809702107
PbI2,4.0,4.0,detector_qspace_per_pixel,detector_qr_band_per_qz_bin_fast,False,1,1.5806530407269872,1.5806530407269872,0,2,saved_q_group_rows_insufficient_detector_rotation_anchors,-,-,0.13,8,0.9184473460030615,0.9394618398934804,0.928954592948271,282,282.0,pixel_count,46884.39394452004,46884.39394452004,34834.931131362915,166.25671611531928,166.25671611531928,123.52812457930112,46884.39394452004,46884.39394452004,34834.931131362915,166.25671611531928,,0,,,,False,166.25671611531928,123.52812457930112,24.83340835571289,28.16242790222168,26.506283330437714,168.17830872380682
PbI2,4.0,4.0,detector_qspace_per_pixel,detector_qr_band_per_qz_bin_fast,False,1,1.5806530407269872,1.5806530407269872,0,2,saved_q_group_rows_insufficient_detector_rotation_anchors,-,-,0.13,9,0.9394618398934804,0.9604763337838995,0.94996908683869,281,281.0,pixel_count,45866.24711159531,45866.24711159531,32009.737142562866,163.22507868895127,163.22507868895127,113.91365531161162,45866.24711159531,45866.24711159531,32009.737142562866,163.22507868895127,,0,,,,False,163.22507868895127,113.91365531161162,25.002822875976562,28.357563018798828,26.70219328762329,162.06061420900292
PbI2,4.0,4.0,detector_qspace_per_pixel,detector_qr_band_per_qz_bin_fast,False,1,1.5806530407269872,1.5806530407269872,0,2,saved_q_group_rows_insufficient_detector_rotation_anchors,-,-,0.13,10,0.9604763337838995,0.9814908276743186,0.9709835807291091,282,282.0,pixel_count,43743.27455129328,43743.27455129328,29825.264421463013,155.11799486274214,155.11799486274214,105.76334901228019,43743.27455129328,43743.27455129328,29825.264421463013,155.11799486274214,,0,,,,False,155.11799486274214,105.76334901228019,25.192485809326172,28.50298500061035,26.869209264700658,156.47185306777692
PbI2,4.0,4.0,detector_qspace_per_pixel,detector_qr_band_per_qz_bin_fast,False,1,1.5806530407269872,1.5806530407269872,0,2,saved_q_group_rows_insufficient_detector_rotation_anchors,-,-,0.13,11,0.9814908276743186,1.0025053215647375,0.991998074619528,287,287.0,pixel_count,43560.918202975095,43560.918202975095,28036.21318244934,151.78020279782262,151.78020279782262,97.68715394581652,43560.918202975095,43560.918202975095,28036.21318244934,151.78020279782262,,0,,,,False,151.78020279782262,97.68715394581652,25.366098403930664,28.701459884643555,27.034656194232788,151.74906588681637
PbI2,4.0,4.0,detector_qspace_per_pixel,detector_qr_band_per_qz_bin_fast,False,1,1.5806530407269872,1.5806530407269872,0,2,saved_q_group_rows_insufficient_detector_rotation_anchors,-,-,0.13,12,1.0025053215647375,1.0235198154551566,1.013012568509947,285,285.0,pixel_count,41788.7657692011,41788.7657692011,26021.259159088135,146.6272483129863,146.6272483129863,91.30266371609872,41788.7657692011,41788.7657692011,26021.259159088135,146.6272483129863,,0,,,,False,146.6272483129863,91.30266371609872,25.593305587768555,28.850990295410156,27.22478032134826,148.5895810058257
PbI2,4.0,4.0,detector_qspace_per_pixel,detector_qr_band_per_qz_bin_fast,False,1,1.5806530407269872,1.5806530407269872,0,2,saved_q_group_rows_insufficient_detector_rotation_anchors,-,-,0.13,13,1.0235198154551566,1.0445343093455757,1.0340270624003662,288,288.0,pixel_count,42316.96104923208,42316.96104923208,24478.31587600708,146.93389253205584,146.93389253205584,84.99415234724681,42316.96104923208,42316.96104923208,24478.31587600708,146.93389253205584,,0,,,,False,146.93389253205584,84.99415234724681,25.735483169555664,29.052499771118164,27.396975736566272,147.66390133435465
PbI2,4.0,4.0,detector_qspace_per_pixel,detector_qr_band_per_qz_bin_fast,False,1,1.5806530407269872,1.5806530407269872,0,2,saved_q_group_rows_insufficient_detector_rotation_anchors,-,-,0.13,14,1.0445343093455757,1.0655488032359945,1.055041556290785,289,289.0,pixel_count,42871.42744620039,42871.42744620039,22979.992040634155,148.34403960622973,148.34403960622973,79.51554339319777,42871.42744620039,42871.42744620039,22979.992040634155,148.34403960622973,,0,,,,False,148.34403960622973,79.51554339319777,25.915294647216797,29.175010681152344,27.577956522235077,148.36632569151317
PbI2,4.0,4.0,detector_qspace_per_pixel,detector_qr_band_per_qz_bin_fast,False,1,1.5806530407269872,1.5806530407269872,0,2,saved_q_group_rows_insufficient_detector_rotation_anchors,-,-,0.13,15,1.0655488032359945,1.0865632971264136,1.076056050181204,294,294.0,pixel_count,44003.320269619515,44003.320269619515,21579.500247955322,149.6711573796582,149.6711573796582,73.39966070733102,44003.320269619515,44003.320269619515,21579.500247955322,149.6711573796582,,0,,,,False,149.6711573796582,73.39966070733102,26.146888732910156,29.378952026367188,27.77206495166499,149.4974603235924
PbI2,4.0,4.0,detector_qspace_per_pixel,detector_qr_band_per_qz_bin_fast,False,1,1.5806530407269872,1.5806530407269872,0,2,saved_q_group_rows_insufficient_detector_rotation_anchors,-,-,0.13,16,1.0865632971264136,1.1075777910168327,1.0970705440716233,296,296.0,pixel_count,44447.227138280876,44447.227138280876,20336.27018737793,150.1595511428408,150.1595511428408,68.70361549789841,44447.227138280876,44447.227138280876,20336.27018737793,150.1595511428408,,0,,,,False,150.1595511428408,68.70361549789841,26.33051300048828,29.535436630249023,27.941123420157467,150.73097539339156
PbI2,4.0,4.0,detector_qspace_per_pixel,detector_qr_band_per_qz_bin_fast,False,1,1.5806530407269872,1.5806530407269872,0,2,saved_q_group_rows_insufficient_detector_rotation_anchors,-,-,0.13,17,1.1075777910168327,1.1285922849072516,1.1180850379620422,295,295.0,pixel_count,45109.16305789809,45109.16305789809,19283.496898651123,152.91241714541727,152.91241714541727,65.36778609712245,45109.16305789809,45109.16305789809,19283.496898651123,152.91241714541727,,0,,,,False,152.91241714541727,65.36778609712245,26.564647674560547,29.741865158081055,28.162208942064343,151.5244070466959
PbI2,4.0,4.0,detector_qspace_per_pixel,detector_qr_band_per_qz_bin_fast,False,1,1.5806530407269872,1.5806530407269872,0,2,saved_q_group_rows_insufficient_detector_rotation_anchors,-,-,0.13,18,1.1285922849072516,1.1496067787976707,1.139099531852461,298,298.0,pixel_count,45687.74024991135,45687.74024991135,18224.55838394165,153.31456459701795,153.31456459701795,61.15623618772366,45687.74024991135,45687.74024991135,18224.55838394165,153.31456459701795,,0,,,,False,153.31456459701795,61.15623618772366,26.71415901184082,29.90162467956543,28.337376446492613,149.38398724358152
PbI2,4.0,4.0,detector_qspace_per_pixel,detector_qr_band_per_qz_bin_fast,False,1,1.5806530407269872,1.5806530407269872,0,2,saved_q_group_rows_insufficient_detector_rotation_anchors,-,-,0.13,19,1.1496067787976707,1.1706212726880898,1.1601140257428804,302,302.0,pixel_count,43169.32114507711,43169.32114507711,17556.48032951355,142.94477200356658,142.94477200356658,58.13404082620381,43169.32114507711,43169.32114507711,17556.48032951355,142.94477200356658,,0,,,,False,142.94477200356658,58.13404082620381,26.902740478515625,30.11026382446289,28.535831010729524,143.01347705951883
PbI2,4.0,4.0,detector_qspace_per_pixel,detector_qr_band_per_qz_bin_fast,False,1,1.5806530407269872,1.5806530407269872,0,2,saved_q_group_rows_insufficient_detector_rotation_anchors,-,-,0.13,20,1.1706212726880898,1.191635766578509,1.1811285196332992,303,303.0,pixel_count,40763.560534010605,40763.560534010605,16933.902465820312,134.53320308254325,134.53320308254325,55.88746688389542,40763.560534010605,40763.560534010605,16933.902465820312,134.53320308254325,,0,,,,False,134.53320308254325,55.88746688389542,27.140071868896484,30.352338790893555,28.72808964830584,135.08847624516778
PbI2,4.0,4.0,detector_qspace_per_pixel,detector_qr_band_per_qz_bin_fast,False,1,1.5806530407269872,1.5806530407269872,0,2,saved_q_group_rows_insufficient_detector_rotation_anchors,-,-,0.13,21,1.191635766578509,1.212650260468928,1.2021430135237186,308,308.0,pixel_count,38952.3013834988,38952.3013834988,16515.733856201172,126.46851098538572,126.46851098538572,53.622512520133675,38952.3013834988,38952.3013834988,16515.733856201172,126.46851098538572,,0,,,,False,126.46851098538572,53.622512520133675,27.331628799438477,30.516599655151367,28.944813158715515,128.533201852527
PbI2,4.0,4.0,detector_qspace_per_pixel,detector_qr_band_per_qz_bin_fast,False,1,1.5806530407269872,1.5806530407269872,0,2,saved_q_group_rows_insufficient_detector_rotation_anchors,-,-,0.13,22,1.212650260468928,1.233664754359347,1.2231575074141374,306,306.0,pixel_count,37961.45513399815,37961.45513399815,16012.804471969604,124.05704292156257,124.05704292156257,52.32942637898564,37961.45513399815,37961.45513399815,16012.804471969604,124.05704292156257,,0,,,,False,124.05704292156257,52.32942637898564,27.570707321166992,30.728055953979492,29.138911904416222,124.26871191302018
PbI2,4.0,4.0,detector_qspace_per_pixel,detector_qr_band_per_qz_bin_fast,False,1,1.5806530407269872,1.5806530407269872,0,2,saved_q_group_rows_insufficient_detector_rotation_anchors,-,-,0.13,23,1.233664754359347,1.2546792482497662,1.2441720013045567,313,313.0,pixel_count,37985.114329454686,37985.114329454686,15923.380262374878,121.35819274586161,121.35819274586161,50.87341936860983,37985.114329454686,37985.114329454686,15923.380262374878,121.35819274586161,,0,,,,False,121.35819274586161,50.87341936860983,27.764917373657227,30.894912719726562,29.338277539250246,121.14823826898126
PbI2,4.0,4.0,detector_qspace_per_pixel,detector_qr_band_per_qz_bin_fast,False,1,1.5806530407269872,1.5806530407269872,0,2,saved_q_group_rows_insufficient_detector_rotation_anchors,-,-,0.13,24,1.2546792482497662,1.275693742140185,1.2651864951949756,311,311.0,pixel_count,36671.84706237269,36671.84706237269,15661.163223266602,117.91590695296685,117.91590695296685,50.35743801693441,36671.84706237269,36671.84706237269,15661.163223266602,117.91590695296685,,0,,,,False,117.91590695296685,50.35743801693441,28.00544548034668,31.107925415039062,29.553075818526775,118.18424717082405
PbI2,4.0,4.0,detector_qspace_per_pixel,detector_qr_band_per_qz_bin_fast,False,1,1.5806530407269872,1.5806530407269872,0,2,saved_q_group_rows_insufficient_detector_rotation_anchors,-,-,0.13,25,1.275693742140185,1.2967082360306041,1.2862009890853945,316,316.0,pixel_count,36419.824343370594,36419.824343370594,15629.387510299683,115.25260868155252,115.25260868155252,49.460087057910386,36419.824343370594,36419.824343370594,15629.387510299683,115.25260868155252,,0,,,,False,115.25260868155252,49.460087057910386,28.202007293701172,31.277135848999023,29.75305807851044,115.4254743851755
PbI2,4.0,4.0,detector_qspace_per_pixel,detector_qr_band_per_qz_bin_fast,False,1,1.5806530407269872,1.5806530407269872,0,2,saved_q_group_rows_insufficient_detector_rotation_anchors,-,-,0.13,26,1.2967082360306041,1.3177227299210232,1.3072154829758138,319,319.0,pixel_count,36120.56804069055,36120.56804069055,15659.478382110596,113.23062081721176,113.23062081721176,49.089273925111584,36120.56804069055,36120.56804069055,15659.478382110596,113.23062081721176,,0,,,,False,113.23062081721176,49.089273925111584,28.3998966217041,31.52564239501953,29.98040043150628,112.6859907618726
PbI2,4.0,4.0,detector_qspace_per_pixel,detector_qr_band_per_qz_bin_fast,False,1,1.5806530407269872,1.5806530407269872,0,2,saved_q_group_rows_insufficient_detector_rotation_anchors,-,-,0.13,27,1.3177227299210232,1.3387372238114421,1.3282299768662327,319,319.0,pixel_count,34929.864826787736,34929.864826787736,15517.619859695435,109.49800886140356,109.49800886140356,48.64457636268161,34929.864826787736,34929.864826787736,15517.619859695435,109.49800886140356,,0,,,,False,109.49800886140356,48.64457636268161,28.64232635498047,31.697214126586914,30.176993804178547,109.66417960775874
PbI2,4.0,4.0,detector_qspace_per_pixel,detector_qr_band_per_qz_bin_fast,False,1,1.5806530407269872,1.5806530407269872,0,2,saved_q_group_rows_insufficient_detector_rotation_anchors,-,-,0.13,28,1.3387372238114421,1.3597517177018612,1.3492444707566515,326,326.0,pixel_count,34600.62441606082,34600.62441606082,15732.636974334717,106.136884711843,106.136884711843,48.25962262065864,34600.62441606082,34600.62441606082,15732.636974334717,106.136884711843,,0,,,,False,106.136884711843,48.25962262065864,28.84213638305664,31.912803649902344,30.396407386088438,106.95316814804914
PbI2,4.0,4.0,detector_qspace_per_pixel,detector_qr_band_per_qz_bin_fast,False,1,1.5806530407269872,1.5806530407269872,0,2,saved_q_group_rows_insufficient_detector_rotation_anchors,-,-,0.13,29,1.3597517177018612,1.3807662115922803,1.3702589646470709,326,326.0,pixel_count,34199.64138442339,34199.64138442339,15743.34718132019,104.90687541234169,104.90687541234169,48.292476016319604,34199.64138442339,34199.64138442339,15743.34718132019,104.90687541234169,,0,,,,False,104.90687541234169,48.292476016319604,29.085338592529297,32.16336441040039,30.623357693250178,105.27510802017113
PbI2,4.0,4.0,detector_qspace_per_pixel,detector_qr_band_per_qz_bin_fast,False,1,1.5806530407269872,1.5806530407269872,0,2,saved_q_group_rows_insufficient_detector_rotation_anchors,-,-,0.13,30,1.3807662115922803,1.4017807054826992,1.3912734585374897,331,331.0,pixel_count,34381.71901251596,34381.71901251596,15816.564018249512,103.87226287769172,103.87226287769172,47.78418132401665,34381.71901251596,34381.71901251596,15816.564018249512,103.87226287769172,,0,,,,False,103.87226287769172,47.78418132401665,29.32721710205078,32.33765411376953,30.83540881292506,104.62612972012303
PbI2,4.0,4.0,detector_qspace_per_pixel,detector_qr_band_per_qz_bin_fast,False,1,1.5806530407269872,1.5806530407269872,0,2,saved_q_group_rows_insufficient_detector_rotation_anchors,-,-,0.13,31,1.4017807054826992,1.4227951993731183,1.4122879524279086,329,329.0,pixel_count,34802.4548724502,34802.4548724502,15707.436527252197,105.78253760623161,105.78253760623161,47.74296816793981,34802.4548724502,34802.4548724502,15707.436527252197,105.78253760623161,,0,,,,False,105.78253760623161,47.74296816793981,29.571043014526367,32.55437469482422,31.06044106066931,104.04906781365145
PbI2,4.0,4.0,detector_qspace_per_pixel,detector_qr_band_per_qz_bin_fast,False,1,1.5806530407269872,1.5806530407269872,0,2,saved_q_group_rows_insufficient_detector_rotation_anchors,-,-,0.13,32,1.4227951993731183,1.4438096932635374,1.433302446318328,338,338.0,pixel_count,34559.872577379145,34559.872577379145,15821.10525894165,102.24814372005665,102.24814372005665,46.80800372467944,34559.872577379145,34559.872577379145,15821.10525894165,102.24814372005665,,0,,,,False,102.24814372005665,46.80800372467944,29.774089813232422,32.765480041503906,31.27970523505604,102.2426780729779
PbI2,4.0,4.0,detector_qspace_per_pixel,detector_qr_band_per_qz_bin_fast,False,1,1.5806530407269872,1.5806530407269872,0,2,saved_q_group_rows_insufficient_detector_rotation_anchors,-,-,0.13,33,1.4438096932635374,1.4648241871539562,1.4543169402087468,338,338.0,pixel_count,33697.12661080061,33697.12661080061,15813.432618141174,99.69564086035683,99.69564086035683,46.78530360396797,33697.12661080061,33697.12661080061,15813.432618141174,99.69564086035683,,0,,,,False,99.69564086035683,46.78530360396797,29.977985382080078,32.98285675048828,31.513515211458124,99.54994587977433
PbI2,4.0,4.0,detector_qspace_per_pixel,detector_qr_band_per_qz_bin_fast,False,1,1.5806530407269872,1.5806530407269872,0,2,saved_q_group_rows_insufficient_detector_rotation_anchors,-,-,0.13,34,1.4648241871539562,1.4858386810443753,1.4753314340991657,343,343.0,pixel_count,33147.26094069774,33147.26094069774,15848.064609527588,96.6392447250663,96.6392447250663,46.204269998622706,33147.26094069774,33147.26094069774,15848.064609527588,96.6392447250663,,0,,,,False,96.6392447250663,46.204269998622706,30.263324737548828,33.23571014404297,31.740947816475764,96.66486416306171
PbI2,4.0,4.0,detector_qspace_per_pixel,detector_qr_band_per_qz_bin_fast,False,1,1.5806530407269872,1.5806530407269872,0,2,saved_q_group_rows_insufficient_detector_rotation_anchors,-,-,0.13,35,1.4858386810443753,1.5068531749347944,1.496345927989585,346,346.0,pixel_count,32348.09777755457,32348.09777755457,15717.856533050537,93.49161207385714,93.49161207385714,45.427331020377274,32348.09777755457,32348.09777755457,15717.856533050537,93.49161207385714,,0,,,,False,93.49161207385714,45.427331020377274,30.4683895111084,33.449241638183594,31.968388142036975,93.98392934862153
PbI2,4.0,4.0,detector_qspace_per_pixel,detector_qr_band_per_qz_bin_fast,False,1,1.5806530407269872,1.5806530407269872,0,2,saved_q_group_rows_insufficient_detector_rotation_anchors,-,-,0.13,36,1.5068531749347944,1.5278676688252135,1.5173604218800039,347,347.0,pixel_count,31828.599770254314,31828.599770254314,15585.099601745605,91.7250713840182,91.7250713840182,44.91383170531875,31828.599770254314,31828.599770254314,15585.099601745605,91.7250713840182,,0,,,,False,91.7250713840182,44.91383170531875,30.75393295288086,33.667022705078125,32.199518203014854,91.87096993009558
PbI2,4.0,4.0,detector_qspace_per_pixel,detector_qr_band_per_qz_bin_fast,False,1,1.5806530407269872,1.5806530407269872,0,2,saved_q_group_rows_insufficient_detector_rotation_anchors,-,-,0.13,37,1.5278676688252135,1.5488821627156326,1.5383749157704232,353,353.0,pixel_count,31694.28782374344,31694.28782374344,15535.579062461853,89.78551791428737,89.78551791428737,44.01013898714406,31694.28782374344,31694.28782374344,15535.579062461853,89.78551791428737,,0,,,,False,89.78551791428737,44.01013898714406,30.95990562438965,33.88194274902344,32.42822939252483,90.52558755884891
PbI2,4.0,4.0,detector_qspace_per_pixel,detector_qr_band_per_qz_bin_fast,False,1,1.5806530407269872,1.5806530407269872,0,2,saved_q_group_rows_insufficient_detector_rotation_anchors,-,-,0.13,38,1.5488821627156326,1.5698966566060517,1.559389409660842,357,357.0,pixel_count,32024.747197108285,32024.747197108285,15481.799509048462,89.70517422159183,89.70517422159183,43.36638517940746,32024.747197108285,32024.747197108285,15481.799509048462,89.70517422159183,,0,,,,False,89.70517422159183,43.36638517940746,31.166427612304688,34.13580322265625,32.68389393557843,90.33336207765674
PbI2,4.0,4.0,detector_qspace_per_pixel,detector_qr_band_per_qz_bin_fast,False,1,1.5806530407269872,1.5806530407269872,0,2,saved_q_group_rows_insufficient_detector_rotation_anchors,-,-,0.13,39,1.5698966566060517,1.5909111504964706,1.5804039035512611,358,358.0,pixel_count,32385.22013750419,32385.22013750419,15177.46763420105,90.46150876397819,90.46150876397819,42.39516098938841,32385.22013750419,32385.22013750419,15177.46763420105,90.46150876397819,,0,,,,False,90.46150876397819,42.39516098938841,31.45201873779297,34.38953399658203,32.89321098896596,91.73049469860283
PbI2,4.0,4.0,detector_qspace_per_pixel,detector_qr_band_per_qz_bin_fast,False,1,1.5806530407269872,1.5806530407269872,0,2,saved_q_group_rows_insufficient_detector_rotation_anchors,-,-,0.13,40,1.5909111504964706,1.6119256443868897,1.6014183974416802,365,365.0,pixel_count,34474.11385234011,34474.11385234011,15184.398122787476,94.44962699271262,94.44962699271262,41.601090747362946,34474.11385234011,34474.11385234011,15184.398122787476,94.44962699271262,,0,,,,False,94.44962699271262,41.601090747362946,31.700563430786133,34.569881439208984,33.14804369762331,94.84491901655103
PbI2,4.0,4.0,detector_qspace_per_pixel,detector_qr_band_per_qz_bin_fast,False,1,1.5806530407269872,1.5806530407269872,0,2,saved_q_group_rows_insufficient_detector_rotation_anchors,-,-,0.13,41,1.6119256443868897,1.6329401382773088,1.6224328913320991,367,367.0,pixel_count,36320.23272103901,36320.23272103901,14939.333490371704,98.96521177394824,98.96521177394824,40.706630763955594,36320.23272103901,36320.23272103901,14939.333490371704,98.96521177394824,,0,,,,False,98.96521177394824,40.706630763955594,31.944246292114258,34.82360076904297,33.38940845184846,99.20668354980734
PbI2,4.0,4.0,detector_qspace_per_pixel,detector_qr_band_per_qz_bin_fast,False,1,1.5806530407269872,1.5806530407269872,0,2,saved_q_group_rows_insufficient_detector_rotation_anchors,-,-,0.13,42,1.6329401382773088,1.6539546321677276,1.6434473852225182,374,374.0,pixel_count,38503.319216835225,38503.319216835225,14751.31669998169,102.95005138191237,102.95005138191237,39.442023261983124,38503.319216835225,38503.319216835225,14751.31669998169,102.95005138191237,,0,,,,False,102.95005138191237,39.442023261983124,32.19318389892578,35.04084396362305,33.61858559744948,105.17979874987071
PbI2,4.0,4.0,detector_qspace_per_pixel,detector_qr_band_per_qz_bin_fast,False,1,1.5806530407269872,1.5806530407269872,0,2,saved_q_group_rows_insufficient_detector_rotation_anchors,-,-,0.13,43,1.6539546321677276,1.6749691260581465,1.664461879112937,373,373.0,pixel_count,42121.88412724413,42121.88412724413,14437.246307373047,112.92730329019874,112.92730329019874,38.70575417526286,42121.88412724413,42121.88412724413,14437.246307373047,112.92730329019874,,0,,,,False,112.92730329019874,38.70575417526286,32.47763442993164,35.294368743896484,33.88162611003851,113.60151117721222
PbI2,4.0,4.0,detector_qspace_per_pixel,detector_qr_band_per_qz_bin_fast,False,1,1.5806530407269872,1.5806530407269872,0,2,saved_q_group_rows_insufficient_detector_rotation_anchors,-,-,0.13,44,1.6749691260581465,1.6959836199485658,1.6854763730033562,378,378.0,pixel_count,47044.58355467817,47044.58355467817,14273.968830108643,124.45657025047134,124.45657025047134,37.761822301874716,47044.58355467817,47044.58355467817,14273.968830108643,124.45657025047134,,0,,,,False,124.45657025047134,37.761822301874716,32.68523406982422,35.51224899291992,34.114848295776135,122.66726347306863
PbI2,4.0,4.0,detector_qspace_per_pixel,detector_qr_band_per_qz_bin_fast,False,1,1.5806530407269872,1.5806530407269872,0,2,saved_q_group_rows_insufficient_detector_rotation_anchors,-,-,0.13,45,1.6959836199485658,1.7169981138389847,1.7064908668937753,387,387.0,pixel_count,51271.65185015469,51271.65185015469,14113.63557434082,132.4848885016917,132.4848885016917,36.46934256935612,51271.65185015469,51271.65185015469,14113.63557434082,132.4848885016917,,0,,,,False,132.4848885016917,36.46934256935612,32.93459701538086,35.76534652709961,34.36528757693963,128.21792629310812
PbI2,4.0,4.0,detector_qspace_per_pixel,detector_qr_band_per_qz_bin_fast,False,1,1.5806530407269872,1.5806530407269872,0,2,saved_q_group_rows_insufficient_detector_rotation_anchors,-,-,0.13,46,1.7169981138389847,1.7380126077294036,1.7275053607841941,386,386.0,pixel_count,50602.9358166628,50602.9358166628,13713.169937133789,131.09568864420416,131.09568864420416,35.52634698739324,50602.9358166628,50602.9358166628,13713.169937133789,131.09568864420416,,0,,,,False,131.09568864420416,35.52634698739324,33.21782684326172,36.0179328918457,34.617875810743975,126.81633789564421
PbI2,4.0,4.0,detector_qspace_per_pixel,detector_qr_band_per_qz_bin_fast,False,1,1.5806530407269872,1.5806530407269872,0,2,saved_q_group_rows_insufficient_detector_rotation_anchors,-,-,0.13,47,1.7380126077294036,1.759027101619823,1.7485198546746132,395,395.0,pixel_count,47365.61712480803,47365.61712480803,13605.423824310303,119.91295474634944,119.91295474634944,34.44411094762102,47365.61712480803,47365.61712480803,13605.423824310303,119.91295474634944,,0,,,,False,119.91295474634944,34.44411094762102,33.46701431274414,36.23609161376953,34.85718320127935,118.71792308316247
PbI2,4.0,4.0,detector_qspace_per_pixel,detector_qr_band_per_qz_bin_fast,False,1,1.5806530407269872,1.5806530407269872,0,2,saved_q_group_rows_insufficient_detector_rotation_anchors,-,-,0.13,48,1.759027101619823,1.7800415955102418,1.7695343485650323,397,397.0,pixel_count,42459.648305329705,42459.648305329705,13223.08524608612,106.95125517715292,106.95125517715292,33.30751951155194,42459.648305329705,42459.648305329705,13223.08524608612,106.95125517715292,,0,,,,False,106.95125517715292,33.30751951155194,33.716270446777344,36.52431106567383,35.12194125918721,107.58972315122301
PbI2,4.0,4.0,detector_qspace_per_pixel,detector_qr_band_per_qz_bin_fast,False,1,1.5806530407269872,1.5806530407269872,0,2,saved_q_group_rows_insufficient_detector_rotation_anchors,-,-,0.13,49,1.7800415955102418,1.8010560894006606,1.7905488424554512,403,403.0,pixel_count,38512.77579313014,38512.77579313014,13025.864857673645,95.56520047923111,95.56520047923111,32.32224530440111,38512.77579313014,38512.77579313014,13025.864857673645,95.56520047923111,,0,,,,False,95.56520047923111,32.32224530440111,33.99773406982422,36.742576599121094,35.3719665609621,96.96110708369108
PbI2,4.0,4.0,detector_qspace_per_pixel,detector_qr_band_per_qz_bin_fast,False,1,1.5806530407269872,1.5806530407269872,0,2,saved_q_group_rows_insufficient_detector_rotation_anchors,-,-,0.13,50,1.8010560894006606,1.82207058329108,1.8115633363458703,412,412.0,pixel_count,36144.434456025716,36144.434456025716,12818.62537574768,87.72920984472262,87.72920984472262,31.11316838773709,36144.434456025716,36144.434456025716,12818.62537574768,87.72920984472262,,0,,,,False,87.72920984472262,31.11316838773709,34.24645233154297,36.99347686767578,35.623519702721694,88.13466521731658
PbI2,4.0,4.0,detector_qspace_per_pixel,detector_qr_band_per_qz_bin_fast,False,1,1.5806530407269872,1.5806530407269872,0,2,saved_q_group_rows_insufficient_detector_rotation_anchors,-,-,0.13,51,1.82207058329108,1.8430850771814988,1.8325778302362894,413,413.0,pixel_count,33011.473806415495,33011.473806415495,12416.31367301941,79.93092931335471,79.93092931335471,30.063713493993728,33011.473806415495,33011.473806415495,12416.31367301941,79.93092931335471,,0,,,,False,79.93092931335471,30.063713493993728,34.49506378173828,37.27992630004883,35.882268594255976,80.85105243258934
PbI2,4.0,4.0,detector_qspace_per_pixel,detector_qr_band_per_qz_bin_fast,False,1,1.5806530407269872,1.5806530407269872,0,2,saved_q_group_rows_insufficient_detector_rotation_anchors,-,-,0.13,52,1.8430850771814988,1.864099571071918,1.8535923241267085,417,417.0,pixel_count,31162.03857874063,31162.03857874063,12057.09505367279,74.72910930153628,74.72910930153628,28.913897011205734,31162.03857874063,31162.03857874063,12057.09505367279,74.72910930153628,,0,,,,False,74.72910930153628,28.913897011205734,34.77431106567383,37.497703552246094,36.14498603495726,74.80918859324402
PbI2,4.0,4.0,detector_qspace_per_pixel,detector_qr_band_per_qz_bin_fast,False,1,1.5806530407269872,1.5806530407269872,0,2,saved_q_group_rows_insufficient_detector_rotation_anchors,-,-,0.13,53,1.864099571071918,1.885114064962337,1.8746068180171274,425,425.0,pixel_count,29110.36660838912,29110.36660838912,11840.73368358612,68.49498025503323,68.49498025503323,27.86054984373205,29110.36660838912,29110.36660838912,11840.73368358612,68.49498025503323,,0,,,,False,68.49498025503323,27.86054984373205,35.022064208984375,37.7828483581543,36.397317554329106,70.11862082935555
PbI2,4.0,4.0,detector_qspace_per_pixel,detector_qr_band_per_qz_bin_fast,False,1,1.5806530407269872,1.5806530407269872,0,2,saved_q_group_rows_insufficient_detector_rotation_anchors,-,-,0.13,54,1.885114064962337,1.9061285588527561,1.8956213119075467,428,428.0,pixel_count,28614.50346296406,28614.50346296406,11456.906247138977,66.85631650225248,66.85631650225248,26.76847254004434,28614.50346296406,28614.50346296406,11456.906247138977,66.85631650225248,,0,,,,False,66.85631650225248,26.76847254004434,35.31077194213867,38.00019073486328,36.66387103967777,67.22349840336446
PbI2,4.0,4.0,detector_qspace_per_pixel,detector_qr_band_per_qz_bin_fast,False,1,1.5806530407269872,1.5806530407269872,0,2,saved_q_group_rows_insufficient_detector_rotation_anchors,-,-,0.13,55,1.9061285588527561,1.927143052743175,1.9166358057979656,436,436.0,pixel_count,28416.870854346074,28416.870854346074,11199.762256622314,65.17630929895888,65.17630929895888,25.687528111519068,28416.870854346074,28416.870854346074,11199.762256622314,65.17630929895888,,0,,,,False,65.17630929895888,25.687528111519068,35.58727264404297,38.28382110595703,36.92845943115602,65.6747777313293
PbI2,4.0,4.0,detector_qspace_per_pixel,detector_qr_band_per_qz_bin_fast,False,1,1.5806530407269872,1.5806530407269872,0,2,saved_q_group_rows_insufficient_detector_rotation_anchors,-,-,0.13,56,1.927143052743175,1.9481575466335943,1.9376502996883846,442,442.0,pixel_count,28806.731963798535,28806.731963798535,10885.391248703003,65.17360172805098,65.17360172805098,24.62758201064028,28806.731963798535,28806.731963798535,10885.391248703003,65.17360172805098,,0,,,,False,65.17360172805098,24.62758201064028,35.83356475830078,38.50053787231445,37.183155491063594,64.58924124598366
PbI2,4.0,4.0,detector_qspace_per_pixel,detector_qr_band_per_qz_bin_fast,False,1,1.5806530407269872,1.5806530407269872,0,2,saved_q_group_rows_insufficient_detector_rotation_anchors,-,-,0.13,57,1.9481575466335943,1.9691720405240132,1.9586647935788037,450,450.0,pixel_count,28340.637826137354,28340.637826137354,10573.501224517822,62.97919516919412,62.97919516919412,23.496669387817384,28340.637826137354,28340.637826137354,10573.501224517822,62.97919516919412,,0,,,,False,62.97919516919412,23.496669387817384,36.1203727722168,38.7824592590332,37.45285905446133,63.43128322756827
PbI2,4.0,4.0,detector_qspace_per_pixel,detector_qr_band_per_qz_bin_fast,False,1,1.5806530407269872,1.5806530407269872,0,2,saved_q_group_rows_insufficient_detector_rotation_anchors,-,-,0.13,58,1.9691720405240132,1.9901865344144325,1.9796792874692228,450,450.0,pixel_count,28138.822825722862,28138.822825722862,10149.851821899414,62.53071739049525,62.53071739049525,22.555226270887587,28138.822825722862,28138.822825722862,10149.851821899414,62.53071739049525,,0,,,,False,62.53071739049525,22.555226270887587,36.36570739746094,39.034339904785156,37.71716520037637,62.352779808285725
PbI2,4.0,4.0,detector_qspace_per_pixel,detector_qr_band_per_qz_bin_fast,False,1,1.5806530407269872,1.5806530407269872,0,2,saved_q_group_rows_insufficient_detector_rotation_anchors,-,-,0.13,59,1.9901865344144325,2.011201028304851,2.000693781359642,462,462.0,pixel_count,28279.369315207758,28279.369315207758,9871.650804519653,61.21075609352329,61.21075609352329,21.367209533592323,28279.369315207758,28279.369315207758,9871.650804519653,61.21075609352329,,0,,,,False,61.21075609352329,21.367209533592323,36.678829193115234,39.314266204833984,37.997143759088864,61.39137384484003
PbI2,4.0,4.0,detector_qspace_per_pixel,detector_qr_band_per_qz_bin_fast,False,1,1.5806530407269872,1.5806530407269872,0,2,saved_q_group_rows_insufficient_detector_rotation_anchors,-,-,0.13,60,2.011201028304851,2.03221552219527,2.0217082752500604,467,467.0,pixel_count,28247.472532390333,28247.472532390333,9546.608769416809,60.48709321710992,60.48709321710992,20.442417065132354,28247.472532390333,28247.472532390333,9546.608769416809,60.48709321710992,,0,,,,False,60.48709321710992,20.442417065132354,36.963157653808594,39.56494903564453,38.25602243533053,60.55272545140012
PbI2,4.0,4.0,detector_qspace_per_pixel,detector_qr_band_per_qz_bin_fast,False,1,1.5806530407269872,1.5806530407269872,0,2,saved_q_group_rows_insufficient_detector_rotation_anchors,-,-,0.13,61,2.03221552219527,2.0532300160856893,2.0427227691404797,477,477.0,pixel_count,28622.888104126974,28622.888104126974,9248.263551712036,60.00605472563307,60.00605472563307,19.388393190171982,28622.888104126974,28622.888104126974,9248.263551712036,60.00605472563307,,0,,,,False,60.00605472563307,19.388393190171982,37.20622634887695,39.84269714355469,38.529328214168764,59.738964696454545
PbI2,4.0,4.0,detector_qspace_per_pixel,detector_qr_band_per_qz_bin_fast,False,1,1.5806530407269872,1.5806530407269872,0,2,saved_q_group_rows_insufficient_detector_rotation_anchors,-,-,0.13,62,2.0532300160856893,2.074244509976108,2.063737263030899,482,482.0,pixel_count,28220.0745668228,28220.0745668228,8905.466302871704,58.547872545275524,58.547872545275524,18.47607116778362,28220.0745668228,28220.0745668228,8905.466302871704,58.547872545275524,,0,,,,False,58.547872545275524,18.47607116778362,37.4890022277832,40.09198760986328,38.79192389119453,58.87613697085662
PbI2,4.0,4.0,detector_qspace_per_pixel,detector_qr_band_per_qz_bin_fast,False,1,1.5806530407269872,1.5806530407269872,0,2,saved_q_group_rows_insufficient_detector_rotation_anchors,-,-,0.13,63,2.074244509976108,2.0952590038665275,2.084751756921318,490,490.0,pixel_count,28535.182202941854,28535.182202941854,8551.43782377243,58.2350657202895,58.2350657202895,17.451913926066183,28535.182202941854,28535.182202941854,8551.43782377243,58.2350657202895,,0,,,,False,58.2350657202895,17.451913926066183,37.77085876464844,40.36738967895508,39.08057920166108,58.148742678441344
PbI2,4.0,4.0,detector_qspace_per_pixel,detector_qr_band_per_qz_bin_fast,False,1,1.5806530407269872,1.5806530407269872,0,2,saved_q_group_rows_insufficient_detector_rotation_anchors,-,-,0.13,64,2.0952590038665275,2.1162734977569464,2.1057662508117367,493,493.0,pixel_count,28331.98321025992,28331.98321025992,8171.085579872131,57.468525781460286,57.468525781460286,16.57421010116051,28331.98321025992,28331.98321025992,8171.085579872131,57.468525781460286,,0,,,,False,57.468525781460286,16.57421010116051,38.077056884765625,40.615108489990234,39.348891630114544,57.49384752103113
PbI2,4.0,4.0,detector_qspace_per_pixel,detector_qr_band_per_qz_bin_fast,False,1,1.5806530407269872,1.5806530407269872,0,2,saved_q_group_rows_insufficient_detector_rotation_anchors,-,-,0.13,65,2.1162734977569464,2.1372879916473657,2.126780744702156,504,504.0,pixel_count,28678.20027624565,28678.20027624565,7870.064612865448,56.90119102429693,56.90119102429693,15.615207565209221,28678.20027624565,28678.20027624565,7870.064612865448,56.90119102429693,,0,,,,False,56.90119102429693,15.615207565209221,38.356475830078125,40.92320251464844,39.633414410586646,56.777756181468106
PbI2,4.0,4.0,detector_qspace_per_pixel,detector_qr_band_per_qz_bin_fast,False,1,1.5806530407269872,1.5806530407269872,0,2,saved_q_group_rows_insufficient_detector_rotation_anchors,-,-,0.13,66,2.1372879916473657,2.1583024855377846,2.1477952385925754,513,513.0,pixel_count,28708.923246019673,28708.923246019673,7614.649414539337,55.96281334506759,55.96281334506759,14.843371178439254,28708.923246019673,28708.923246019673,7614.649414539337,55.96281334506759,,0,,,,False,55.96281334506759,14.843371178439254,38.63483810424805,41.1690788269043,39.90019800923902,55.99300183883723
PbI2,4.0,4.0,detector_qspace_per_pixel,detector_qr_band_per_qz_bin_fast,False,1,1.5806530407269872,1.5806530407269872,0,2,saved_q_group_rows_insufficient_detector_rotation_anchors,-,-,0.13,67,2.1583024855377846,2.179316979428204,2.1688097324829942,522,522.0,pixel_count,28676.719405179105,28676.719405179105,7310.290542602539,54.93624407122434,54.93624407122434,14.004388012648542,28676.719405179105,28676.719405179105,7310.290542602539,54.93624407122434,,0,,,,False,54.93624407122434,14.004388012648542,38.91209411621094,41.47410583496094,40.18187209231801,55.38608309588368
PbI2,4.0,4.0,detector_qspace_per_pixel,detector_qr_band_per_qz_bin_fast,False,1,1.5806530407269872,1.5806530407269872,0,2,saved_q_group_rows_insufficient_detector_rotation_anchors,-,-,0.13,68,2.179316979428204,2.2003314733186228,2.189824226373413,530,530.0,pixel_count,29319.773870306162,29319.773870306162,6998.601039409637,55.32032805718144,55.32032805718144,13.204907621527617,29319.773870306162,29319.773870306162,6998.601039409637,55.32032805718144,,0,,,,False,55.32032805718144,13.204907621527617,39.188201904296875,41.71797180175781,40.46421144686386,55.12245416926564
PbI2,4.0,4.0,detector_qspace_per_pixel,detector_qr_band_per_qz_bin_fast,False,1,1.5806530407269872,1.5806530407269872,0,2,saved_q_group_rows_insufficient_detector_rotation_anchors,-,-,0.13,69,2.2003314733186228,2.2213459672090416,2.2108387202638324,539,539.0,pixel_count,29509.93881691762,29509.93881691762,6747.984922885895,54.7494226658954,54.7494226658954,12.519452547098135,29509.93881691762,29509.93881691762,6747.984922885895,54.7494226658954,,0,,,,False,54.7494226658954,12.519452547098135,39.4631233215332,41.99568557739258,40.73708591926457,55.06906158302509
PbI2,4.0,4.0,detector_qspace_per_pixel,detector_qr_band_per_qz_bin_fast,False,1,1.5806530407269872,1.5806530407269872,0,2,saved_q_group_rows_insufficient_detector_rotation_anchors,-,-,0.13,70,2.2213459672090416,2.242360461099461,2.2318532141542513,549,549.0,pixel_count,30243.815185796666,30243.815185796666,6465.0238218307495,55.0889165497207,55.0889165497207,11.775999675465846,30243.815185796666,30243.815185796666,6465.0238218307495,55.0889165497207,,0,,,,False,55.0889165497207,11.775999675465846,39.77581787109375,42.29594421386719,41.02705241601172,55.38083928626487
PbI2,4.0,4.0,detector_qspace_per_pixel,detector_qr_band_per_qz_bin_fast,False,1,1.5806530407269872,1.5806530407269872,0,2,saved_q_group_rows_insufficient_detector_rotation_anchors,-,-,0.13,71,2.242360461099461,2.26337495498988,2.25286770804467,559,559.0,pixel_count,31366.742138908714,31366.742138908714,6224.944891452789,56.11223996226961,56.11223996226961,11.135858482026457,31366.742138908714,31366.742138908714,6224.944891452789,56.11223996226961,,0,,,,False,56.11223996226961,11.135858482026457,40.04806900024414,42.570953369140625,41.306371584073624,56.136140290578815
PbI2,4.0,4.0,detector_qspace_per_pixel,detector_qr_band_per_qz_bin_fast,False,1,1.5806530407269872,1.5806530407269872,0,2,saved_q_group_rows_insufficient_detector_rotation_anchors,-,-,0.13,72,2.26337495498988,2.2843894488802987,2.2738822019350895,565,565.0,pixel_count,32136.773693707506,32136.773693707506,5948.122976779938,56.879245475588505,56.879245475588505,10.527651286336173,32136.773693707506,32136.773693707506,5948.122976779938,56.879245475588505,,0,,,,False,56.879245475588505,10.527651286336173,40.35762405395508,42.84475326538086,41.587253166567216,57.117847828880386
PbI2,4.0,4.0,detector_qspace_per_pixel,detector_qr_band_per_qz_bin_fast,False,1,1.5806530407269872,1.5806530407269872,0,2,saved_q_group_rows_insufficient_detector_rotation_anchors,-,-,0.13,73,2.2843894488802987,2.305403942770718,2.2948966958255084,580,580.0,pixel_count,34254.92350215153,34254.92350215153,5738.120701313019,59.060212934744015,59.060212934744015,9.893311553987964,34254.92350215153,34254.92350215153,5738.120701313019,59.060212934744015,,0,,,,False,59.060212934744015,9.893311553987964,40.62705612182617,43.13971710205078,41.884004846017255,57.66236029164533
PbI2,4.0,4.0,detector_qspace_per_pixel,detector_qr_band_per_qz_bin_fast,False,1,1.5806530407269872,1.5806530407269872,0,2,saved_q_group_rows_insufficient_detector_rotation_anchors,-,-,0.13,74,2.305403942770718,2.326418436661137,2.3159111897159272,591,591.0,pixel_count,33700.88033319848,33700.88033319848,5524.755871295929,57.02348618138491,57.02348618138491,9.348148682395818,33700.88033319848,33700.88033319848,5524.755871295929,57.02348618138491,,0,,,,False,57.02348618138491,9.348148682395818,40.93330764770508,43.41057205200195,42.171322795013175,56.986460425087955
PbI2,4.0,4.0,detector_qspace_per_pixel,detector_qr_band_per_qz_bin_fast,False,1,1.5806530407269872,1.5806530407269872,0,2,saved_q_group_rows_insufficient_detector_rotation_anchors,-,-,0.13,75,2.326418436661137,2.3474329305515558,2.3369256836063466,602,602.0,pixel_count,33627.123417004485,33627.123417004485,5370.523753643036,55.85900899834632,55.85900899834632,8.921135803393748,33627.123417004485,33627.123417004485,5370.523753643036,55.85900899834632,,0,,,,False,55.85900899834632,8.921135803393748,41.217098236083984,43.68009567260742,42.44239129761694,55.36205679592375
PbI2,4.0,4.0,detector_qspace_per_pixel,detector_qr_band_per_qz_bin_fast,False,1,1.5806530407269872,1.5806530407269872,0,2,saved_q_group_rows_insufficient_detector_rotation_anchors,-,-,0.13,76,2.3474329305515558,2.368447424441975,2.3579401774967654,613,613.0,pixel_count,32610.452406405147,32610.452406405147,5170.727580070496,53.198127906044284,53.198127906044284,8.435118401420057,32610.452406405147,32610.452406405147,5170.727580070496,53.198127906044284,,0,,,,False,53.198127906044284,8.435118401420057,41.520084381103516,43.94825744628906,42.731194412970844,53.23756481665115
PbI2,4.0,4.0,detector_qspace_per_pixel,detector_qr_band_per_qz_bin_fast,False,1,1.5806530407269872,1.5806530407269872,0,2,saved_q_group_rows_insufficient_detector_rotation_anchors,-,-,0.13,77,2.368447424441975,2.389461918332394,2.3789546713871843,626,626.0,pixel_count,31672.10997681432,31672.10997681432,4970.627121925354,50.59442488308997,50.59442488308997,7.940298916813664,31672.10997681432,31672.10997681432,4970.627121925354,50.59442488308997,,0,,,,False,50.59442488308997,7.940298916813664,41.8211669921875,44.26906204223633,43.03497243417024,51.20474698093436
PbI2,4.0,4.0,detector_qspace_per_pixel,detector_qr_band_per_qz_bin_fast,False,1,1.5806530407269872,1.5806530407269872,0,2,saved_q_group_rows_insufficient_detector_rotation_anchors,-,-,0.13,78,2.389461918332394,2.410476412222813,2.3999691652776036,639,639.0,pixel_count,31797.056922458767,31797.056922458767,4807.9319949150085,49.76065246081184,49.76065246081184,7.524150226784051,31797.056922458767,31797.056922458767,4807.9319949150085,49.76065246081184,,0,,,,False,49.76065246081184,7.524150226784051,42.12031936645508,44.53383255004883,43.32750443492147,49.69382178900952
PbI2,4.0,4.0,detector_qspace_per_pixel,detector_qr_band_per_qz_bin_fast,False,1,1.5806530407269872,1.5806530407269872,0,2,saved_q_group_rows_insufficient_detector_rotation_anchors,-,-,0.13,79,2.410476412222813,2.431490906113232,2.4209836591680225,655,655.0,pixel_count,31745.637657786858,31745.637657786858,4691.506984710693,48.46662237830055,48.46662237830055,7.162606083527776,31745.637657786858,31745.637657786858,4691.506984710693,48.46662237830055,,0,,,,False,48.46662237830055,7.162606083527776,42.39849090576172,44.82994842529297,43.61371643984691,48.42825892240003
PbI2,4.0,4.0,detector_qspace_per_pixel,detector_qr_band_per_qz_bin_fast,False,1,1.5806530407269872,1.5806530407269872,0,2,saved_q_group_rows_insufficient_detector_rotation_anchors,-,-,0.13,80,2.431490906113232,2.452505400003651,2.4419981530584414,662,662.0,pixel_count,31042.27683726723,31042.27683726723,4498.330842494965,46.89165685387799,46.89165685387799,6.795061695611729,31042.27683726723,31042.27683726723,4498.330842494965,46.89165685387799,,0,,,,False,46.89165685387799,6.795061695611729,42.69407272338867,45.124176025390625,43.909072288551265,47.34903760620287
PbI2,4.0,4.0,detector_qspace_per_pixel,detector_qr_band_per_qz_bin_fast,False,1,1.5806530407269872,1.5806530407269872,0,2,saved_q_group_rows_insufficient_detector_rotation_anchors,-,-,0.13,81,2.452505400003651,2.47351989389407,2.4630126469488607,683,683.0,pixel_count,31879.325790613922,31879.325790613922,4431.166308403015,46.67544039621365,46.67544039621365,6.487798401761369,31879.325790613922,31879.325790613922,4431.166308403015,46.67544039621365,,0,,,,False,46.67544039621365,6.487798401761369,43.024192810058594,45.416473388671875,44.19661636718127,46.67109296621892
PbI2,4.0,4.0,detector_qspace_per_pixel,detector_qr_band_per_qz_bin_fast,False,1,1.5806530407269872,1.5806530407269872,0,2,saved_q_group_rows_insufficient_detector_rotation_anchors,-,-,0.13,82,2.47351989389407,2.494534387784489,2.4840271408392796,692,692.0,pixel_count,31951.61819259877,31951.61819259877,4258.713620185852,46.17285865982481,46.17285865982481,6.154210433794584,31951.61819259877,31951.61819259877,4258.713620185852,46.17285865982481,,0,,,,False,46.17285865982481,6.154210433794584,43.2976188659668,45.706809997558594,44.49978588524511,46.288678096388935
PbI2,4.0,4.0,detector_qspace_per_pixel,detector_qr_band_per_qz_bin_fast,False,1,1.5806530407269872,1.5806530407269872,0,2,saved_q_group_rows_insufficient_detector_rotation_anchors,-,-,0.13,83,2.494534387784489,2.515548881674908,2.5050416347296984,707,707.0,pixel_count,32402.741453452127,32402.741453452127,4158.161127090454,45.83131747305817,45.83131747305817,5.881416021344348,32402.741453452127,32402.741453452127,4158.161127090454,45.83131747305817,,0,,,,False,45.83131747305817,5.881416021344348,43.60580825805664,45.995155334472656,44.792687300953034,46.2446801706885
PbI2,4.0,4.0,detector_qspace_per_pixel,detector_qr_band_per_qz_bin_fast,False,1,1.5806530407269872,1.5806530407269872,0,2,saved_q_group_rows_insufficient_detector_rotation_anchors,-,-,0.13,84,2.515548881674908,2.536563375565327,2.5260561286201177,724,724.0,pixel_count,33710.53620180135,33710.53620180135,4063.4987983703613,46.56151409088584,46.56151409088584,5.612567401064035,33710.53620180135,33710.53620180135,4063.4987983703613,46.56151409088584,,0,,,,False,46.56151409088584,5.612567401064035,43.893367767333984,46.28147888183594,45.090910259131185,46.68983080820012
PbI2,4.0,4.0,detector_qspace_per_pixel,detector_qr_band_per_qz_bin_fast,False,1,1.5806530407269872,1.5806530407269872,0,2,saved_q_group_rows_insufficient_detector_rotation_anchors,-,-,0.13,85,2.536563375565327,2.5575778694557463,2.5470706225105366,743,743.0,pixel_count,35341.60767484214,35341.60767484214,3988.912001848221,47.56609377502307,47.56609377502307,5.368656799257363,35341.60767484214,35341.60767484214,3988.912001848221,47.56609377502307,,0,,,,False,47.56609377502307,5.368656799257363,44.19767761230469,46.59721374511719,45.38922047172436,47.338811941074184
PbI2,4.0,4.0,detector_qspace_per_pixel,detector_qr_band_per_qz_bin_fast,False,1,1.5806530407269872,1.5806530407269872,0,2,saved_q_group_rows_insufficient_detector_rotation_anchors,-,-,0.13,86,2.5575778694557463,2.578592363346165,2.5680851164009555,762,762.0,pixel_count,36545.250260085144,36545.250260085144,3914.9551355838776,47.95964601061043,47.95964601061043,5.137736398404039,36545.250260085144,36545.250260085144,3914.9551355838776,47.95964601061043,,0,,,,False,47.95964601061043,5.137736398404039,44.500064849853516,46.879188537597656,45.691367051309136,47.650213008800094
PbI2,4.0,4.0,detector_qspace_per_pixel,detector_qr_band_per_qz_bin_fast,False,1,1.5806530407269872,1.5806530407269872,0,2,saved_q_group_rows_insufficient_detector_rotation_anchors,-,-,0.13,87,2.578592363346165,2.599606857236584,2.589099610291375,780,780.0,pixel_count,37559.00970342359,37559.00970342359,3843.026356458664,48.15257654285075,48.15257654285075,4.926956867254697,37559.00970342359,37559.00970342359,3843.026356458664,48.15257654285075,,0,,,,False,48.15257654285075,4.926956867254697,44.81637954711914,47.173126220703125,45.99191464981488,46.9754832716031
PbI2,4.0,4.0,detector_qspace_per_pixel,detector_qr_band_per_qz_bin_fast,False,1,1.5806530407269872,1.5806530407269872,0,2,saved_q_group_rows_insufficient_detector_rotation_anchors,-,-,0.13,88,2.599606857236584,2.6206213511270033,2.6101141041817937,793,793.0,pixel_count,35860.37599888431,35860.37599888431,3763.6865451335907,45.221155105780966,45.221155105780966,4.746136879109194,35860.37599888431,35860.37599888431,3763.6865451335907,45.221155105780966,,0,,,,False,45.221155105780966,4.746136879109194,45.11442565917969,47.45100021362305,46.285552239513585,44.838988830274864
PbI2,4.0,4.0,detector_qspace_per_pixel,detector_qr_band_per_qz_bin_fast,False,1,1.5806530407269872,1.5806530407269872,0,2,saved_q_group_rows_insufficient_detector_rotation_anchors,-,-,0.13,89,2.6206213511270033,2.641635845017422,2.6311285980722126,814,814.0,pixel_count,34177.070441483105,34177.070441483105,3705.9492514133453,41.986573023935016,41.986573023935016,4.552763208124503,34177.070441483105,34177.070441483105,3705.9492514133453,41.986573023935016,,0,,,,False,41.986573023935016,4.552763208124503,45.44488525390625,47.75724411010742,46.59607016002149,41.59085430956337
PbI2,4.0,4.0,detector_qspace_per_pixel,detector_qr_band_per_qz_bin_fast,False,1,1.5806530407269872,1.5806530407269872,0,2,saved_q_group_rows_insufficient_detector_rotation_anchors,-,-,0.13,90,2.641635845017422,2.662650338907841,2.652143091962632,837,837.0,pixel_count,31361.7959723409,31361.7959723409,3675.346994638443,37.469290289535124,37.469290289535124,4.391095573044735,31361.7959723409,31361.7959723409,3675.346994638443,37.469290289535124,,0,,,,False,37.469290289535124,4.391095573044735,45.73856735229492,48.06083679199219,46.89788438866974,37.97190002790498
PbI2,4.0,4.0,detector_qspace_per_pixel,detector_qr_band_per_qz_bin_fast,False,1,1.5806530407269872,1.5806530407269872,0,2,saved_q_group_rows_insufficient_detector_rotation_anchors,-,-,0.13,91,2.662650338907841,2.6836648327982604,2.6731575858530507,857,857.0,pixel_count,29701.24717766976,29701.24717766976,3637.633833885193,34.65723124582236,34.65723124582236,4.24461357512858,29701.24717766976,29701.24717766976,3637.633833885193,34.65723124582236,,0,,,,False,34.65723124582236,4.24461357512858,46.06402587890625,48.37626266479492,47.197685257212036,34.64106349914627
PbI2,4.0,4.0,detector_qspace_per_pixel,detector_qr_band_per_qz_bin_fast,False,1,1.5806530407269872,1.5806530407269872,0,2,saved_q_group_rows_insufficient_detector_rotation_anchors,-,-,0.13,92,2.6836648327982604,2.7046793266886793,2.6941720797434696,884,884.0,pixel_count,27515.654750551013,27515.654750551013,3620.343380689621,31.12630627890386,31.12630627890386,4.09541106412853,27515.654750551013,27515.654750551013,3620.343380689621,31.12630627890386,,0,,,,False,31.12630627890386,4.09541106412853,46.339195251464844,48.67457580566406,47.51077719510266,31.904058565904887
PbI2,4.0,4.0,detector_qspace_per_pixel,detector_qr_band_per_qz_bin_fast,False,1,1.5806530407269872,1.5806530407269872,0,2,saved_q_group_rows_insufficient_detector_rotation_anchors,-,-,0.13,93,2.7046793266886793,2.725693820579098,2.715186573633889,902,902.0,pixel_count,26958.81654871158,26958.81654871158,3586.585286617279,29.887823224735676,29.887823224735676,3.9762586326133915,26958.81654871158,26958.81654871158,3586.585286617279,29.887823224735676,,0,,,,False,29.887823224735676,3.9762586326133915,46.65989303588867,48.984886169433594,47.81018978049532,29.937896330238985
PbI2,4.0,4.0,detector_qspace_per_pixel,detector_qr_band_per_qz_bin_fast,False,1,1.5806530407269872,1.5806530407269872,0,2,saved_q_group_rows_insufficient_detector_rotation_anchors,-,-,0.13,94,2.725693820579098,2.7467083144695175,2.736201067524308,927,927.0,pixel_count,26259.044614510494,26259.044614510494,3574.2658660411835,28.326908969266984,28.326908969266984,3.8557344833238227,26259.044614510494,26259.044614510494,3574.2658660411835,28.326908969266984,,0,,,,False,28.326908969266984,3.8557344833238227,46.97782897949219,49.26347732543945,48.11931634137456,28.477879991085985
PbI2,4.0,4.0,detector_qspace_per_pixel,detector_qr_band_per_qz_bin_fast,False,1,1.5806530407269872,1.5806530407269872,0,2,saved_q_group_rows_insufficient_detector_rotation_anchors,-,-,0.13,95,2.7467083144695175,2.7677228083599363,2.7572155614147267,957,957.0,pixel_count,25978.552081143316,25978.552081143316,3583.7307736873627,27.145822446335753,27.145822446335753,3.744755249412082,25978.552081143316,25978.552081143316,3583.7307736873627,27.145822446335753,,0,,,,False,27.145822446335753,3.744755249412082,47.28004455566406,49.58293914794922,48.43193019728525,27.330413336101678
PbI2,4.0,4.0,detector_qspace_per_pixel,detector_qr_band_per_qz_bin_fast,False,1,1.5806530407269872,1.5806530407269872,0,2,saved_q_group_rows_insufficient_detector_rotation_anchors,-,-,0.13,96,2.7677228083599363,2.788737302250355,2.778230055305146,979,979.0,pixel_count,25703.08820304204,25703.08820304204,3579.338125228882,26.25443125949136,26.25443125949136,3.656116573267499,25703.08820304204,25703.08820304204,3579.338125228882,26.25443125949136,,0,,,,False,26.25443125949136,3.656116573267499,47.61255645751953,49.885433197021484,48.73499345316247,26.598772578200904
PbI2,4.0,4.0,detector_qspace_per_pixel,detector_qr_band_per_qz_bin_fast,False,1,1.5806530407269872,1.5806530407269872,0,2,saved_q_group_rows_insufficient_detector_rotation_anchors,+,+,0.13,1,0.4665354490280151,0.4908341703315575,0.4786848096797863,290,290.0,pixel_count,21975.137692523218,21975.137692523218,5110.079434871674,75.77633687076971,75.77633687076971,17.620963568523013,21975.137692523218,21975.137692523218,5110.079434871674,75.77633687076971,,0,,,,False,75.77633687076971,17.620963568523013,21.771400451660156,25.428096771240234,23.592643382136764,75.56440503983148
PbI2,4.0,4.0,detector_qspace_per_pixel,detector_qr_band_per_qz_bin_fast,False,1,1.5806530407269872,1.5806530407269872,0,2,saved_q_group_rows_insufficient_detector_rotation_anchors,+,+,0.13,2,0.4908341703315575,0.5151328916351,0.5029835309833288,294,294.0,pixel_count,22150.159493374973,22150.159493374973,4591.822652339935,75.34067854889446,75.34067854889446,15.618444395714066,22150.159493374973,22150.159493374973,4591.822652339935,75.34067854889446,,0,,,,False,75.34067854889446,15.618444395714066,21.873220443725586,25.51340103149414,23.721104365297954,75.05831947121123
PbI2,4.0,4.0,detector_qspace_per_pixel,detector_qr_band_per_qz_bin_fast,False,1,1.5806530407269872,1.5806530407269872,0,2,saved_q_group_rows_insufficient_detector_rotation_anchors,+,+,0.13,3,0.5151328916351,0.5394316129386425,0.5272822522868712,291,291.0,pixel_count,21520.79607953368,21520.79607953368,4313.694207191467,73.95462570286487,73.95462570286487,14.823691433647653,21520.79607953368,21520.79607953368,4313.694207191467,73.95462570286487,,0,,,,False,73.95462570286487,14.823691433647653,22.041763305664062,25.602582931518555,23.83746038583336,74.42997068334219
PbI2,4.0,4.0,detector_qspace_per_pixel,detector_qr_band_per_qz_bin_fast,False,1,1.5806530407269872,1.5806530407269872,0,2,saved_q_group_rows_insufficient_detector_rotation_anchors,+,+,0.13,4,0.5394316129386425,0.5637303342421849,0.5515809735904137,297,297.0,pixel_count,21971.34933145686,21971.34933145686,4521.779891967773,73.97760717662241,73.97760717662241,15.224848121103614,21971.34933145686,21971.34933145686,4521.779891967773,73.97760717662241,,0,,,,False,73.97760717662241,15.224848121103614,22.152565002441406,25.77359390258789,23.968344464633873,74.21274815633953
PbI2,4.0,4.0,detector_qspace_per_pixel,detector_qr_band_per_qz_bin_fast,False,1,1.5806530407269872,1.5806530407269872,0,2,saved_q_group_rows_insufficient_detector_rotation_anchors,+,+,0.13,5,0.5637303342421849,0.5880290555457274,0.5758796948939562,299,299.0,pixel_count,22239.3441702153,22239.3441702153,5023.841956615448,74.37907749235886,74.37907749235886,16.8021470120918,22239.3441702153,22239.3441702153,5023.841956615448,74.37907749235886,,0,,,,False,74.37907749235886,16.8021470120918,22.267911911010742,25.870718002319336,24.118381039587142,74.48274975187739
PbI2,4.0,4.0,detector_qspace_per_pixel,detector_qr_band_per_qz_bin_fast,False,1,1.5806530407269872,1.5806530407269872,0,2,saved_q_group_rows_insufficient_detector_rotation_anchors,+,+,0.13,6,0.5880290555457274,0.6123277768492698,0.6001784161974986,300,300.0,pixel_count,22498.94567592717,22498.94567592717,5834.352725028992,74.9964855864239,74.9964855864239,19.447842416763304,22498.94567592717,22498.94567592717,5834.352725028992,74.9964855864239,,0,,,,False,74.9964855864239,19.447842416763304,22.448274612426758,26.02971076965332,24.256526101948772,75.04853604520213
PbI2,4.0,4.0,detector_qspace_per_pixel,detector_qr_band_per_qz_bin_fast,False,1,1.5806530407269872,1.5806530407269872,0,2,saved_q_group_rows_insufficient_detector_rotation_anchors,+,+,0.13,7,0.6123277768492698,0.6366264981528124,0.6244771375010411,303,303.0,pixel_count,22841.33674117517,22841.33674117517,6991.758765220642,75.38394964084215,75.38394964084215,23.075111436371756,22841.33674117517,22841.33674117517,6991.758765220642,75.38394964084215,,0,,,,False,75.38394964084215,23.075111436371756,22.571918487548828,26.133695602416992,24.37387536812898,76.00924472363833
PbI2,4.0,4.0,detector_qspace_per_pixel,detector_qr_band_per_qz_bin_fast,False,1,1.5806530407269872,1.5806530407269872,0,2,saved_q_group_rows_insufficient_detector_rotation_anchors,+,+,0.13,8,0.6366264981528124,0.6609252194563547,0.6487758588045835,301,301.0,pixel_count,23410.19494262717,23410.19494262717,8301.10371685028,77.7747340286617,77.7747340286617,27.578417663954422,23410.19494262717,23410.19494262717,8301.10371685028,77.7747340286617,,0,,,,False,77.7747340286617,27.578417663954422,22.69977569580078,26.298606872558594,24.526363494471557,77.38224975484906
PbI2,4.0,4.0,detector_qspace_per_pixel,detector_qr_band_per_qz_bin_fast,False,1,1.5806530407269872,1.5806530407269872,0,2,saved_q_group_rows_insufficient_detector_rotation_anchors,+,+,0.13,9,0.6609252194563547,0.6852239407598971,0.6730745801081259,304,304.0,pixel_count,23942.75192365762,23942.75192365762,10029.734928131104,78.7590523804527,78.7590523804527,32.99254910569442,23942.75192365762,23942.75192365762,10029.734928131104,78.7590523804527,,0,,,,False,78.7590523804527,32.99254910569442,22.89083480834961,26.4316349029541,24.669242984034337,78.73552533843889
PbI2,4.0,4.0,detector_qspace_per_pixel,detector_qr_band_per_qz_bin_fast,False,1,1.5806530407269872,1.5806530407269872,0,2,saved_q_group_rows_insufficient_detector_rotation_anchors,+,+,0.13,10,0.6852239407598971,0.7095226620634397,0.6973733014116684,310,310.0,pixel_count,24629.736638302205,24629.736638302205,12018.730863571167,79.45076334936195,79.45076334936195,38.77009955990699,24629.736638302205,24629.736638302205,12018.730863571167,79.45076334936195,,0,,,,False,79.45076334936195,38.77009955990699,23.02629280090332,26.602693557739258,24.838038440416774,80.37608047167285
PbI2,4.0,4.0,detector_qspace_per_pixel,detector_qr_band_per_qz_bin_fast,False,1,1.5806530407269872,1.5806530407269872,0,2,saved_q_group_rows_insufficient_detector_rotation_anchors,+,+,0.13,11,0.7095226620634397,0.7338213833669821,0.7216720227152109,308,308.0,pixel_count,25468.56000173014,25468.56000173014,14252.046730041504,82.6901298757472,82.6901298757472,46.27287899364125,25468.56000173014,25468.56000173014,14252.046730041504,82.6901298757472,,0,,,,False,82.6901298757472,46.27287899364125,23.22368812561035,26.720067977905273,24.989566158290238,83.05552221384735
PbI2,4.0,4.0,detector_qspace_per_pixel,detector_qr_band_per_qz_bin_fast,False,1,1.5806530407269872,1.5806530407269872,0,2,saved_q_group_rows_insufficient_detector_rotation_anchors,+,+,0.13,12,0.7338213833669821,0.7581201046705245,0.7459707440187533,307,307.0,pixel_count,26453.62356607098,26453.62356607098,16760.376812934875,86.16815493834196,86.16815493834196,54.59406127991816,26453.62356607098,26453.62356607098,16760.376812934875,86.16815493834196,,0,,,,False,86.16815493834196,54.59406127991816,23.395231246948242,26.89630126953125,25.148134935496905,86.9820916440367
PbI2,4.0,4.0,detector_qspace_per_pixel,detector_qr_band_per_qz_bin_fast,False,1,1.5806530407269872,1.5806530407269872,0,2,saved_q_group_rows_insufficient_detector_rotation_anchors,+,+,0.13,13,0.7581201046705245,0.7824188259740671,0.7702694653222958,311,311.0,pixel_count,28405.351170647707,28405.351170647707,19665.88367843628,91.33553431076433,91.33553431076433,63.234352663782246,28405.351170647707,28405.351170647707,19665.88367843628,91.33553431076433,,0,,,,False,91.33553431076433,63.234352663782246,23.542186737060547,27.044536590576172,25.338067785424673,92.56849973900742
PbI2,4.0,4.0,detector_qspace_per_pixel,detector_qr_band_per_qz_bin_fast,False,1,1.5806530407269872,1.5806530407269872,0,2,saved_q_group_rows_insufficient_detector_rotation_anchors,+,+,0.13,14,0.7824188259740671,0.8067175472776095,0.7945681866258383,313,313.0,pixel_count,30987.27822131675,30987.27822131675,22905.50722885132,99.000888885996,99.000888885996,73.18053427748025,30987.27822131675,30987.27822131675,22905.50722885132,99.000888885996,,0,,,,False,99.000888885996,73.18053427748025,23.7490234375,27.226106643676758,25.49848658094119,100.70245189829924
PbI2,4.0,4.0,detector_qspace_per_pixel,detector_qr_band_per_qz_bin_fast,False,1,1.5806530407269872,1.5806530407269872,0,2,saved_q_group_rows_insufficient_detector_rotation_anchors,+,+,0.13,15,0.8067175472776095,0.8310162685811519,0.8188669079293807,316,316.0,pixel_count,34599.86765454371,34599.86765454371,26712.372005462646,109.49325207134086,109.49325207134086,84.53282280209699,34599.86765454371,34599.86765454371,26712.372005462646,109.49325207134086,,0,,,,False,109.49325207134086,84.53282280209699,23.902372360229492,27.38164520263672,25.6535692774296,112.71494127141388
PbI2,4.0,4.0,detector_qspace_per_pixel,detector_qr_band_per_qz_bin_fast,False,1,1.5806530407269872,1.5806530407269872,0,2,saved_q_group_rows_insufficient_detector_rotation_anchors,+,+,0.13,16,0.8310162685811519,0.8553149898846945,0.8431656292329232,319,319.0,pixel_count,40770.98416030711,40770.98416030711,30592.636196136475,127.8087277752574,127.8087277752574,95.90168086563158,40770.98416030711,40770.98416030711,30592.636196136475,127.8087277752574,,0,,,,False,127.8087277752574,95.90168086563158,24.114295959472656,27.56813621520996,25.86240415830461,129.61925481089588
PbI2,4.0,4.0,detector_qspace_per_pixel,detector_qr_band_per_qz_bin_fast,False,1,1.5806530407269872,1.5806530407269872,0,2,saved_q_group_rows_insufficient_detector_rotation_anchors,+,+,0.13,17,0.8553149898846945,0.8796137111882368,0.8674643505364656,317,317.0,pixel_count,47089.92634632184,47089.92634632184,35204.20475578308,148.54866355306572,148.54866355306572,111.05427367754915,47089.92634632184,47089.92634632184,35204.20475578308,148.54866355306572,,0,,,,False,148.54866355306572,111.05427367754915,24.305818557739258,27.70318031311035,26.029304056807216,151.0154438578026
PbI2,4.0,4.0,detector_qspace_per_pixel,detector_qr_band_per_qz_bin_fast,False,1,1.5806530407269872,1.5806530407269872,0,2,saved_q_group_rows_insufficient_detector_rotation_anchors,+,+,0.13,18,0.8796137111882368,0.9039124324917792,0.891763071840008,323,323.0,pixel_count,56856.29734665948,56856.29734665948,40378.9218711853,176.0256883797507,176.0256883797507,125.01214201605357,56856.29734665948,56856.29734665948,40378.9218711853,176.0256883797507,,0,,,,False,176.0256883797507,125.01214201605357,24.522863388061523,27.921518325805664,26.234900789504536,174.28119505384427
PbI2,4.0,4.0,detector_qspace_per_pixel,detector_qr_band_per_qz_bin_fast,False,1,1.5806530407269872,1.5806530407269872,0,2,saved_q_group_rows_insufficient_detector_rotation_anchors,+,+,0.13,19,0.9039124324917792,0.9282111537953217,0.9160617931435504,324,324.0,pixel_count,65804.37765210777,65804.37765210777,44743.01035499573,203.09993102502398,203.09993102502398,138.09571097220905,65804.37765210777,65804.37765210777,44743.01035499573,203.09993102502398,,0,,,,False,203.09993102502398,138.09571097220905,24.6882381439209,28.061893463134766,26.387891311266298,191.02919004754233
PbI2,4.0,4.0,detector_qspace_per_pixel,detector_qr_band_per_qz_bin_fast,False,1,1.5806530407269872,1.5806530407269872,0,2,saved_q_group_rows_insufficient_detector_rotation_anchors,+,+,0.13,20,0.9282111537953217,0.9525098750988643,0.940360514447093,326,326.0,pixel_count,64790.51311455684,64790.51311455684,47222.65898895264,198.7439052593768,198.7439052593768,144.85478217470134,64790.51311455684,64790.51311455684,47222.65898895264,198.7439052593768,,0,,,,False,198.7439052593768,144.85478217470134,24.94329261779785,28.285400390625,26.635947669524707,193.16214166248204
PbI2,4.0,4.0,detector_qspace_per_pixel,detector_qr_band_per_qz_bin_fast,False,1,1.5806530407269872,1.5806530407269872,0,2,saved_q_group_rows_insufficient_detector_rotation_anchors,+,+,0.13,21,0.9525098750988643,0.9768085964024066,0.9646592357506354,327,327.0,pixel_count,60171.18325047758,60171.18325047758,45034.56748390198,184.00973471094062,184.00973471094062,137.72038985902745,60171.18325047758,60171.18325047758,45034.56748390198,184.00973471094062,,0,,,,False,184.00973471094062,137.72038985902745,25.114238739013672,28.51127815246582,26.793590735375126,184.34872288013133
PbI2,4.0,4.0,detector_qspace_per_pixel,detector_qr_band_per_qz_bin_fast,False,1,1.5806530407269872,1.5806530407269872,0,2,saved_q_group_rows_insufficient_detector_rotation_anchors,+,+,0.13,22,0.9768085964024066,1.001107317705949,0.9889579570541778,331,331.0,pixel_count,56931.46132996297,56931.46132996297,41681.25799369812,171.99837259807543,171.99837259807543,125.9252507362481,56931.46132996297,56931.46132996297,41681.25799369812,171.99837259807543,,0,,,,False,171.99837259807543,125.9252507362481,25.287805557250977,28.658945083618164,27.02095788669945,173.13155424026664
PbI2,4.0,4.0,detector_qspace_per_pixel,detector_qr_band_per_qz_bin_fast,False,1,1.5806530407269872,1.5806530407269872,0,2,saved_q_group_rows_insufficient_detector_rotation_anchors,+,+,0.13,23,1.001107317705949,1.0254060390094917,1.0132566783577204,334,334.0,pixel_count,54152.99453019271,54152.99453019271,38051.52886199951,162.1347141622536,162.1347141622536,113.92673311975902,54152.99453019271,54152.99453019271,38051.52886199951,162.1347141622536,,0,,,,False,162.1347141622536,113.92673311975902,25.550487518310547,28.8892879486084,27.214501317537845,163.69137404701712
PbI2,4.0,4.0,detector_qspace_per_pixel,detector_qr_band_per_qz_bin_fast,False,1,1.5806530407269872,1.5806530407269872,0,2,saved_q_group_rows_insufficient_detector_rotation_anchors,+,+,0.13,24,1.0254060390094917,1.049704760313034,1.037555399661263,335,335.0,pixel_count,52194.117824111054,52194.117824111054,34514.88826751709,155.8033367883912,155.8033367883912,103.02951721646893,52194.117824111054,52194.117824111054,34514.88826751709,155.8033367883912,,0,,,,False,155.8033367883912,103.02951721646893,25.728912353515625,29.04134178161621,27.41943438624578,156.76999975518453
PbI2,4.0,4.0,detector_qspace_per_pixel,detector_qr_band_per_qz_bin_fast,False,1,1.5806530407269872,1.5806530407269872,0,2,saved_q_group_rows_insufficient_detector_rotation_anchors,+,+,0.13,25,1.049704760313034,1.0740034816165764,1.0618541209648051,340,340.0,pixel_count,51483.81275313109,51483.81275313109,31662.728895187378,151.42297868567968,151.42297868567968,93.12567322113935,51483.81275313109,51483.81275313109,31662.728895187378,151.42297868567968,,0,,,,False,151.42297868567968,93.12567322113935,25.995929718017578,29.27571678161621,27.64707799264857,151.81905467209384
PbI2,4.0,4.0,detector_qspace_per_pixel,detector_qr_band_per_qz_bin_fast,False,1,1.5806530407269872,1.5806530407269872,0,2,saved_q_group_rows_insufficient_detector_rotation_anchors,+,+,0.13,26,1.0740034816165764,1.098302202920119,1.0861528422683477,340,340.0,pixel_count,50034.68190187006,50034.68190187006,28875.02196788788,147.16082912314724,147.16082912314724,84.92653519967023,50034.68190187006,50034.68190187006,28875.02196788788,147.16082912314724,,0,,,,False,147.16082912314724,84.92653519967023,26.178747177124023,29.511857986450195,27.8611732972409,148.44683633155944
PbI2,4.0,4.0,detector_qspace_per_pixel,detector_qr_band_per_qz_bin_fast,False,1,1.5806530407269872,1.5806530407269872,0,2,saved_q_group_rows_insufficient_detector_rotation_anchors,+,+,0.13,27,1.098302202920119,1.1226009242236612,1.1104515635718901,344,344.0,pixel_count,50282.139485564214,50282.139485564214,26617.12060070038,146.1690101324541,146.1690101324541,77.37535058343133,50282.139485564214,50282.139485564214,26617.12060070038,146.1690101324541,,0,,,,False,146.1690101324541,77.37535058343133,26.449562072753906,29.70160675048828,28.07113642455448,146.83554835427452
PbI2,4.0,4.0,detector_qspace_per_pixel,detector_qr_band_per_qz_bin_fast,False,1,1.5806530407269872,1.5806530407269872,0,2,saved_q_group_rows_insufficient_detector_rotation_anchors,+,+,0.13,28,1.1226009242236612,1.1468996455272038,1.1347502848754325,347,347.0,pixel_count,50814.6595535426,50814.6595535426,24549.02375602722,146.43994107649164,146.43994107649164,70.74646615569804,50814.6595535426,50814.6595535426,24549.02375602722,146.43994107649164,,0,,,,False,146.43994107649164,70.74646615569804,26.636329650878906,29.909332275390625,28.30605484499572,146.6297010254612
PbI2,4.0,4.0,detector_qspace_per_pixel,detector_qr_band_per_qz_bin_fast,False,1,1.5806530407269872,1.5806530407269872,0,2,saved_q_group_rows_insufficient_detector_rotation_anchors,+,+,0.13,29,1.1468996455272038,1.1711983668307464,1.159049006178975,349,349.0,pixel_count,51119.31959420825,51119.31959420825,22739.263081550598,146.47369511234456,146.47369511234456,65.1554816090275,51119.31959420825,51119.31959420825,22739.263081550598,146.47369511234456,,0,,,,False,146.47369511234456,65.1554816090275,26.910432815551758,30.103281021118164,28.522973348470664,147.3100245500707
PbI2,4.0,4.0,detector_qspace_per_pixel,detector_qr_band_per_qz_bin_fast,False,1,1.5806530407269872,1.5806530407269872,0,2,saved_q_group_rows_insufficient_detector_rotation_anchors,+,+,0.13,30,1.1711983668307464,1.1954970881342886,1.1833477274825175,355,355.0,pixel_count,53150.58676964217,53150.58676964217,21306.13228034973,149.7199627313864,149.7199627313864,60.01727402915417,53150.58676964217,53150.58676964217,21306.13228034973,149.7199627313864,,0,,,,False,149.7199627313864,60.01727402915417,27.138996124267578,30.346126556396484,28.76023631334942,147.78059410525677
PbI2,4.0,4.0,detector_qspace_per_pixel,detector_qr_band_per_qz_bin_fast,False,1,1.5806530407269872,1.5806530407269872,0,2,saved_q_group_rows_insufficient_detector_rotation_anchors,+,+,0.13,31,1.1954970881342886,1.2197958094378312,1.2076464487860599,355,355.0,pixel_count,52682.571444608366,52682.571444608366,19982.2316198349,148.40160970312215,148.40160970312215,56.287976393901126,52682.571444608366,52682.571444608366,19982.2316198349,148.40160970312215,,0,,,,False,148.40160970312215,56.287976393901126,27.377639770507812,30.590181350708008,29.00039945253178,145.2425539995083
PbI2,4.0,4.0,detector_qspace_per_pixel,detector_qr_band_per_qz_bin_fast,False,1,1.5806530407269872,1.5806530407269872,0,2,saved_q_group_rows_insufficient_detector_rotation_anchors,+,+,0.13,32,1.2197958094378312,1.2440945307413738,1.2319451700896025,358,358.0,pixel_count,50032.09348865014,50032.09348865014,19182.605542182922,139.75445108561493,139.75445108561493,53.582697045203695,50032.09348865014,50032.09348865014,19182.605542182922,139.75445108561493,,0,,,,False,139.75445108561493,53.582697045203695,27.609935760498047,30.789981842041016,29.22124618723013,138.21796850866428
PbI2,4.0,4.0,detector_qspace_per_pixel,detector_qr_band_per_qz_bin_fast,False,1,1.5806530407269872,1.5806530407269872,0,2,saved_q_group_rows_insufficient_detector_rotation_anchors,+,+,0.13,33,1.2440945307413738,1.268393252044916,1.2562438913931449,364,364.0,pixel_count,46310.06618660394,46310.06618660394,18651.076203346252,127.22545655660423,127.22545655660423,51.23922033886333,46310.06618660394,46310.06618660394,18651.076203346252,127.22545655660423,,0,,,,False,127.22545655660423,51.23922033886333,27.889455795288086,31.036693572998047,29.471603608367186,129.10502387710807
PbI2,4.0,4.0,detector_qspace_per_pixel,detector_qr_band_per_qz_bin_fast,False,1,1.5806530407269872,1.5806530407269872,0,2,saved_q_group_rows_insufficient_detector_rotation_anchors,+,+,0.13,34,1.268393252044916,1.2926919733484585,1.2805426126966872,367,367.0,pixel_count,44123.11197629866,44123.11197629866,18267.659286499023,120.22646315067753,120.22646315067753,49.775638382831126,44123.11197629866,44123.11197629866,18267.659286499023,120.22646315067753,,0,,,,False,120.22646315067753,49.775638382831126,28.1253662109375,31.2843074798584,29.711011120175755,121.50824329846147
PbI2,4.0,4.0,detector_qspace_per_pixel,detector_qr_band_per_qz_bin_fast,False,1,1.5806530407269872,1.5806530407269872,0,2,saved_q_group_rows_insufficient_detector_rotation_anchors,+,+,0.13,35,1.2926919733484585,1.3169906946520011,1.3048413340002298,369,369.0,pixel_count,42577.790502927935,42577.790502927935,18146.817902565002,115.38696613259603,115.38696613259603,49.17836829963415,42577.790502927935,42577.790502927935,18146.817902565002,115.38696613259603,,0,,,,False,115.38696613259603,49.17836829963415,28.406991958618164,31.48900032043457,29.952694731193475,116.57166511511525
PbI2,4.0,4.0,detector_qspace_per_pixel,detector_qr_band_per_qz_bin_fast,False,1,1.5806530407269872,1.5806530407269872,0,2,saved_q_group_rows_insufficient_detector_rotation_anchors,+,+,0.13,36,1.3169906946520011,1.3412894159555433,1.3291400553037722,375,375.0,pixel_count,42375.41852623179,42375.41852623179,18277.116362571716,113.00111606995145,113.00111606995145,48.73897696685791,42375.41852623179,42375.41852623179,18277.116362571716,113.00111606995145,,0,,,,False,113.00111606995145,48.73897696685791,28.64600944519043,31.73866844177246,30.20259147008036,113.78742597073054
PbI2,4.0,4.0,detector_qspace_per_pixel,detector_qr_band_per_qz_bin_fast,False,1,1.5806530407269872,1.5806530407269872,0,2,saved_q_group_rows_insufficient_detector_rotation_anchors,+,+,0.13,37,1.3412894159555433,1.365588137259086,1.3534387766073146,376,376.0,pixel_count,42458.737287448144,42458.737287448144,18311.053093910217,112.92217363683017,112.92217363683017,48.699609292314406,42458.737287448144,42458.737287448144,18311.053093910217,112.92217363683017,,0,,,,False,112.92217363683017,48.699609292314406,28.92927360534668,32.02363204956055,30.45463868267888,111.7647622638168
PbI2,4.0,4.0,detector_qspace_per_pixel,detector_qr_band_per_qz_bin_fast,False,1,1.5806530407269872,1.5806530407269872,0,2,saved_q_group_rows_insufficient_detector_rotation_anchors,+,+,0.13,38,1.365588137259086,1.3898868585626285,1.3777374979108572,380,380.0,pixel_count,41615.339401900455,41615.339401900455,18475.201406478882,109.51405105763278,109.51405105763278,48.618951069681266,41615.339401900455,41615.339401900455,18475.201406478882,109.51405105763278,,0,,,,False,109.51405105763278,48.618951069681266,29.17092514038086,32.23259353637695,30.70498300593806,108.83130636270545
PbI2,4.0,4.0,detector_qspace_per_pixel,detector_qr_band_per_qz_bin_fast,False,1,1.5806530407269872,1.5806530407269872,0,2,saved_q_group_rows_insufficient_detector_rotation_anchors,+,+,0.13,39,1.3898868585626285,1.4141855798661707,1.4020362192143996,385,385.0,pixel_count,40126.71257390736,40126.71257390736,18724.151614189148,104.22522746469444,104.22522746469444,48.63416003685493,40126.71257390736,40126.71257390736,18724.151614189148,104.22522746469444,,0,,,,False,104.22522746469444,48.63416003685493,29.45539093017578,32.48454284667969,30.96696225167274,105.25529089755645
PbI2,4.0,4.0,detector_qspace_per_pixel,detector_qr_band_per_qz_bin_fast,False,1,1.5806530407269872,1.5806530407269872,0,2,saved_q_group_rows_insufficient_detector_rotation_anchors,+,+,0.13,40,1.4141855798661707,1.4384843011697133,1.426334940517942,388,388.0,pixel_count,39619.92005806958,39619.92005806958,18757.507557868958,102.11319602595253,102.11319602595253,48.34409164399216,39619.92005806958,39619.92005806958,18757.507557868958,102.11319602595253,,0,,,,False,102.11319602595253,48.34409164399216,29.69923210144043,32.736839294433594,31.225500715091172,102.47758611282444
PbI2,4.0,4.0,detector_qspace_per_pixel,detector_qr_band_per_qz_bin_fast,False,1,1.5806530407269872,1.5806530407269872,0,2,saved_q_group_rows_insufficient_detector_rotation_anchors,+,+,0.13,41,1.4384843011697133,1.4627830224732559,1.4506336618214846,394,394.0,pixel_count,39351.77984082107,39351.77984082107,18918.82845211029,99.87761380919054,99.87761380919054,48.01733109672663,39351.77984082107,39351.77984082107,18918.82845211029,99.87761380919054,,0,,,,False,99.87761380919054,48.01733109672663,29.984498977661133,33.02479934692383,31.48826314696043,101.07169226442768
PbI2,4.0,4.0,detector_qspace_per_pixel,detector_qr_band_per_qz_bin_fast,False,1,1.5806530407269872,1.5806530407269872,0,2,saved_q_group_rows_insufficient_detector_rotation_anchors,+,+,0.13,42,1.4627830224732559,1.487081743776798,1.474932383125027,399,399.0,pixel_count,40377.66460082278,40377.66460082278,18869.581464767456,101.19715438802703,101.19715438802703,47.2921841222242,40377.66460082278,40377.66460082278,18869.581464767456,101.19715438802703,,0,,,,False,101.19715438802703,47.2921841222242,30.23011589050293,33.23781204223633,31.747341698460104,100.7021312931324
PbI2,4.0,4.0,detector_qspace_per_pixel,detector_qr_band_per_qz_bin_fast,False,1,1.5806530407269872,1.5806530407269872,0,2,saved_q_group_rows_insufficient_detector_rotation_anchors,+,+,0.13,43,1.487081743776798,1.5113804650803406,1.4992311044285693,401,401.0,pixel_count,40529.181536898315,40529.181536898315,18606.97127532959,101.0702781468786,101.0702781468786,46.401424626757084,40529.181536898315,40529.181536898315,18606.97127532959,101.0702781468786,,0,,,,False,101.0702781468786,46.401424626757084,30.515811920166016,33.52701950073242,32.01866674015157,99.91933226321083
PbI2,4.0,4.0,detector_qspace_per_pixel,detector_qr_band_per_qz_bin_fast,False,1,1.5806530407269872,1.5806530407269872,0,2,saved_q_group_rows_insufficient_detector_rotation_anchors,+,+,0.13,44,1.5113804650803406,1.5356791863838832,1.523529825732112,407,407.0,pixel_count,39809.88028079843,39809.88028079843,18460.35863018036,97.81297366289542,97.81297366289542,45.35714651149965,39809.88028079843,39809.88028079843,18460.35863018036,97.81297366289542,,0,,,,False,97.81297366289542,45.35714651149965,30.7628173828125,33.780643463134766,32.280327603517556,98.01001562116389
PbI2,4.0,4.0,detector_qspace_per_pixel,detector_qr_band_per_qz_bin_fast,False,1,1.5806530407269872,1.5806530407269872,0,2,saved_q_group_rows_insufficient_detector_rotation_anchors,+,+,0.13,45,1.5356791863838832,1.5599779076874254,1.5478285470356543,411,411.0,pixel_count,39242.325035508955,39242.325035508955,18099.300543785095,95.48010957544759,95.48010957544759,44.03722760045035,39242.325035508955,39242.325035508955,18099.300543785095,95.48010957544759,,0,,,,False,95.48010957544759,44.03722760045035,31.089889526367188,34.031925201416016,32.56180918306573,96.00666828383142
PbI2,4.0,4.0,detector_qspace_per_pixel,detector_qr_band_per_qz_bin_fast,False,1,1.5806530407269872,1.5806530407269872,0,2,saved_q_group_rows_insufficient_detector_rotation_anchors,+,+,0.13,46,1.5599779076874254,1.584276628990968,1.5721272683391967,418,418.0,pixel_count,39271.32601981074,39271.32601981074,17753.206914901733,93.95054071725058,93.95054071725058,42.47178687775534,39271.32601981074,39271.32601981074,17753.206914901733,93.95054071725058,,0,,,,False,93.95054071725058,42.47178687775534,31.338045120239258,34.32200241088867,32.82634484148204,95.0836330109584
PbI2,4.0,4.0,detector_qspace_per_pixel,detector_qr_band_per_qz_bin_fast,False,1,1.5806530407269872,1.5806530407269872,0,2,saved_q_group_rows_insufficient_detector_rotation_anchors,+,+,0.13,47,1.584276628990968,1.6085753502945106,1.5964259896427393,421,421.0,pixel_count,40193.004850710284,40193.004850710284,17281.28240776062,95.47032031047573,95.47032031047573,41.048176740524035,40193.004850710284,40193.004850710284,17281.28240776062,95.47032031047573,,0,,,,False,95.47032031047573,41.048176740524035,31.665040969848633,34.57589340209961,33.11384992237685,95.45502246609507
PbI2,4.0,4.0,detector_qspace_per_pixel,detector_qr_band_per_qz_bin_fast,False,1,1.5806530407269872,1.5806530407269872,0,2,saved_q_group_rows_insufficient_detector_rotation_anchors,+,+,0.13,48,1.6085753502945106,1.6328740715980528,1.6207247109462817,429,429.0,pixel_count,41422.49789434799,41422.49789434799,16894.45713710785,96.5559391476643,96.5559391476643,39.381018967617365,41422.49789434799,41422.49789434799,16894.45713710785,96.5559391476643,,0,,,,False,96.5559391476643,39.381018967617365,31.913955688476562,34.829124450683594,33.38024489777925,96.14618189772858
PbI2,4.0,4.0,detector_qspace_per_pixel,detector_qr_band_per_qz_bin_fast,False,1,1.5806530407269872,1.5806530407269872,0,2,saved_q_group_rows_insufficient_detector_rotation_anchors,+,+,0.13,49,1.6328740715980528,1.6571727929015954,1.645023432249824,431,431.0,pixel_count,41794.8342281383,41794.8342281383,16203.199656486511,96.97177315113295,96.97177315113295,37.59443075750931,41794.8342281383,41794.8342281383,16203.199656486511,96.97177315113295,,0,,,,False,96.97177315113295,37.59443075750931,32.240474700927734,35.119224548339844,33.67960964574944,96.12793828838309
PbI2,4.0,4.0,detector_qspace_per_pixel,detector_qr_band_per_qz_bin_fast,False,1,1.5806530407269872,1.5806530407269872,0,2,saved_q_group_rows_insufficient_detector_rotation_anchors,+,+,0.13,50,1.6571727929015954,1.681471514205138,1.6693221535533667,438,438.0,pixel_count,41537.63491201727,41537.63491201727,15777.224601745605,94.83478290414901,94.83478290414901,36.02106073457901,41537.63491201727,41537.63491201727,15777.224601745605,94.83478290414901,,0,,,,False,94.83478290414901,36.02106073457901,32.48979187011719,35.40898895263672,33.95014218489137,95.60823340890863
PbI2,4.0,4.0,detector_qspace_per_pixel,detector_qr_band_per_qz_bin_fast,False,1,1.5806530407269872,1.5806530407269872,0,2,saved_q_group_rows_insufficient_detector_rotation_anchors,+,+,0.13,51,1.681471514205138,1.7057702355086801,1.693620874856909,443,443.0,pixel_count,41789.708030925125,41789.708030925125,15252.251379966736,94.33342670637725,94.33342670637725,34.42946135432672,41789.708030925125,41789.708030925125,15252.251379966736,94.33342670637725,,0,,,,False,94.33342670637725,34.42946135432672,32.78105545043945,35.66341781616211,34.23159919242476,96.4218591325297
PbI2,4.0,4.0,detector_qspace_per_pixel,detector_qr_band_per_qz_bin_fast,False,1,1.5806530407269872,1.5806530407269872,0,2,saved_q_group_rows_insufficient_detector_rotation_anchors,+,+,0.13,52,1.7057702355086801,1.7300689568122227,1.7179195961604514,451,451.0,pixel_count,44748.73218999785,44748.73218999785,14728.85468864441,99.22113567627018,99.22113567627018,32.65821438723816,44748.73218999785,44748.73218999785,14728.85468864441,99.22113567627018,,0,,,,False,99.22113567627018,32.65821438723816,33.1064338684082,35.952789306640625,34.52407434968211,99.84438866110037
PbI2,4.0,4.0,detector_qspace_per_pixel,detector_qr_band_per_qz_bin_fast,False,1,1.5806530407269872,1.5806530407269872,0,2,saved_q_group_rows_insufficient_detector_rotation_anchors,+,+,0.13,53,1.7300689568122227,1.754367678115765,1.742218317463994,455,455.0,pixel_count,47551.1920175847,47551.1920175847,14097.616205215454,104.50811432436197,104.50811432436197,30.983771879594403,47551.1920175847,47551.1920175847,14097.616205215454,104.50811432436197,,0,,,,False,104.50811432436197,30.983771879594403,33.35601043701172,36.2415771484375,34.813367880106604,104.9956376936114
PbI2,4.0,4.0,detector_qspace_per_pixel,detector_qr_band_per_qz_bin_fast,False,1,1.5806530407269872,1.5806530407269872,0,2,saved_q_group_rows_insufficient_detector_rotation_anchors,+,+,0.13,54,1.754367678115765,1.7786663994193075,1.7665170387675362,461,461.0,pixel_count,51825.24046213027,51825.24046213027,13508.059795379639,112.41917670744094,112.41917670744094,29.301648146159735,51825.24046213027,51825.24046213027,13508.059795379639,112.41917670744094,,0,,,,False,112.41917670744094,29.301648146159735,33.680030822753906,36.496376037597656,35.10892963831436,109.22207986401544
PbI2,4.0,4.0,detector_qspace_per_pixel,detector_qr_band_per_qz_bin_fast,False,1,1.5806530407269872,1.5806530407269872,0,2,saved_q_group_rows_insufficient_detector_rotation_anchors,+,+,0.13,55,1.7786663994193075,1.80296512072285,1.7908157600710788,471,471.0,pixel_count,53183.10027982768,53183.10027982768,13043.996495246887,112.9152872183178,112.9152872183178,27.694260074834155,53183.10027982768,53183.10027982768,13043.996495246887,112.9152872183178,,0,,,,False,112.9152872183178,27.694260074834155,33.97074508666992,36.7842903137207,35.39685689823943,108.4851895060243
PbI2,4.0,4.0,detector_qspace_per_pixel,detector_qr_band_per_qz_bin_fast,False,1,1.5806530407269872,1.5806530407269872,0,2,saved_q_group_rows_insufficient_detector_rotation_anchors,+,+,0.13,56,1.80296512072285,1.8272638420263925,1.8151144813746214,475,475.0,pixel_count,48986.67181846671,48986.67181846671,12375.67982006073,103.12983540729834,103.12983540729834,26.05406277907522,48986.67181846671,48986.67181846671,12375.67982006073,103.12983540729834,,0,,,,False,103.12983540729834,26.05406277907522,34.293025970458984,37.107749938964844,35.70177422829753,101.20055121154849
PbI2,4.0,4.0,detector_qspace_per_pixel,detector_qr_band_per_qz_bin_fast,False,1,1.5806530407269872,1.5806530407269872,0,2,saved_q_group_rows_insufficient_detector_rotation_anchors,+,+,0.13,57,1.8272638420263925,1.8515625633299349,1.8394132026781636,484,484.0,pixel_count,43305.31800705746,43305.31800705746,11908.254373073578,89.47379753524268,89.47379753524268,24.603831349325574,43305.31800705746,43305.31800705746,11908.254373073578,89.47379753524268,,0,,,,False,89.47379753524268,24.603831349325574,34.58293914794922,37.362205505371094,35.987855352384756,90.21617711208008
PbI2,4.0,4.0,detector_qspace_per_pixel,detector_qr_band_per_qz_bin_fast,False,1,1.5806530407269872,1.5806530407269872,0,2,saved_q_group_rows_insufficient_detector_rotation_anchors,+,+,0.13,58,1.8515625633299349,1.8758612846334777,1.8637119239817062,490,490.0,pixel_count,38340.32022016315,38340.32022016315,11219.327013492584,78.24555146972071,78.24555146972071,22.8965857418216,38340.32022016315,38340.32022016315,11219.327013492584,78.24555146972071,,0,,,,False,78.24555146972071,22.8965857418216,34.9139518737793,37.68425369262695,36.30106229558257,79.48331508185274
PbI2,4.0,4.0,detector_qspace_per_pixel,detector_qr_band_per_qz_bin_fast,False,1,1.5806530407269872,1.5806530407269872,0,2,saved_q_group_rows_insufficient_detector_rotation_anchors,+,+,0.13,59,1.8758612846334777,1.9001600059370198,1.8880106452852488,495,495.0,pixel_count,34147.87598342325,34147.87598342325,10616.516718864441,68.98560804731969,68.98560804731969,21.447508522958465,34147.87598342325,34147.87598342325,10616.516718864441,68.98560804731969,,0,,,,False,68.98560804731969,21.447508522958465,35.23318099975586,37.96894454956055,36.59979707285411,71.35081186814867
PbI2,4.0,4.0,detector_qspace_per_pixel,detector_qr_band_per_qz_bin_fast,False,1,1.5806530407269872,1.5806530407269872,0,2,saved_q_group_rows_insufficient_detector_rotation_anchors,+,+,0.13,60,1.9001600059370198,1.9244587272405622,1.912309366588791,508,508.0,pixel_count,33459.698261553516,33459.698261553516,10215.178501605988,65.86554775896361,65.86554775896361,20.108619097649584,33459.698261553516,33459.698261553516,10215.178501605988,65.86554775896361,,0,,,,False,65.86554775896361,20.108619097649584,35.52149200439453,38.258544921875,36.89798233127221,66.30600540085366
PbI2,4.0,4.0,detector_qspace_per_pixel,detector_qr_band_per_qz_bin_fast,False,1,1.5806530407269872,1.5806530407269872,0,2,saved_q_group_rows_insufficient_detector_rotation_anchors,+,+,0.13,61,1.9244587272405622,1.948757448544105,1.9366080878923335,515,515.0,pixel_count,32214.034764283304,32214.034764283304,9633.666985988617,62.551523814142335,62.551523814142335,18.706149487356537,32214.034764283304,32214.034764283304,9633.666985988617,62.551523814142335,,0,,,,False,62.551523814142335,18.706149487356537,35.809303283691406,38.57754135131836,37.20798498163509,63.207400898969766
PbI2,4.0,4.0,detector_qspace_per_pixel,detector_qr_band_per_qz_bin_fast,False,1,1.5806530407269872,1.5806530407269872,0,2,saved_q_group_rows_insufficient_detector_rotation_anchors,+,+,0.13,62,1.948757448544105,1.9730561698476472,1.9609068091958761,518,518.0,pixel_count,31625.798234455073,31625.798234455073,9031.765617847443,61.053664545280064,61.053664545280064,17.435840961095447,31625.798234455073,31625.798234455073,9031.765617847443,61.053664545280064,,0,,,,False,61.053664545280064,17.435840961095447,36.1658935546875,38.89516067504883,37.5126469281824,61.07995198517747
PbI2,4.0,4.0,detector_qspace_per_pixel,detector_qr_band_per_qz_bin_fast,False,1,1.5806530407269872,1.5806530407269872,0,2,saved_q_group_rows_insufficient_detector_rotation_anchors,+,+,0.13,63,1.9730561698476472,1.9973548911511896,1.9852055304994183,531,531.0,pixel_count,31402.259980946023,31402.259980946023,8574.69499874115,59.13796606581172,59.13796606581172,16.148201504220623,31402.259980946023,31402.259980946023,8574.69499874115,59.13796606581172,,0,,,,False,59.13796606581172,16.148201504220623,36.49269104003906,39.146827697753906,37.82661810090266,59.479146753419826
PbI2,4.0,4.0,detector_qspace_per_pixel,detector_qr_band_per_qz_bin_fast,False,1,1.5806530407269872,1.5806530407269872,0,2,saved_q_group_rows_insufficient_detector_rotation_anchors,+,+,0.13,64,1.9973548911511896,2.0216536124547324,2.009504251802961,545,545.0,pixel_count,31743.219306286315,31743.219306286315,8243.78133058548,58.24443909410333,58.24443909410333,15.126204276303632,31743.219306286315,31743.219306286315,8243.78133058548,58.24443909410333,,0,,,,False,58.24443909410333,15.126204276303632,36.77786636352539,39.49791717529297,38.131182006159584,58.26971995965056
PbI2,4.0,4.0,detector_qspace_per_pixel,detector_qr_band_per_qz_bin_fast,False,1,1.5806530407269872,1.5806530407269872,0,2,saved_q_group_rows_insufficient_detector_rotation_anchors,+,+,0.13,65,2.0216536124547324,2.0459523337582746,2.0338029731065035,542,542.0,pixel_count,30934.685814515222,30934.685814515222,7581.619922637939,57.07506607844137,57.07506607844137,13.988228639553395,30934.685814515222,30934.685814515222,7581.619922637939,57.07506607844137,,0,,,,False,57.07506607844137,13.988228639553395,37.102821350097656,39.783935546875,38.446768571431534,57.411455897203325
PbI2,4.0,4.0,detector_qspace_per_pixel,detector_qr_band_per_qz_bin_fast,False,1,1.5806530407269872,1.5806530407269872,0,2,saved_q_group_rows_insufficient_detector_rotation_anchors,+,+,0.13,66,2.0459523337582746,2.070251055061817,2.0581016944100456,560,560.0,pixel_count,31869.254456301864,31869.254456301864,7248.289360046387,56.9093829576819,56.9093829576819,12.94337385722569,31869.254456301864,31869.254456301864,7248.289360046387,56.9093829576819,,0,,,,False,56.9093829576819,12.94337385722569,37.45291519165039,40.09637451171875,38.76961175231151,56.815949527592785
PbI2,4.0,4.0,detector_qspace_per_pixel,detector_qr_band_per_qz_bin_fast,False,1,1.5806530407269872,1.5806530407269872,0,2,saved_q_group_rows_insufficient_detector_rotation_anchors,+,+,0.13,67,2.070251055061817,2.0945497763653598,2.0824004157135887,568,568.0,pixel_count,32164.237073847675,32164.237073847675,6876.158057689667,56.62717794691492,56.62717794691492,12.1059120733973,32164.237073847675,32164.237073847675,6876.158057689667,56.62717794691492,,0,,,,False,56.62717794691492,12.1059120733973,37.775028228759766,40.407127380371094,39.076526559389826,56.01398717469485
PbI2,4.0,4.0,detector_qspace_per_pixel,detector_qr_band_per_qz_bin_fast,False,1,1.5806530407269872,1.5806530407269872,0,2,saved_q_group_rows_insufficient_detector_rotation_anchors,+,+,0.13,68,2.0945497763653598,2.118848497668902,2.106699137017131,578,578.0,pixel_count,31483.401817398175,31483.401817398175,6485.730679035187,54.46955331729788,54.46955331729788,11.22098733397091,31483.401817398175,31483.401817398175,6485.730679035187,54.46955331729788,,0,,,,False,54.46955331729788,11.22098733397091,38.09587860107422,40.72529983520508,39.401279031189254,54.77549801068723
PbI2,4.0,4.0,detector_qspace_per_pixel,detector_qr_band_per_qz_bin_fast,False,1,1.5806530407269872,1.5806530407269872,0,2,saved_q_group_rows_insufficient_detector_rotation_anchors,+,+,0.13,69,2.118848497668902,2.1431472189724445,2.130997858320673,591,591.0,pixel_count,31571.79047778989,31571.79047778989,6208.329567432404,53.42096527544821,53.42096527544821,10.504787762152967,31571.79047778989,31571.79047778989,6208.329567432404,53.42096527544821,,0,,,,False,53.42096527544821,10.504787762152967,38.415382385253906,41.032814025878906,39.71216361027701,53.608712797994585
PbI2,4.0,4.0,detector_qspace_per_pixel,detector_qr_band_per_qz_bin_fast,False,1,1.5806530407269872,1.5806530407269872,0,2,saved_q_group_rows_insufficient_detector_rotation_anchors,+,+,0.13,70,2.1431472189724445,2.167445940275987,2.155296579624216,605,605.0,pixel_count,31890.878423495233,31890.878423495233,5910.145231723785,52.71219574131443,52.71219574131443,9.768835093758323,31890.878423495233,31890.878423495233,5910.145231723785,52.71219574131443,,0,,,,False,52.71219574131443,9.768835093758323,38.73347854614258,41.348323822021484,40.038756493735356,52.78094563573323
PbI2,4.0,4.0,detector_qspace_per_pixel,detector_qr_band_per_qz_bin_fast,False,1,1.5806530407269872,1.5806530407269872,0,2,saved_q_group_rows_insufficient_detector_rotation_anchors,+,+,0.13,71,2.167445940275987,2.1917446615795293,2.179595300927758,614,614.0,pixel_count,31922.014706203536,31922.014706203536,5628.52100276947,51.99025196450087,51.99025196450087,9.166972317214121,31922.014706203536,31922.014706203536,5628.52100276947,51.99025196450087,,0,,,,False,51.99025196450087,9.166972317214121,39.05010223388672,41.68716812133789,40.35208519727368,52.23859812516457
PbI2,4.0,4.0,detector_qspace_per_pixel,detector_qr_band_per_qz_bin_fast,False,1,1.5806530407269872,1.5806530407269872,0,2,saved_q_group_rows_insufficient_detector_rotation_anchors,+,+,0.13,72,2.1917446615795293,2.2160433828830715,2.2038940222313004,628,628.0,pixel_count,32693.66112940183,32693.66112940183,5363.033744335175,52.0599699512768,52.0599699512768,8.539862650215246,32693.66112940183,32693.66112940183,5363.033744335175,52.0599699512768,,0,,,,False,52.0599699512768,8.539862650215246,39.36518478393555,41.964942932128906,40.68240752083674,51.874358795562586
PbI2,4.0,4.0,detector_qspace_per_pixel,detector_qr_band_per_qz_bin_fast,False,1,1.5806530407269872,1.5806530407269872,0,2,saved_q_group_rows_insufficient_detector_rotation_anchors,+,+,0.13,73,2.2160433828830715,2.2403421041866145,2.228192743534843,639,639.0,pixel_count,32906.335421235686,32906.335421235686,5116.440935373306,51.4966125527945,51.4966125527945,8.006949820615503,32906.335421235686,32906.335421235686,5116.440935373306,51.4966125527945,,0,,,,False,51.4966125527945,8.006949820615503,39.717742919921875,42.276119232177734,41.003642520492036,51.44973492576982
PbI2,4.0,4.0,detector_qspace_per_pixel,detector_qr_band_per_qz_bin_fast,False,1,1.5806530407269872,1.5806530407269872,0,2,saved_q_group_rows_insufficient_detector_rotation_anchors,+,+,0.13,74,2.2403421041866145,2.2646408254901567,2.2524914648383856,655,655.0,pixel_count,33279.91790934405,33279.91790934405,4884.8363473415375,50.809034976097784,50.809034976097784,7.457765415788606,33279.91790934405,33279.91790934405,4884.8363473415375,50.809034976097784,,0,,,,False,50.809034976097784,7.457765415788606,40.068206787109375,42.64326477050781,41.34282902199414,51.01424908000121
PbI2,4.0,4.0,detector_qspace_per_pixel,detector_qr_band_per_qz_bin_fast,False,1,1.5806530407269872,1.5806530407269872,0,2,saved_q_group_rows_insufficient_detector_rotation_anchors,+,+,0.13,75,2.2646408254901567,2.288939546793699,2.2767901861419277,664,664.0,pixel_count,33625.72927742292,33625.72927742292,4667.272799015045,50.641158550335724,50.641158550335724,7.029025299721454,33625.72927742292,33625.72927742292,4667.272799015045,50.641158550335724,,0,,,,False,50.641158550335724,7.029025299721454,40.3779182434082,42.950782775878906,41.662645281079875,50.86612311683442
PbI2,4.0,4.0,detector_qspace_per_pixel,detector_qr_band_per_qz_bin_fast,False,1,1.5806530407269872,1.5806530407269872,0,2,saved_q_group_rows_insufficient_detector_rotation_anchors,+,+,0.13,76,2.288939546793699,2.313238268097242,2.3010889074454703,679,679.0,pixel_count,34505.243350712226,34505.243350712226,4473.918741464615,50.81773689353789,50.81773689353789,6.588981946192364,34505.243350712226,34505.243350712226,4473.918741464615,50.81773689353789,,0,,,,False,50.81773689353789,6.588981946192364,40.724239349365234,43.278907775878906,41.99704249908184,51.209424273393196
PbI2,4.0,4.0,detector_qspace_per_pixel,detector_qr_band_per_qz_bin_fast,False,1,1.5806530407269872,1.5806530407269872,0,2,saved_q_group_rows_insufficient_detector_rotation_anchors,+,+,0.13,77,2.313238268097242,2.337536989400784,2.325387628749013,694,694.0,pixel_count,36146.94676720034,36146.94676720034,4282.154179573059,52.08493770489962,52.08493770489962,6.170250979211901,36146.94676720034,36146.94676720034,4282.154179573059,52.08493770489962,,0,,,,False,52.08493770489962,6.170250979211901,41.06827926635742,43.61635971069336,42.34142494021045,51.878383887201224
PbI2,4.0,4.0,detector_qspace_per_pixel,detector_qr_band_per_qz_bin_fast,False,1,1.5806530407269872,1.5806530407269872,0,2,saved_q_group_rows_insufficient_detector_rotation_anchors,+,+,0.13,78,2.337536989400784,2.361835710704326,2.349686350052555,703,703.0,pixel_count,37335.24673644482,37335.24673644482,4088.5787031650543,53.108459084558774,53.108459084558774,5.815901426977318,37335.24673644482,37335.24673644482,4088.5787031650543,53.108459084558774,,0,,,,False,53.108459084558774,5.815901426977318,41.40998458862305,43.91825866699219,42.67425770418641,51.98899479366875
PbI2,4.0,4.0,detector_qspace_per_pixel,detector_qr_band_per_qz_bin_fast,False,1,1.5806530407269872,1.5806530407269872,0,2,saved_q_group_rows_insufficient_detector_rotation_anchors,+,+,0.13,79,2.361835710704326,2.3861344320078692,2.3739850713560977,727,727.0,pixel_count,37222.98280999678,37222.98280999678,4033.029893398285,51.200801664369706,51.200801664369706,5.5474964145781085,37222.98280999678,37222.98280999678,4033.029893398285,51.200801664369706,,0,,,,False,51.200801664369706,5.5474964145781085,41.729400634765625,44.25163269042969,42.99274524113113,50.76877610609452
PbI2,4.0,4.0,detector_qspace_per_pixel,detector_qr_band_per_qz_bin_fast,False,1,1.5806530407269872,1.5806530407269872,0,2,saved_q_group_rows_insufficient_detector_rotation_anchors,+,+,0.13,80,2.3861344320078692,2.4104331533114114,2.3982837926596403,738,738.0,pixel_count,35884.53692209504,35884.53692209504,3855.9378633499146,48.624033769776474,48.624033769776474,5.2248480533196675,35884.53692209504,35884.53692209504,3855.9378633499146,48.624033769776474,,0,,,,False,48.624033769776474,5.2248480533196675,42.10405349731445,44.582759857177734,43.33606433650959,48.62338769013405
PbI2,4.0,4.0,detector_qspace_per_pixel,detector_qr_band_per_qz_bin_fast,False,1,1.5806530407269872,1.5806530407269872,0,2,saved_q_group_rows_insufficient_detector_rotation_anchors,+,+,0.13,81,2.4104331533114114,2.4347318746149536,2.4225825139631825,762,762.0,pixel_count,34951.62567019029,34951.62567019029,3762.1897432804108,45.86827515773004,45.86827515773004,4.937256880945421,34951.62567019029,34951.62567019029,3762.1897432804108,45.86827515773004,,0,,,,False,45.86827515773004,4.937256880945421,42.43861770629883,44.93145751953125,43.68464714632146,46.52119697454087
PbI2,4.0,4.0,detector_qspace_per_pixel,detector_qr_band_per_qz_bin_fast,False,1,1.5806530407269872,1.5806530407269872,0,2,saved_q_group_rows_insufficient_detector_rotation_anchors,+,+,0.13,82,2.4347318746149536,2.4590305959184966,2.446881235266725,780,780.0,pixel_count,35159.76525107667,35159.76525107667,3659.989678144455,45.076622116764966,45.076622116764966,4.692294459159558,35159.76525107667,35159.76525107667,3659.989678144455,45.076622116764966,,0,,,,False,45.076622116764966,4.692294459159558,42.788909912109375,45.25747299194336,44.022063574199294,44.959940568830234
PbI2,4.0,4.0,detector_qspace_per_pixel,detector_qr_band_per_qz_bin_fast,False,1,1.5806530407269872,1.5806530407269872,0,2,saved_q_group_rows_insufficient_detector_rotation_anchors,+,+,0.13,83,2.4590305959184966,2.4833293172220388,2.4711799565702677,800,800.0,pixel_count,34790.398756467686,34790.398756467686,3570.361207485199,43.48799844558461,43.48799844558461,4.462951509356499,34790.398756467686,34790.398756467686,3570.361207485199,43.48799844558461,,0,,,,False,43.48799844558461,4.462951509356499,43.15497589111328,45.61332321166992,44.36364645996293,43.73939285727789
PbI2,4.0,4.0,detector_qspace_per_pixel,detector_qr_band_per_qz_bin_fast,False,1,1.5806530407269872,1.5806530407269872,0,2,saved_q_group_rows_insufficient_detector_rotation_anchors,+,+,0.13,84,2.4833293172220388,2.507628038525581,2.49547867787381,817,817.0,pixel_count,34869.551549989716,34869.551549989716,3470.451864719391,42.679989657270156,42.679989657270156,4.247799100023734,34869.551549989716,34869.551549989716,3470.451864719391,42.679989657270156,,0,,,,False,42.679989657270156,4.247799100023734,43.464088439941406,45.93425369262695,44.70805202851077,42.79281169292801
PbI2,4.0,4.0,detector_qspace_per_pixel,detector_qr_band_per_qz_bin_fast,False,1,1.5806530407269872,1.5806530407269872,0,2,saved_q_group_rows_insufficient_detector_rotation_anchors,+,+,0.13,85,2.507628038525581,2.531926759829124,2.5197773991773524,842,842.0,pixel_count,35347.12765545306,35347.12765545306,3421.302345752716,41.979961586048766,41.979961586048766,4.06330444863743,35347.12765545306,35347.12765545306,3421.302345752716,41.979961586048766,,0,,,,False,41.979961586048766,4.06330444863743,43.8244514465332,46.28440475463867,45.04929564650876,42.19072789822241
PbI2,4.0,4.0,detector_qspace_per_pixel,detector_qr_band_per_qz_bin_fast,False,1,1.5806530407269872,1.5806530407269872,0,2,saved_q_group_rows_insufficient_detector_rotation_anchors,+,+,0.13,86,2.531926759829124,2.556225481132666,2.544076120480895,863,863.0,pixel_count,35923.685226937545,35923.685226937545,3350.305379152298,41.6265182235661,41.6265182235661,3.8821615053908434,35923.685226937545,35923.685226937545,3350.305379152298,41.6265182235661,,0,,,,False,41.6265182235661,3.8821615053908434,44.200374603271484,46.63150405883789,45.396704276076974,42.043240053820796
PbI2,4.0,4.0,detector_qspace_per_pixel,detector_qr_band_per_qz_bin_fast,False,1,1.5806530407269872,1.5806530407269872,0,2,saved_q_group_rows_insufficient_detector_rotation_anchors,+,+,0.13,87,2.556225481132666,2.5805242024362083,2.568374841784437,882,882.0,pixel_count,37500.336291058484,37500.336291058484,3289.620348215103,42.51738808510032,42.51738808510032,3.7297282859581666,37500.336291058484,37500.336291058484,3289.620348215103,42.51738808510032,,0,,,,False,42.51738808510032,3.7297282859581666,44.53797149658203,46.958316802978516,45.73529229846333,42.27103079217099
PbI2,4.0,4.0,detector_qspace_per_pixel,detector_qr_band_per_qz_bin_fast,False,1,1.5806530407269872,1.5806530407269872,0,2,saved_q_group_rows_insufficient_detector_rotation_anchors,+,+,0.13,88,2.5805242024362083,2.6048229237397513,2.59267356308798,904,904.0,pixel_count,38380.74015585003,38380.74015585003,3236.9617643356323,42.45657096886065,42.45657096886065,3.5807099163004783,38380.74015585003,38380.74015585003,3236.9617643356323,42.45657096886065,,0,,,,False,42.45657096886065,3.5807099163004783,44.873046875,47.29960250854492,46.08393171296005,42.46256164328894
PbI2,4.0,4.0,detector_qspace_per_pixel,detector_qr_band_per_qz_bin_fast,False,1,1.5806530407269872,1.5806530407269872,0,2,saved_q_group_rows_insufficient_detector_rotation_anchors,+,+,0.13,89,2.6048229237397513,2.6291216450432935,2.6169722843915224,933,933.0,pixel_count,39928.75289450493,39928.75289450493,3209.7569296360016,42.79609099089488,42.79609099089488,3.4402539438756716,39928.75289450493,39928.75289450493,3209.7569296360016,42.79609099089488,,0,,,,False,42.79609099089488,3.4402539438756716,45.24019241333008,47.63771057128906,46.43599420444903,42.23822635691271
PbI2,4.0,4.0,detector_qspace_per_pixel,detector_qr_band_per_qz_bin_fast,False,1,1.5806530407269872,1.5806530407269872,0,2,saved_q_group_rows_insufficient_detector_rotation_anchors,+,+,0.13,90,2.6291216450432935,2.6534203663468356,2.6412710056950646,960,960.0,pixel_count,40284.46640184078,40284.46640184078,3183.3997213840485,41.96298583525081,41.96298583525081,3.316041376441717,40284.46640184078,40284.46640184078,3183.3997213840485,41.96298583525081,,0,,,,False,41.96298583525081,3.316041376441717,45.60408401489258,47.98700714111328,46.78688019304898,40.989494433070746
PbI2,4.0,4.0,detector_qspace_per_pixel,detector_qr_band_per_qz_bin_fast,False,1,1.5806530407269872,1.5806530407269872,0,2,saved_q_group_rows_insufficient_detector_rotation_anchors,+,+,0.13,91,2.6534203663468356,2.6777190876503787,2.665569726998607,987,987.0,pixel_count,38270.29455421497,38270.29455421497,3164.476167678833,38.774361250471095,38.774361250471095,3.206156198256163,38270.29455421497,38270.29455421497,3164.476167678833,38.774361250471095,,0,,,,False,38.774361250471095,3.206156198256163,45.950191497802734,48.34878921508789,47.136139813004256,38.37349810763256
PbI2,4.0,4.0,detector_qspace_per_pixel,detector_qr_band_per_qz_bin_fast,False,1,1.5806530407269872,1.5806530407269872,0,2,saved_q_group_rows_insufficient_detector_rotation_anchors,+,+,0.13,92,2.6777190876503787,2.702017808953921,2.6898684483021498,1020,1020.0,pixel_count,35582.229578529164,35582.229578529164,3165.8481698036194,34.884538802479575,34.884538802479575,3.1037727154937444,35582.229578529164,35582.229578529164,3165.8481698036194,34.884538802479575,,0,,,,False,34.884538802479575,3.1037727154937444,46.30784225463867,48.691650390625,47.48857346801008,34.95636772077768
PbI2,4.0,4.0,detector_qspace_per_pixel,detector_qr_band_per_qz_bin_fast,False,1,1.5806530407269872,1.5806530407269872,0,2,saved_q_group_rows_insufficient_detector_rotation_anchors,+,+,0.13,93,2.702017808953921,2.726316530257463,2.714167169605692,1051,1051.0,pixel_count,32554.0865115384,32554.0865115384,3160.5749349594116,30.974392494327688,30.974392494327688,3.0072073596188504,32554.0865115384,32554.0865115384,3160.5749349594116,30.974392494327688,,0,,,,False,30.974392494327688,3.0072073596188504,46.662105560302734,49.04607009887695,47.847605772602776,31.753639722025753
PbI2,4.0,4.0,detector_qspace_per_pixel,detector_qr_band_per_qz_bin_fast,False,1,1.5806530407269872,1.5806530407269872,0,2,saved_q_group_rows_insufficient_detector_rotation_anchors,+,+,0.13,94,2.726316530257463,2.750615251561006,2.7384658909092345,1081,1081.0,pixel_count,31542.230169616854,31542.230169616854,3166.6413519382477,29.178751313244085,29.178751313244085,2.9293629527643366,31542.230169616854,31542.230169616854,3166.6413519382477,29.178751313244085,,0,,,,False,29.178751313244085,2.9293629527643366,47.032649993896484,49.38233184814453,48.19671449628613,29.41126448610329
PbI2,4.0,4.0,detector_qspace_per_pixel,detector_qr_band_per_qz_bin_fast,False,1,1.5806530407269872,1.5806530407269872,0,2,saved_q_group_rows_insufficient_detector_rotation_anchors,+,+,0.13,95,2.750615251561006,2.774913972864548,2.762764612212777,1125,1125.0,pixel_count,31050.11380307695,31050.11380307695,3208.0365772247314,27.600101158290624,27.600101158290624,2.851588068644206,31050.11380307695,31050.11380307695,3208.0365772247314,27.600101158290624,,0,,,,False,27.600101158290624,2.851588068644206,47.39986038208008,49.74421691894531,48.55761864340551,27.788235142930617
PbI2,4.0,4.0,detector_qspace_per_pixel,detector_qr_band_per_qz_bin_fast,False,1,1.5806530407269872,1.5806530407269872,0,2,saved_q_group_rows_insufficient_detector_rotation_anchors,+,+,0.13,96,2.774913972864548,2.7992126941680904,2.7870633335163193,1156,1156.0,pixel_count,30329.33839353986,30329.33839353986,3222.8658967018127,26.23645189752583,26.23645189752583,2.7879462774237136,30329.33839353986,30329.33839353986,3222.8658967018127,26.23645189752583,,0,,,,False,26.23645189752583,2.7879462774237136,47.763668060302734,50.102294921875,48.91466722953669,26.74742941914672
PbI2,4.0,4.0,detector_qspace_per_pixel,detector_qr_band_per_qz_bin_fast,False,3,2.73777137567738,2.73777137567738,0,0,saved_q_group_rows_no_fit_points,-,-,0.13,1,0.46336174831707855,0.48749517270859305,0.4754284605128358,511,511.0,pixel_count,13570.146335114123,13570.146335114123,530.3600036501884,26.556059364215503,26.556059364215503,1.0378865042078051,13570.146335114123,13570.146335114123,530.3600036501884,26.556059364215503,,0,,,,False,26.556059364215503,1.0378865042078051,38.207054138183594,42.044891357421875,40.18897582285547,26.69537899163239
PbI2,4.0,4.0,detector_qspace_per_pixel,detector_qr_band_per_qz_bin_fast,False,3,2.73777137567738,2.73777137567738,0,0,saved_q_group_rows_no_fit_points,-,-,0.13,2,0.48749517270859305,0.5116285971001077,0.4995618849043504,514,514.0,pixel_count,13856.538237248347,13856.538237248347,534.8655267357826,26.95824559775943,26.95824559775943,1.040594409991795,13856.538237248347,13856.538237248347,534.8655267357826,26.95824559775943,,0,,,,False,26.95824559775943,1.040594409991795,38.29290771484375,42.1260986328125,40.27321005620952,26.93659743120741
PbI2,4.0,4.0,detector_qspace_per_pixel,detector_qr_band_per_qz_bin_fast,False,3,2.73777137567738,2.73777137567738,0,0,saved_q_group_rows_no_fit_points,-,-,0.13,3,0.5116285971001077,0.5357620214916221,0.5236953092958649,517,517.0,pixel_count,14098.169071137507,14098.169071137507,539.4539550542831,27.269185824250496,27.269185824250496,1.0434312476872014,14098.169071137507,14098.169071137507,539.4539550542831,27.269185824250496,,0,,,,False,27.269185824250496,1.0434312476872014,38.388790130615234,42.20915222167969,40.35033690107713,27.215918733211385
PbI2,4.0,4.0,detector_qspace_per_pixel,detector_qr_band_per_qz_bin_fast,False,3,2.73777137567738,2.73777137567738,0,0,saved_q_group_rows_no_fit_points,-,-,0.13,4,0.5357620214916221,0.5598954458831366,0.5478287336873793,526,526.0,pixel_count,14357.742228472938,14357.742228472938,548.5727725028992,27.29608788683068,27.29608788683068,1.0429140161652075,14357.742228472938,14357.742228472938,548.5727725028992,27.29608788683068,,0,,,,False,27.29608788683068,1.0429140161652075,38.48699951171875,42.34256362915039,40.45600716863201,27.578146260494428
PbI2,4.0,4.0,detector_qspace_per_pixel,detector_qr_band_per_qz_bin_fast,False,3,2.73777137567738,2.73777137567738,0,0,saved_q_group_rows_no_fit_points,-,-,0.13,5,0.5598954458831366,0.5840288702746511,0.5719621580788938,527,527.0,pixel_count,14860.722235520767,14860.722235520767,550.1674935817719,28.198713919394244,28.198713919394244,1.0439610883904589,14860.722235520767,14860.722235520767,550.1674935817719,28.198713919394244,,0,,,,False,28.198713919394244,1.0439610883904589,38.54172134399414,42.429344177246094,40.53848835744192,28.162470574095778
PbI2,4.0,4.0,detector_qspace_per_pixel,detector_qr_band_per_qz_bin_fast,False,3,2.73777137567738,2.73777137567738,0,0,saved_q_group_rows_no_fit_points,-,-,0.13,6,0.5840288702746511,0.6081622946661657,0.5960955824704084,528,528.0,pixel_count,15194.387669684093,15194.387669684093,551.2175186276436,28.77724937440169,28.77724937440169,1.043972573158416,15194.387669684093,15194.387669684093,551.2175186276436,28.77724937440169,,0,,,,False,28.77724937440169,1.043972573158416,38.644657135009766,42.517852783203125,40.6259552908457,28.87673443771368
PbI2,4.0,4.0,detector_qspace_per_pixel,detector_qr_band_per_qz_bin_fast,False,3,2.73777137567738,2.73777137567738,0,0,saved_q_group_rows_no_fit_points,-,-,0.13,7,0.6081622946661657,0.6322957190576802,0.620229006861923,529,529.0,pixel_count,15811.444884802455,15811.444884802455,551.4238998293877,29.889309801138857,29.889309801138857,1.0423892246302224,15811.444884802455,15811.444884802455,551.4238998293877,29.889309801138857,,0,,,,False,29.889309801138857,1.0423892246302224,38.749778747558594,42.608062744140625,40.72382305642521,29.527188851421663
PbI2,4.0,4.0,detector_qspace_per_pixel,detector_qr_band_per_qz_bin_fast,False,3,2.73777137567738,2.73777137567738,0,0,saved_q_group_rows_no_fit_points,-,-,0.13,8,0.6322957190576802,0.6564291434491947,0.6443624312534375,538,538.0,pixel_count,15951.709671625998,15951.709671625998,558.8859110474586,29.650017976999997,29.650017976999997,1.0388213959989938,15951.709671625998,15951.709671625998,558.8859110474586,29.650017976999997,,0,,,,False,29.650017976999997,1.0388213959989938,38.85703659057617,42.70869064331055,40.840341898443924,30.11385851411587
PbI2,4.0,4.0,detector_qspace_per_pixel,detector_qr_band_per_qz_bin_fast,False,3,2.73777137567738,2.73777137567738,0,0,saved_q_group_rows_no_fit_points,-,-,0.13,9,0.6564291434491947,0.6805625678407091,0.6684958556449518,538,538.0,pixel_count,16665.768113453276,16665.768113453276,557.7347712516785,30.977264151400142,30.977264151400142,1.0366817309510752,16665.768113453276,16665.768113453276,557.7347712516785,30.977264151400142,,0,,,,False,30.977264151400142,1.0366817309510752,38.96638488769531,42.802490234375,40.93566744092323,30.977693854515813
PbI2,4.0,4.0,detector_qspace_per_pixel,detector_qr_band_per_qz_bin_fast,False,3,2.73777137567738,2.73777137567738,0,0,saved_q_group_rows_no_fit_points,-,-,0.13,10,0.6805625678407091,0.7046959922322237,0.6926292800364664,542,542.0,pixel_count,17265.334756324988,17265.334756324988,560.0139683485031,31.854861174031342,31.854861174031342,1.0332361039640279,17265.334756324988,17265.334756324988,560.0139683485031,31.854861174031342,,0,,,,False,31.854861174031342,1.0332361039640279,39.0777702331543,42.907283782958984,41.04182984499308,32.22488313348132
PbI2,4.0,4.0,detector_qspace_per_pixel,detector_qr_band_per_qz_bin_fast,False,3,2.73777137567738,2.73777137567738,0,0,saved_q_group_rows_no_fit_points,-,-,0.13,11,0.7046959922322237,0.7288294166237382,0.716762704427981,546,546.0,pixel_count,18512.06153001774,18512.06153001774,561.4421408176422,33.90487459710209,33.90487459710209,1.028282309189821,18512.06153001774,18512.06153001774,561.4421408176422,33.90487459710209,,0,,,,False,33.90487459710209,1.028282309189821,39.19114303588867,43.0045166015625,41.16243371634178,33.834900255637876
PbI2,4.0,4.0,detector_qspace_per_pixel,detector_qr_band_per_qz_bin_fast,False,3,2.73777137567738,2.73777137567738,0,0,saved_q_group_rows_no_fit_points,-,-,0.13,12,0.7288294166237382,0.7529628410152527,0.7408961288194955,550,550.0,pixel_count,19401.82472404339,19401.82472404339,563.5274370908737,35.27604495280616,35.27604495280616,1.024595340165225,19401.82472404339,19401.82472404339,563.5274370908737,35.27604495280616,,0,,,,False,35.27604495280616,1.024595340165225,39.306453704833984,43.1427116394043,41.26654232287812,35.84767161064332
PbI2,4.0,4.0,detector_qspace_per_pixel,detector_qr_band_per_qz_bin_fast,False,3,2.73777137567738,2.73777137567738,0,0,saved_q_group_rows_no_fit_points,-,-,0.13,13,0.7529628410152527,0.7770962654067672,0.76502955321101,554,554.0,pixel_count,21206.857420670327,21206.857420670327,564.4350385665894,38.27952603009084,38.27952603009084,1.0188358096869845,21206.857420670327,21206.857420670327,564.4350385665894,38.27952603009084,,0,,,,False,38.27952603009084,1.0188358096869845,39.42365264892578,43.25300216674805,41.39311147568318,38.40570470287045
PbI2,4.0,4.0,detector_qspace_per_pixel,detector_qr_band_per_qz_bin_fast,False,3,2.73777137567738,2.73777137567738,0,0,saved_q_group_rows_no_fit_points,-,-,0.13,14,0.7770962654067672,0.8012296897982817,0.7891629776025244,557,557.0,pixel_count,23190.243443718762,23190.243443718762,565.1183067560196,41.63418930649688,41.63418930649688,1.0145750570126024,23190.243443718762,23190.243443718762,565.1183067560196,41.63418930649688,,0,,,,False,41.63418930649688,1.0145750570126024,39.54269027709961,43.3547248840332,41.499405443900606,40.963628659604055
PbI2,4.0,4.0,detector_qspace_per_pixel,detector_qr_band_per_qz_bin_fast,False,3,2.73777137567738,2.73777137567738,0,0,saved_q_group_rows_no_fit_points,-,-,0.13,15,0.8012296897982817,0.8253631141897962,0.813296401994039,563,563.0,pixel_count,24548.928616222423,24548.928616222423,567.2850567102432,43.603780845865764,43.603780845865764,1.0076111131620662,24548.928616222423,24548.928616222423,567.2850567102432,43.603780845865764,,0,,,,False,43.603780845865764,1.0076111131620662,39.663516998291016,43.507423400878906,41.63912869845674,42.316414636065744
PbI2,4.0,4.0,detector_qspace_per_pixel,detector_qr_band_per_qz_bin_fast,False,3,2.73777137567738,2.73777137567738,0,0,saved_q_group_rows_no_fit_points,-,-,0.13,16,0.8253631141897962,0.8494965385813108,0.8374298263855535,567,567.0,pixel_count,24159.512530830492,24159.512530830492,568.7451258897781,42.60936954291092,42.60936954291092,1.003077823438762,24159.512530830492,24159.512530830492,568.7451258897781,42.60936954291092,,0,,,,False,42.60936954291092,1.003077823438762,39.78608322143555,43.62308883666992,41.74924789463563,41.68343828929966
PbI2,4.0,4.0,detector_qspace_per_pixel,detector_qr_band_per_qz_bin_fast,False,3,2.73777137567738,2.73777137567738,0,0,saved_q_group_rows_no_fit_points,-,-,0.13,17,0.8494965385813108,0.8736299629728252,0.8615632507770681,570,570.0,pixel_count,22644.21693068578,22644.21693068578,567.7604950070381,39.72669636962417,39.72669636962417,0.9960710438719967,22644.21693068578,22644.21693068578,567.7604950070381,39.72669636962417,,0,,,,False,39.72669636962417,0.9960710438719967,39.9240837097168,43.729183197021484,41.88896696492394,39.429297663437254
PbI2,4.0,4.0,detector_qspace_per_pixel,detector_qr_band_per_qz_bin_fast,False,3,2.73777137567738,2.73777137567738,0,0,saved_q_group_rows_no_fit_points,-,-,0.13,18,0.8736299629728252,0.8977633873643397,0.8856966751685824,575,575.0,pixel_count,20662.46524501456,20662.46524501456,569.246979534626,35.93472216524271,35.93472216524271,0.9899947470167408,20662.46524501456,20662.46524501456,569.246979534626,35.93472216524271,,0,,,,False,35.93472216524271,0.9899947470167408,40.05029296875,43.88619613647461,42.01982749413616,36.81814877006502
PbI2,4.0,4.0,detector_qspace_per_pixel,detector_qr_band_per_qz_bin_fast,False,3,2.73777137567738,2.73777137567738,0,0,saved_q_group_rows_no_fit_points,-,-,0.13,19,0.8977633873643397,0.9218968117558544,0.909830099560097,579,579.0,pixel_count,20150.632585768824,20150.632585768824,569.8074824810028,34.802474241396936,34.802474241396936,0.9841234585164125,20150.632585768824,20150.632585768824,569.8074824810028,34.802474241396936,,0,,,,False,34.802474241396936,0.9841234585164125,40.17808151245117,44.00677490234375,42.14991558528223,34.868177655039794
PbI2,4.0,4.0,detector_qspace_per_pixel,detector_qr_band_per_qz_bin_fast,False,3,2.73777137567738,2.73777137567738,0,0,saved_q_group_rows_no_fit_points,-,-,0.13,20,0.9218968117558544,0.9460302361473689,0.9339635239516116,585,585.0,pixel_count,19535.87206661726,19535.87206661726,571.9837165474892,33.39465310532865,33.39465310532865,0.9777499428162209,19535.87206661726,19535.87206661726,571.9837165474892,33.39465310532865,,0,,,,False,33.39465310532865,0.9777499428162209,40.30740737915039,44.16645050048828,42.287648471137295,33.41737887170795
PbI2,4.0,4.0,detector_qspace_per_pixel,detector_qr_band_per_qz_bin_fast,False,3,2.73777137567738,2.73777137567738,0,0,saved_q_group_rows_no_fit_points,-,-,0.13,21,0.9460302361473689,0.9701636605388833,0.9580969483431261,588,588.0,pixel_count,18811.871467962923,18811.871467962923,571.1627060770988,31.992978687011774,31.992978687011774,0.9713651463896239,18811.871467962923,18811.871467962923,571.1627060770988,31.992978687011774,,0,,,,False,31.992978687011774,0.9713651463896239,40.49480438232422,44.277679443359375,42.428830003804684,32.14858457184803
PbI2,4.0,4.0,detector_qspace_per_pixel,detector_qr_band_per_qz_bin_fast,False,3,2.73777137567738,2.73777137567738,0,0,saved_q_group_rows_no_fit_points,-,-,0.13,22,0.9701636605388833,0.9942970849303978,0.9822303727346405,596,596.0,pixel_count,18462.441192174443,18462.441192174443,575.1728407144547,30.97725032244034,30.97725032244034,0.9650551018698904,18462.441192174443,18462.441192174443,575.1728407144547,30.97725032244034,,0,,,,False,30.97725032244034,0.9650551018698904,40.62704086303711,44.402713775634766,42.57142817654582,31.100155320969893
PbI2,4.0,4.0,detector_qspace_per_pixel,detector_qr_band_per_qz_bin_fast,False,3,2.73777137567738,2.73777137567738,0,0,saved_q_group_rows_no_fit_points,-,-,0.13,23,0.9942970849303978,1.0184305093219124,1.0063637971261552,598,598.0,pixel_count,18057.997380792618,18057.997380792618,573.1040446162224,30.197320034770264,30.197320034770264,0.9583679675856561,18057.997380792618,18057.997380792618,573.1040446162224,30.197320034770264,,0,,,,False,30.197320034770264,0.9583679675856561,40.7762336730957,44.56588363647461,42.72212552867207,30.304708932576133
PbI2,4.0,4.0,detector_qspace_per_pixel,detector_qr_band_per_qz_bin_fast,False,3,2.73777137567738,2.73777137567738,0,0,saved_q_group_rows_no_fit_points,-,-,0.13,24,1.0184305093219124,1.0425639337134267,1.0304972215176695,609,609.0,pixel_count,18015.357448023602,18015.357448023602,580.059999704361,29.581867730744833,29.581867730744833,0.95247947406299,18015.357448023602,18015.357448023602,580.059999704361,29.581867730744833,,0,,,,False,29.581867730744833,0.95247947406299,40.911441802978516,44.69371795654297,42.86660480905237,29.764823496411044
PbI2,4.0,4.0,detector_qspace_per_pixel,detector_qr_band_per_qz_bin_fast,False,3,2.73777137567738,2.73777137567738,0,0,saved_q_group_rows_no_fit_points,-,-,0.13,25,1.0425639337134267,1.0666973581049413,1.0546306459091839,609,609.0,pixel_count,17942.019261468566,17942.019261468566,575.8802164196968,29.461443779094523,29.461443779094523,0.9456161189157583,17942.019261468566,17942.019261468566,575.8802164196968,29.461443779094523,,0,,,,False,29.461443779094523,0.9456161189157583,41.10436248779297,44.85899353027344,43.02758485769294,29.42045888749361
PbI2,4.0,4.0,detector_qspace_per_pixel,detector_qr_band_per_qz_bin_fast,False,3,2.73777137567738,2.73777137567738,0,0,saved_q_group_rows_no_fit_points,-,-,0.13,26,1.0666973581049413,1.090830782496456,1.0787640703006987,615,615.0,pixel_count,17994.511728308185,17994.511728308185,577.9751358032227,29.259368663915748,29.259368663915748,0.9397969687857279,17994.511728308185,17994.511728308185,577.9751358032227,29.259368663915748,,0,,,,False,29.259368663915748,0.9397969687857279,41.242027282714844,45.02508544921875,43.17721981291773,29.0561459302239
PbI2,4.0,4.0,detector_qspace_per_pixel,detector_qr_band_per_qz_bin_fast,False,3,2.73777137567738,2.73777137567738,0,0,saved_q_group_rows_no_fit_points,-,-,0.13,27,1.090830782496456,1.1149642068879704,1.1028974946922132,624,624.0,pixel_count,17637.83468565804,17637.83468565804,582.9144883751869,28.265760714195576,28.265760714195576,0.9341578339345944,17637.83468565804,17637.83468565804,582.9144883751869,28.265760714195576,,0,,,,False,28.265760714195576,0.9341578339345944,41.39751052856445,45.15657043457031,43.329966625138276,28.689803454836603
PbI2,4.0,4.0,detector_qspace_per_pixel,detector_qr_band_per_qz_bin_fast,False,3,2.73777137567738,2.73777137567738,0,0,saved_q_group_rows_no_fit_points,-,-,0.13,28,1.1149642068879704,1.139097631279485,1.1270309190837278,628,628.0,pixel_count,18031.55861428041,18031.55861428041,582.9519166350365,28.71267295267581,28.71267295267581,0.9282673831768097,18031.55861428041,18031.55861428041,582.9519166350365,28.71267295267581,,0,,,,False,28.71267295267581,0.9282673831768097,41.55463790893555,45.324440002441406,43.489371494464415,28.49916990727767
PbI2,4.0,4.0,detector_qspace_per_pixel,detector_qr_band_per_qz_bin_fast,False,3,2.73777137567738,2.73777137567738,0,0,saved_q_group_rows_no_fit_points,-,-,0.13,29,1.139097631279485,1.1632310556709995,1.151164343475242,637,637.0,pixel_count,18098.925528161944,18098.925528161944,587.2496719956398,28.412755931180445,28.412755931180445,0.9218990141218835,18098.925528161944,18098.925528161944,587.2496719956398,28.412755931180445,,0,,,,False,28.412755931180445,0.9218990141218835,41.73509216308594,45.50716781616211,43.66004542216696,28.236221363484532
PbI2,4.0,4.0,detector_qspace_per_pixel,detector_qr_band_per_qz_bin_fast,False,3,2.73777137567738,2.73777137567738,0,0,saved_q_group_rows_no_fit_points,-,-,0.13,30,1.1632310556709995,1.1873644800625138,1.1752977678667567,639,639.0,pixel_count,17624.98431879378,17624.98431879378,585.4612972140312,27.58213508418432,27.58213508418432,0.9162148626197671,17624.98431879378,17624.98431879378,585.4612972140312,27.58213508418432,,0,,,,False,27.58213508418432,0.9162148626197671,41.894676208496094,45.64204025268555,43.82563613186656,27.854513885029586
PbI2,4.0,4.0,detector_qspace_per_pixel,detector_qr_band_per_qz_bin_fast,False,3,2.73777137567738,2.73777137567738,0,0,saved_q_group_rows_no_fit_points,-,-,0.13,31,1.1873644800625138,1.2114979044540284,1.1994311922582712,648,648.0,pixel_count,17946.783634046402,17946.783634046402,590.2436446547508,27.695653756244447,27.695653756244447,0.9108698219980722,17946.783634046402,17946.783634046402,590.2436446547508,27.695653756244447,,0,,,,False,27.695653756244447,0.9108698219980722,42.05569839477539,45.812191009521484,43.991018250888295,27.568396763090526
PbI2,4.0,4.0,detector_qspace_per_pixel,detector_qr_band_per_qz_bin_fast,False,3,2.73777137567738,2.73777137567738,0,0,saved_q_group_rows_no_fit_points,-,-,0.13,32,1.2114979044540284,1.235631328845543,1.2235646166497856,655,655.0,pixel_count,17843.228375521026,17843.228375521026,593.134333729744,27.2415700389634,27.2415700389634,0.905548601114113,17843.228375521026,17843.228375521026,593.134333729744,27.2415700389634,,0,,,,False,27.2415700389634,0.905548601114113,42.2559700012207,45.99760437011719,44.15987910603168,27.326721219401776
PbI2,4.0,4.0,detector_qspace_per_pixel,detector_qr_band_per_qz_bin_fast,False,3,2.73777137567738,2.73777137567738,0,0,saved_q_group_rows_no_fit_points,-,-,0.13,33,1.235631328845543,1.2597647532370573,1.2476980410413,662,662.0,pixel_count,17979.773851864546,17979.773851864546,595.7705180048943,27.159779232423784,27.159779232423784,0.8999554652641907,17979.773851864546,17979.773851864546,595.7705180048943,27.159779232423784,,0,,,,False,27.159779232423784,0.8999554652641907,42.41931915283203,46.13536834716797,44.33793705842664,27.08156088941781
PbI2,4.0,4.0,detector_qspace_per_pixel,detector_qr_band_per_qz_bin_fast,False,3,2.73777137567738,2.73777137567738,0,0,saved_q_group_rows_no_fit_points,-,-,0.13,34,1.2597647532370573,1.283898177628572,1.2718314654328147,669,669.0,pixel_count,17903.056304587728,17903.056304587728,598.507043659687,26.760921232567604,26.760921232567604,0.8946293627200105,17903.056304587728,17903.056304587728,598.507043659687,26.760921232567604,,0,,,,False,26.760921232567604,0.8946293627200105,42.62104415893555,46.32243728637695,44.51656891916701,26.816192155849897
PbI2,4.0,4.0,detector_qspace_per_pixel,detector_qr_band_per_qz_bin_fast,False,3,2.73777137567738,2.73777137567738,0,0,saved_q_group_rows_no_fit_points,-,-,0.13,35,1.283898177628572,1.3080316020200866,1.2959648898243294,679,679.0,pixel_count,18099.67232146319,18099.67232146319,604.3929695487022,26.656365716440632,26.656365716440632,0.890122193738884,18099.67232146319,18099.67232146319,604.3929695487022,26.656365716440632,,0,,,,False,26.656365716440632,0.890122193738884,42.78645324707031,46.49485778808594,44.68754603175615,26.48603930225999
PbI2,4.0,4.0,detector_qspace_per_pixel,detector_qr_band_per_qz_bin_fast,False,3,2.73777137567738,2.73777137567738,0,0,saved_q_group_rows_no_fit_points,-,-,0.13,36,1.3080316020200866,1.332165026411601,1.3200983142158438,681,681.0,pixel_count,17718.716525245294,17718.716525245294,602.2597928643227,26.018673311667097,26.018673311667097,0.8843756136039981,17718.716525245294,17718.716525245294,602.2597928643227,26.018673311667097,,0,,,,False,26.018673311667097,0.8843756136039981,42.98937225341797,46.68299102783203,44.881116517974554,26.05001254167552
PbI2,4.0,4.0,detector_qspace_per_pixel,detector_qr_band_per_qz_bin_fast,False,3,2.73777137567738,2.73777137567738,0,0,saved_q_group_rows_no_fit_points,-,-,0.13,37,1.332165026411601,1.3562984508031155,1.3442317386073581,693,693.0,pixel_count,17620.242178664,17620.242178664,609.8356296420097,25.426034889847042,25.426034889847042,0.8799936935671137,17620.242178664,17620.242178664,609.8356296420097,25.426034889847042,,0,,,,False,25.426034889847042,0.8799936935671137,43.156585693359375,46.87164306640625,45.05969132237745,25.684428537789152
PbI2,4.0,4.0,detector_qspace_per_pixel,detector_qr_band_per_qz_bin_fast,False,3,2.73777137567738,2.73777137567738,0,0,saved_q_group_rows_no_fit_points,-,-,0.13,38,1.3562984508031155,1.38043187519463,1.368365162998873,702,702.0,pixel_count,17976.68967460372,17976.68967460372,614.5714721679688,25.60782004929305,25.60782004929305,0.875457937561209,17976.68967460372,17976.68967460372,614.5714721679688,25.60782004929305,,0,,,,False,25.60782004929305,0.875457937561209,43.32478332519531,47.06074905395508,45.24516468569501,25.50449964158505
PbI2,4.0,4.0,detector_qspace_per_pixel,detector_qr_band_per_qz_bin_fast,False,3,2.73777137567738,2.73777137567738,0,0,saved_q_group_rows_no_fit_points,-,-,0.13,39,1.38043187519463,1.4045652995861444,1.3924985873903872,710,710.0,pixel_count,18071.61928176362,18071.61928176362,618.0742194056511,25.45298490389242,25.45298490389242,0.870527069585424,18071.61928176362,18071.61928176362,618.0742194056511,25.45298490389242,,0,,,,False,25.45298490389242,0.870527069585424,43.54837417602539,47.250244140625,45.44100208688537,25.295173271190357
PbI2,4.0,4.0,detector_qspace_per_pixel,detector_qr_band_per_qz_bin_fast,False,3,2.73777137567738,2.73777137567738,0,0,saved_q_group_rows_no_fit_points,-,-,0.13,40,1.4045652995861444,1.428698723977659,1.4166320117819016,716,716.0,pixel_count,17726.54747951365,17726.54747951365,620.331515610218,24.757747876415714,24.757747876415714,0.8663847983382934,17726.54747951365,17726.54747951365,620.331515610218,24.757747876415714,,0,,,,False,24.757747876415714,0.8663847983382934,43.753082275390625,47.4400749206543,45.62910545670126,25.04619166794882
PbI2,4.0,4.0,detector_qspace_per_pixel,detector_qr_band_per_qz_bin_fast,False,3,2.73777137567738,2.73777137567738,0,0,saved_q_group_rows_no_fit_points,-,-,0.13,41,1.428698723977659,1.4528321483691735,1.4407654361734163,730,730.0,pixel_count,18217.036455172587,18217.036455172587,629.194914162159,24.95484445914053,24.95484445914053,0.861910841318026,18217.036455172587,18217.036455172587,629.194914162159,24.95484445914053,,0,,,,False,24.95484445914053,0.861910841318026,43.923343658447266,47.63018035888672,45.82723175818324,25.00063873407036
PbI2,4.0,4.0,detector_qspace_per_pixel,detector_qr_band_per_qz_bin_fast,False,3,2.73777137567738,2.73777137567738,0,0,saved_q_group_rows_no_fit_points,-,-,0.13,42,1.4528321483691735,1.4769655727606879,1.4648988605649307,735,735.0,pixel_count,18484.461922875536,18484.461922875536,630.313317656517,25.14892778622522,25.14892778622522,0.8575691396687306,18484.461922875536,18484.461922875536,630.313317656517,25.14892778622522,,0,,,,False,25.14892778622522,0.8575691396687306,44.148094177246094,47.820499420166016,46.027901448797635,25.08216413109481
PbI2,4.0,4.0,detector_qspace_per_pixel,detector_qr_band_per_qz_bin_fast,False,3,2.73777137567738,2.73777137567738,0,0,saved_q_group_rows_no_fit_points,-,-,0.13,43,1.4769655727606879,1.5010989971522026,1.4890322849564452,747,747.0,pixel_count,18900.936339775737,18900.936339775737,637.8773157596588,25.302458286179032,25.302458286179032,0.853918762730467,18900.936339775737,18900.936339775737,637.8773157596588,25.302458286179032,,0,,,,False,25.302458286179032,0.853918762730467,44.3195915222168,48.010982513427734,46.22238660096867,25.017419772186216
PbI2,4.0,4.0,detector_qspace_per_pixel,detector_qr_band_per_qz_bin_fast,False,3,2.73777137567738,2.73777137567738,0,0,saved_q_group_rows_no_fit_points,-,-,0.13,44,1.5010989971522026,1.5252324215437172,1.5131657093479598,758,758.0,pixel_count,18558.799461303777,18558.799461303777,644.3248578906059,24.48390430251158,24.48390430251158,0.8500327940509314,18558.799461303777,18558.799461303777,644.3248578906059,24.48390430251158,,0,,,,False,24.48390430251158,0.8500327940509314,44.544960021972656,48.20157241821289,46.42557487438934,24.78705697079893
PbI2,4.0,4.0,detector_qspace_per_pixel,detector_qr_band_per_qz_bin_fast,False,3,2.73777137567738,2.73777137567738,0,0,saved_q_group_rows_no_fit_points,-,-,0.13,45,1.5252324215437172,1.5493658459352315,1.5372991337394744,767,767.0,pixel_count,19085.086351034184,19085.086351034184,649.1236799955368,24.882772296002848,24.882772296002848,0.8463150977777534,19085.086351034184,19085.086351034184,649.1236799955368,24.882772296002848,,0,,,,False,24.882772296002848,0.8463150977777534,44.77037811279297,48.408714294433594,46.63005693335847,24.533086756644273
PbI2,4.0,4.0,detector_qspace_per_pixel,detector_qr_band_per_qz_bin_fast,False,3,2.73777137567738,2.73777137567738,0,0,saved_q_group_rows_no_fit_points,-,-,0.13,46,1.5493658459352315,1.573499270326746,1.561432558130989,775,775.0,pixel_count,18593.95542698027,18593.95542698027,653.2260224223137,23.992200550942282,23.992200550942282,0.8428722869965338,18593.95542698027,18593.95542698027,653.2260224223137,23.992200550942282,,0,,,,False,23.992200550942282,0.8428722869965338,44.96324920654297,48.59944534301758,46.83546893157888,24.182398549692678
PbI2,4.0,4.0,detector_qspace_per_pixel,detector_qr_band_per_qz_bin_fast,False,3,2.73777137567738,2.73777137567738,0,0,saved_q_group_rows_no_fit_points,-,-,0.13,47,1.573499270326746,1.5976326947182606,1.5855659825225032,787,787.0,pixel_count,18774.39845569718,18774.39845569718,660.7182503342628,23.85565242147037,23.85565242147037,0.8395403434996986,18774.39845569718,18774.39845569718,660.7182503342628,23.85565242147037,,0,,,,False,23.85565242147037,0.8395403434996986,45.18898391723633,48.806800842285156,47.042825342746795,23.872902061011487
PbI2,4.0,4.0,detector_qspace_per_pixel,detector_qr_band_per_qz_bin_fast,False,3,2.73777137567738,2.73777137567738,0,0,saved_q_group_rows_no_fit_points,-,-,0.13,48,1.5976326947182606,1.621766119109775,1.6096994069140178,797,797.0,pixel_count,18764.019366350665,18764.019366350665,666.4235412478447,23.54331162653785,23.54331162653785,0.8361650454803572,18764.019366350665,18764.019366350665,666.4235412478447,23.54331162653785,,0,,,,False,23.54331162653785,0.8361650454803572,45.41456604003906,49.0257453918457,47.25628774868999,23.751589123035703
PbI2,4.0,4.0,detector_qspace_per_pixel,detector_qr_band_per_qz_bin_fast,False,3,2.73777137567738,2.73777137567738,0,0,saved_q_group_rows_no_fit_points,-,-,0.13,49,1.621766119109775,1.6458995435012895,1.6338328313055324,811,811.0,pixel_count,19363.012103373876,19363.012103373876,675.2964012026787,23.875477316120687,23.875477316120687,0.832671271519949,19363.012103373876,19363.012103373876,675.2964012026787,23.875477316120687,,0,,,,False,23.875477316120687,0.832671271519949,45.63994216918945,49.23270797729492,47.47724227053907,23.808600228025607
PbI2,4.0,4.0,detector_qspace_per_pixel,detector_qr_band_per_qz_bin_fast,False,3,2.73777137567738,2.73777137567738,0,0,saved_q_group_rows_no_fit_points,-,-,0.13,50,1.6458995435012895,1.670032967892804,1.6579662556970467,824,824.0,pixel_count,19706.82298996115,19706.82298996115,683.6943528056145,23.916047317914018,23.916047317914018,0.8297261563174932,19706.82298996115,19706.82298996115,683.6943528056145,23.916047317914018,,0,,,,False,23.916047317914018,0.8297261563174932,45.834102630615234,49.43960952758789,47.69313507977409,23.88358393088003
PbI2,4.0,4.0,detector_qspace_per_pixel,detector_qr_band_per_qz_bin_fast,False,3,2.73777137567738,2.73777137567738,0,0,saved_q_group_rows_no_fit_points,-,-,0.13,51,1.670032967892804,1.6941663922843184,1.6820996800885613,830,830.0,pixel_count,19893.854290977997,19893.854290977997,686.6267886161804,23.968499145756624,23.968499145756624,0.8272611911038318,19893.854290977997,19893.854290977997,686.6267886161804,23.968499145756624,,0,,,,False,23.968499145756624,0.8272611911038318,46.05927276611328,49.646385192871094,47.90641793482929,23.846398366076553
PbI2,4.0,4.0,detector_qspace_per_pixel,detector_qr_band_per_qz_bin_fast,False,3,2.73777137567738,2.73777137567738,0,0,saved_q_group_rows_no_fit_points,-,-,0.13,52,1.6941663922843184,1.7182998166758332,1.7062331044800758,853,853.0,pixel_count,20199.305185342673,20199.305185342673,703.5203209519386,23.680310885513098,23.680310885513098,0.8247600480093067,20199.305185342673,20199.305185342673,703.5203209519386,23.680310885513098,,0,,,,False,23.680310885513098,0.8247600480093067,46.284053802490234,49.87981033325195,48.12463839837908,23.66848870892212
PbI2,4.0,4.0,detector_qspace_per_pixel,detector_qr_band_per_qz_bin_fast,False,3,2.73777137567738,2.73777137567738,0,0,saved_q_group_rows_no_fit_points,-,-,0.13,53,1.7182998166758332,1.7424332410673478,1.7303665288715906,857,857.0,pixel_count,20087.309367109472,20087.309367109472,704.1650215983391,23.439100778424123,23.439100778424123,0.8216628023317842,20087.309367109472,20087.309367109472,704.1650215983391,23.439100778424123,,0,,,,False,23.439100778424123,0.8216628023317842,46.52897262573242,50.085811614990234,48.35979776499636,23.40919154676483
PbI2,4.0,4.0,detector_qspace_per_pixel,detector_qr_band_per_qz_bin_fast,False,3,2.73777137567738,2.73777137567738,0,0,saved_q_group_rows_no_fit_points,-,-,0.13,54,1.7424332410673478,1.766566665458862,1.754499953263105,874,874.0,pixel_count,20150.80181746475,20150.80181746475,716.3081456422806,23.05583731975372,23.05583731975372,0.8195745373481471,20150.80181746475,20150.80181746475,716.3081456422806,23.05583731975372,,0,,,,False,23.05583731975372,0.8195745373481471,46.75285339355469,50.33464431762695,48.58163353266621,23.149280220047515
PbI2,4.0,4.0,detector_qspace_per_pixel,detector_qr_band_per_qz_bin_fast,False,3,2.73777137567738,2.73777137567738,0,0,saved_q_group_rows_no_fit_points,-,-,0.13,55,1.766566665458862,1.7907000898503767,1.7786333776546193,886,886.0,pixel_count,20400.796410426366,20400.796410426366,724.1766672730446,23.025729582874003,23.025729582874003,0.8173551549357162,20400.796410426366,20400.796410426366,724.1766672730446,23.025729582874003,,0,,,,False,23.025729582874003,0.8173551549357162,46.96791076660156,50.53970718383789,48.811729737982425,22.89762374266722
PbI2,4.0,4.0,detector_qspace_per_pixel,detector_qr_band_per_qz_bin_fast,False,3,2.73777137567738,2.73777137567738,0,0,saved_q_group_rows_no_fit_points,-,-,0.13,56,1.7907000898503767,1.8148335142418912,1.802766802046134,903,903.0,pixel_count,20392.85055337173,20392.85055337173,736.5157448649406,22.5834446881193,22.5834446881193,0.8156320541139985,20392.85055337173,20392.85055337173,736.5157448649406,22.5834446881193,,0,,,,False,22.5834446881193,0.8156320541139985,47.1910514831543,50.78679656982422,49.03786812556013,22.584602652485273
PbI2,4.0,4.0,detector_qspace_per_pixel,detector_qr_band_per_qz_bin_fast,False,3,2.73777137567738,2.73777137567738,0,0,saved_q_group_rows_no_fit_points,-,-,0.13,57,1.8148335142418912,1.8389669386334055,1.8269002264376484,917,917.0,pixel_count,20254.639863037162,20254.639863037162,746.2031205296516,22.087938781938018,22.087938781938018,0.8137438609919865,20254.639863037162,20254.639863037162,746.2031205296516,22.087938781938018,,0,,,,False,22.087938781938018,0.8137438609919865,47.43427276611328,50.9907112121582,49.27407299936878,22.310732133397448
PbI2,4.0,4.0,detector_qspace_per_pixel,detector_qr_band_per_qz_bin_fast,False,3,2.73777137567738,2.73777137567738,0,0,saved_q_group_rows_no_fit_points,-,-,0.13,58,1.8389669386334055,1.8631003630249203,1.851033650829163,934,934.0,pixel_count,20891.79140311757,20891.79140311757,758.7438124418259,22.36808501404451,22.36808501404451,0.8123595422289356,20891.79140311757,20891.79140311757,758.7438124418259,22.36808501404451,,0,,,,False,22.36808501404451,0.8123595422289356,47.676822662353516,51.2358512878418,49.50589106829753,22.121081223072753
PbI2,4.0,4.0,detector_qspace_per_pixel,detector_qr_band_per_qz_bin_fast,False,3,2.73777137567738,2.73777137567738,0,0,saved_q_group_rows_no_fit_points,-,-,0.13,59,1.8631003630249203,1.8872337874164347,1.8751670752206775,950,950.0,pixel_count,20672.469923918194,20672.469923918194,770.4411023855209,21.760494656755995,21.760494656755995,0.810990634090022,20672.469923918194,20672.469923918194,770.4411023855209,21.760494656755995,,0,,,,False,21.760494656755995,0.810990634090022,47.918643951416016,51.45551300048828,49.74544859512143,21.861048342008345
PbI2,4.0,4.0,detector_qspace_per_pixel,detector_qr_band_per_qz_bin_fast,False,3,2.73777137567738,2.73777137567738,0,0,saved_q_group_rows_no_fit_points,-,-,0.13,60,1.8872337874164347,1.9113672118079492,1.8993004996121918,968,968.0,pixel_count,20896.520340802923,20896.520340802923,784.0536779761314,21.587314401655913,21.587314401655913,0.8099728078265821,20896.520340802923,20896.520340802923,784.0536779761314,21.587314401655913,,0,,,,False,21.587314401655913,0.8099728078265821,48.1596794128418,51.6984977722168,49.98384445851287,21.57097808691437
PbI2,4.0,4.0,detector_qspace_per_pixel,detector_qr_band_per_qz_bin_fast,False,3,2.73777137567738,2.73777137567738,0,0,saved_q_group_rows_no_fit_points,-,-,0.13,61,1.9113672118079492,1.935500636199464,1.9234339240037066,981,981.0,pixel_count,20954.719533046537,20954.719533046537,793.7434184551239,21.36057037007802,21.36057037007802,0.8091166345108297,20954.719533046537,20954.719533046537,793.7434184551239,21.36057037007802,,0,,,,False,21.36057037007802,0.8091166345108297,48.42061996459961,51.940147399902344,50.22635766647186,21.25384781845313
PbI2,4.0,4.0,detector_qspace_per_pixel,detector_qr_band_per_qz_bin_fast,False,3,2.73777137567738,2.73777137567738,0,0,saved_q_group_rows_no_fit_points,-,-,0.13,62,1.935500636199464,1.9596340605909783,1.9475673483952212,1002,1002.0,pixel_count,20831.71837942637,20831.71837942637,810.1443191170692,20.79013810321993,20.79013810321993,0.8085272645878935,20831.71837942637,20831.71837942637,810.1443191170692,20.79013810321993,,0,,,,False,20.79013810321993,0.8085272645878935,48.65990447998047,52.197444915771484,50.470726802204894,20.88038744147064
PbI2,4.0,4.0,detector_qspace_per_pixel,detector_qr_band_per_qz_bin_fast,False,3,2.73777137567738,2.73777137567738,0,0,saved_q_group_rows_no_fit_points,-,-,0.13,63,1.9596340605909783,1.9837674849824927,1.9717007727867355,1021,1021.0,pixel_count,20966.977274681398,20966.977274681398,825.3547720313072,20.535727007523406,20.535727007523406,0.8083788168768925,20966.977274681398,20966.977274681398,825.3547720313072,20.535727007523406,,0,,,,False,20.535727007523406,0.8083788168768925,48.89824295043945,52.41352081298828,50.71387499082189,20.540935062104996
PbI2,4.0,4.0,detector_qspace_per_pixel,detector_qr_band_per_qz_bin_fast,False,3,2.73777137567738,2.73777137567738,0,0,saved_q_group_rows_no_fit_points,-,-,0.13,64,1.9837674849824927,2.0079009093740074,1.99583419717825,1038,1038.0,pixel_count,21002.466826121265,21002.466826121265,838.9596838951111,20.233590391253628,20.233590391253628,0.8082463235983729,21002.466826121265,21002.466826121265,838.9596838951111,20.233590391253628,,0,,,,False,20.233590391253628,0.8082463235983729,49.156280517578125,52.66823959350586,50.96516846003517,20.267554510045382
PbI2,4.0,4.0,detector_qspace_per_pixel,detector_qr_band_per_qz_bin_fast,False,3,2.73777137567738,2.73777137567738,0,0,saved_q_group_rows_no_fit_points,-,-,0.13,65,2.0079009093740074,2.032034333765522,2.019967621569765,1063,1063.0,pixel_count,21230.15969849857,21230.15969849857,859.5219247341156,19.971928220600724,19.971928220600724,0.8085813026661482,21230.15969849857,21230.15969849857,859.5219247341156,19.971928220600724,,0,,,,False,19.971928220600724,0.8085813026661482,49.41321563720703,52.921382904052734,51.21552337040124,20.07869354960053
PbI2,4.0,4.0,detector_qspace_per_pixel,detector_qr_band_per_qz_bin_fast,False,3,2.73777137567738,2.73777137567738,0,0,saved_q_group_rows_no_fit_points,-,-,0.13,66,2.032034333765522,2.056167758157036,2.0441010459612787,1079,1079.0,pixel_count,21658.237795440018,21658.237795440018,873.1664499640465,20.072509541649694,20.072509541649694,0.8092367469546307,21658.237795440018,21658.237795440018,873.1664499640465,20.072509541649694,,0,,,,False,20.072509541649694,0.8092367469546307,49.693458557128906,53.172916412353516,51.46849322605736,19.946960531535492
PbI2,4.0,4.0,detector_qspace_per_pixel,detector_qr_band_per_qz_bin_fast,False,3,2.73777137567738,2.73777137567738,0,0,saved_q_group_rows_no_fit_points,-,-,0.13,67,2.056167758157036,2.080301182548551,2.0682344703527935,1098,1098.0,pixel_count,21651.416109562455,21651.416109562455,889.5320811271667,19.718958205430287,19.718958205430287,0.8101385074017912,21651.416109562455,21651.416109562455,889.5320811271667,19.718958205430287,,0,,,,False,19.718958205430287,0.8101385074017912,49.9476203918457,53.422794342041016,51.724046887823555,19.770247321741138
PbI2,4.0,4.0,detector_qspace_per_pixel,detector_qr_band_per_qz_bin_fast,False,3,2.73777137567738,2.73777137567738,0,0,saved_q_group_rows_no_fit_points,-,-,0.13,68,2.080301182548551,2.1044346069400652,2.0923678947443083,1124,1124.0,pixel_count,22102.12723641245,22102.12723641245,912.3347834348679,19.663814267270862,19.663814267270862,0.8116857503868932,22102.12723641245,22102.12723641245,912.3347834348679,19.663814267270862,,0,,,,False,19.663814267270862,0.8116857503868932,50.20052719116211,53.670982360839844,51.97625847932115,19.518974155933186
PbI2,4.0,4.0,detector_qspace_per_pixel,detector_qr_band_per_qz_bin_fast,False,3,2.73777137567738,2.73777137567738,0,0,saved_q_group_rows_no_fit_points,-,-,0.13,69,2.1044346069400652,2.1285680313315796,2.116501319135822,1148,1148.0,pixel_count,21934.73544465044,21934.73544465044,933.7369583845139,19.10691240823209,19.10691240823209,0.8133597198471375,21934.73544465044,21934.73544465044,933.7369583845139,19.10691240823209,,0,,,,False,19.10691240823209,0.8133597198471375,50.45212173461914,53.934165954589844,52.23700156875368,19.205962904343785
PbI2,4.0,4.0,detector_qspace_per_pixel,detector_qr_band_per_qz_bin_fast,False,3,2.73777137567738,2.73777137567738,0,0,saved_q_group_rows_no_fit_points,-,-,0.13,70,2.1285680313315796,2.1527014557230943,2.140634743527337,1169,1169.0,pixel_count,22045.72266003025,22045.72266003025,953.6251944899559,18.858616475646066,18.858616475646066,0.81576150084684,22045.72266003025,22045.72266003025,953.6251944899559,18.858616475646066,,0,,,,False,18.858616475646066,0.81576150084684,50.72274398803711,54.158626556396484,52.49121817610039,18.95752851979332
PbI2,4.0,4.0,detector_qspace_per_pixel,detector_qr_band_per_qz_bin_fast,False,3,2.73777137567738,2.73777137567738,0,0,saved_q_group_rows_no_fit_points,-,-,0.13,71,2.1527014557230943,2.1768348801146087,2.1647681679188517,1197,1197.0,pixel_count,22644.61368783757,22644.61368783757,979.2424228191376,18.917805921334644,18.917805921334644,0.8180805537336153,22644.61368783757,22644.61368783757,979.2424228191376,18.917805921334644,,0,,,,False,18.917805921334644,0.8180805537336153,50.97152328491211,54.43825912475586,52.762109745393566,18.770504610744513
PbI2,4.0,4.0,detector_qspace_per_pixel,detector_qr_band_per_qz_bin_fast,False,3,2.73777137567738,2.73777137567738,0,0,saved_q_group_rows_no_fit_points,-,-,0.13,72,2.1768348801146087,2.200968304506123,2.1889015923103656,1222,1222.0,pixel_count,22595.896099404286,22595.896099404286,1003.6289774179459,18.49091333830138,18.49091333830138,0.8213003088526561,22595.896099404286,22595.896099404286,1003.6289774179459,18.49091333830138,,0,,,,False,18.49091333830138,0.8213003088526561,51.26116943359375,54.69574737548828,53.02253458225906,18.519029650475275
PbI2,4.0,4.0,detector_qspace_per_pixel,detector_qr_band_per_qz_bin_fast,False,3,2.73777137567738,2.73777137567738,0,0,saved_q_group_rows_no_fit_points,-,-,0.13,73,2.200968304506123,2.225101728897638,2.2130350167018804,1246,1246.0,pixel_count,22658.026079959312,22658.026079959312,1027.7018122076988,18.184611621155145,18.184611621155145,0.8248008123657294,22658.026079959312,22658.026079959312,1027.7018122076988,18.184611621155145,,0,,,,False,18.184611621155145,0.8248008123657294,51.5267219543457,54.95124435424805,53.291935687099915,18.257011950389355
PbI2,4.0,4.0,detector_qspace_per_pixel,detector_qr_band_per_qz_bin_fast,False,3,2.73777137567738,2.73777137567738,0,0,saved_q_group_rows_no_fit_points,-,-,0.13,74,2.225101728897638,2.2492351532891526,2.237168441093395,1282,1282.0,pixel_count,23221.28775788546,23221.28775788546,1062.7054955363274,18.11332898431003,18.11332898431003,0.8289434442561056,23221.28775788546,23221.28775788546,1062.7054955363274,18.11332898431003,,0,,,,False,18.11332898431003,0.8289434442561056,51.79059982299805,55.2210693359375,53.56063989305692,18.020824863769285
PbI2,4.0,4.0,detector_qspace_per_pixel,detector_qr_band_per_qz_bin_fast,False,3,2.73777137567738,2.73777137567738,0,0,saved_q_group_rows_no_fit_points,-,-,0.13,75,2.2492351532891526,2.273368577680667,2.26130186548491,1303,1303.0,pixel_count,23135.7395858867,23135.7395858867,1086.4029315114021,17.755747955400384,17.755747955400384,0.8337704769849594,23135.7395858867,23135.7395858867,1086.4029315114021,17.755747955400384,,0,,,,False,17.755747955400384,0.8337704769849594,52.05276107788086,55.472408294677734,53.82652737365501,17.731957233120294
PbI2,4.0,4.0,detector_qspace_per_pixel,detector_qr_band_per_qz_bin_fast,False,3,2.73777137567738,2.73777137567738,0,0,saved_q_group_rows_no_fit_points,-,-,0.13,76,2.273368577680667,2.2975020020721817,2.2854352898764243,1332,1332.0,pixel_count,23051.594850184632,23051.594850184632,1117.5791950821877,17.306002139778254,17.306002139778254,0.8390234197313721,23051.594850184632,23051.594850184632,1117.5791950821877,17.306002139778254,,0,,,,False,17.306002139778254,0.8390234197313721,52.35350036621094,55.73784637451172,54.09998500264236,17.433901158468636
PbI2,4.0,4.0,detector_qspace_per_pixel,detector_qr_band_per_qz_bin_fast,False,3,2.73777137567738,2.73777137567738,0,0,saved_q_group_rows_no_fit_points,-,-,0.13,77,2.2975020020721817,2.321635426463696,2.3095687142679386,1366,1366.0,pixel_count,23662.461460262908,23662.461460262908,1154.16158503294,17.322446164174895,17.322446164174895,0.8449206332598389,23662.461460262908,23662.461460262908,1154.16158503294,17.322446164174895,,0,,,,False,17.322446164174895,0.8449206332598389,52.63136672973633,56.01866149902344,54.37546761344398,17.185420240329726
PbI2,4.0,4.0,detector_qspace_per_pixel,detector_qr_band_per_qz_bin_fast,False,3,2.73777137567738,2.73777137567738,0,0,saved_q_group_rows_no_fit_points,-,-,0.13,78,2.321635426463696,2.3457688508552104,2.3337021386594534,1401,1401.0,pixel_count,23431.811269369082,23431.811269369082,1192.9102123975754,16.72506157699435,16.72506157699435,0.8514705299054784,23431.811269369082,23431.811269369082,1192.9102123975754,16.72506157699435,,0,,,,False,16.72506157699435,0.8514705299054784,52.926876068115234,56.295108795166016,54.6544423017866,17.012569052423167
PbI2,4.0,4.0,detector_qspace_per_pixel,detector_qr_band_per_qz_bin_fast,False,3,2.73777137567738,2.73777137567738,0,0,saved_q_group_rows_no_fit_points,-,-,0.13,79,2.3457688508552104,2.369902275246725,2.3578355630509678,1436,1436.0,pixel_count,24470.749138843454,24470.749138843454,1233.4212507605553,17.04091165657622,17.04091165657622,0.8589284476048435,24470.749138843454,24470.749138843454,1233.4212507605553,17.04091165657622,,0,,,,False,17.04091165657622,0.8589284476048435,53.18075942993164,56.57011795043945,54.92945595191852,17.035884040652775
PbI2,4.0,4.0,detector_qspace_per_pixel,detector_qr_band_per_qz_bin_fast,False,3,2.73777137567738,2.73777137567738,0,0,saved_q_group_rows_no_fit_points,-,-,0.13,80,2.369902275246725,2.3940356996382395,2.381968987442482,1473,1473.0,pixel_count,25424.93045739966,25424.93045739966,1277.2245978713036,17.26064525281715,17.26064525281715,0.8670906978080811,25424.93045739966,25424.93045739966,1277.2245978713036,17.26064525281715,,0,,,,False,17.26064525281715,0.8670906978080811,53.47149658203125,56.841217041015625,55.21006978795722,17.135766035372683
PbI2,4.0,4.0,detector_qspace_per_pixel,detector_qr_band_per_qz_bin_fast,False,3,2.73777137567738,2.73777137567738,0,0,saved_q_group_rows_no_fit_points,-,-,0.13,81,2.3940356996382395,2.418169124029754,2.406102411833997,1507,1507.0,pixel_count,25681.662840779576,25681.662840779576,1320.206514120102,17.041581181671916,17.041581181671916,0.8760494453351705,25681.662840779576,25681.662840779576,1320.206514120102,17.041581181671916,,0,,,,False,17.041581181671916,0.8760494453351705,53.7591438293457,57.125972747802734,55.49208474113724,17.220515435188744
PbI2,4.0,4.0,detector_qspace_per_pixel,detector_qr_band_per_qz_bin_fast,False,3,2.73777137567738,2.73777137567738,0,0,saved_q_group_rows_no_fit_points,-,-,0.13,82,2.418169124029754,2.4423025484212686,2.430235836225511,1546,1546.0,pixel_count,26918.996711586362,26918.996711586362,1369.7199576497078,17.41202892081912,17.41202892081912,0.8859766867074436,26918.996711586362,26918.996711586362,1369.7199576497078,17.41202892081912,,0,,,,False,17.41202892081912,0.8859766867074436,54.0447998046875,57.391544342041016,55.77314925255716,17.425152245201364
PbI2,4.0,4.0,detector_qspace_per_pixel,detector_qr_band_per_qz_bin_fast,False,3,2.73777137567738,2.73777137567738,0,0,saved_q_group_rows_no_fit_points,-,-,0.13,83,2.4423025484212686,2.466435972812783,2.4543692606170255,1584,1584.0,pixel_count,27916.74563225886,27916.74563225886,1420.4917067289352,17.624208101173522,17.624208101173522,0.8967750673793783,27916.74563225886,27916.74563225886,1420.4917067289352,17.624208101173522,,0,,,,False,17.624208101173522,0.8967750673793783,54.345760345458984,57.68539810180664,56.05871638710101,17.8320413410586
PbI2,4.0,4.0,detector_qspace_per_pixel,detector_qr_band_per_qz_bin_fast,False,3,2.73777137567738,2.73777137567738,0,0,saved_q_group_rows_no_fit_points,-,-,0.13,84,2.466435972812783,2.4905693972042973,2.4785026850085403,1629,1629.0,pixel_count,29936.792072412092,29936.792072412092,1480.0414125919342,18.37740458711608,18.37740458711608,0.9085582643289958,29936.792072412092,29936.792072412092,1480.0414125919342,18.37740458711608,,0,,,,False,18.37740458711608,0.9085582643289958,54.62609100341797,57.96048355102539,56.346958538605186,18.532868291758515
PbI2,4.0,4.0,detector_qspace_per_pixel,detector_qr_band_per_qz_bin_fast,False,3,2.73777137567738,2.73777137567738,0,0,saved_q_group_rows_no_fit_points,-,-,0.13,85,2.4905693972042973,2.514702821595812,2.5026361094000547,1673,1673.0,pixel_count,32431.97731031528,32431.97731031528,1541.6259484291077,19.385521404850735,19.385521404850735,0.9214739679791438,32431.97731031528,32431.97731031528,1541.6259484291077,19.385521404850735,,0,,,,False,19.385521404850735,0.9214739679791438,54.920928955078125,58.24755096435547,56.634167671988095,19.565921773860573
PbI2,4.0,4.0,detector_qspace_per_pixel,detector_qr_band_per_qz_bin_fast,False,3,2.73777137567738,2.73777137567738,0,0,saved_q_group_rows_no_fit_points,-,-,0.13,86,2.514702821595812,2.5388362459873264,2.526769533791569,1715,1715.0,pixel_count,35780.52006845819,35780.52006845819,1604.333645105362,20.86327700784734,20.86327700784734,0.9354715131809691,35780.52006845819,35780.52006845819,1604.333645105362,20.86327700784734,,0,,,,False,20.86327700784734,0.9354715131809691,55.21432876586914,58.54596710205078,56.92415754908741,20.815282114494266
PbI2,4.0,4.0,detector_qspace_per_pixel,detector_qr_band_per_qz_bin_fast,False,3,2.73777137567738,2.73777137567738,0,0,saved_q_group_rows_no_fit_points,-,-,0.13,87,2.5388362459873264,2.5629696703788407,2.5509029581830838,1779,1779.0,pixel_count,39569.97470385039,39569.97470385039,1691.1766692399979,22.24281883296818,22.24281883296818,0.9506333160427194,39569.97470385039,39569.97470385039,1691.1766692399979,22.24281883296818,,0,,,,False,22.24281883296818,0.9506333160427194,55.52113723754883,58.81159210205078,57.2227391665055,21.932163940767424
PbI2,4.0,4.0,detector_qspace_per_pixel,detector_qr_band_per_qz_bin_fast,False,3,2.73777137567738,2.73777137567738,0,0,saved_q_group_rows_no_fit_points,-,-,0.13,88,2.5629696703788407,2.5871030947703555,2.575036382574598,1811,1811.0,pixel_count,41746.974910708734,41746.974910708734,1751.685409963131,23.051891171015313,23.051891171015313,0.9672476035136007,41746.974910708734,41746.974910708734,1751.685409963131,23.051891171015313,,0,,,,False,23.051891171015313,0.9672476035136007,55.80843734741211,59.117427825927734,57.510298821635764,22.411252216851558
PbI2,4.0,4.0,detector_qspace_per_pixel,detector_qr_band_per_qz_bin_fast,False,3,2.73777137567738,2.73777137567738,0,0,saved_q_group_rows_no_fit_points,-,-,0.13,89,2.5871030947703555,2.61123651916187,2.5991698069661124,1871,1871.0,pixel_count,41846.625335655874,41846.625335655874,1842.9082638025284,22.36591412915867,22.36591412915867,0.9849857102097961,41846.625335655874,41846.625335655874,1842.9082638025284,22.36591412915867,,0,,,,False,22.36591412915867,0.9849857102097961,56.10838317871094,59.404666900634766,57.8083376222374,21.939465835465406
PbI2,4.0,4.0,detector_qspace_per_pixel,detector_qr_band_per_qz_bin_fast,False,3,2.73777137567738,2.73777137567738,0,0,saved_q_group_rows_no_fit_points,-,-,0.13,90,2.61123651916187,2.635369943553384,2.623303231357627,1926,1926.0,pixel_count,39849.55546808706,39849.55546808706,1934.0851292014122,20.690319557677604,20.690319557677604,1.0041978863974104,39849.55546808706,39849.55546808706,1934.0851292014122,20.690319557677604,,0,,,,False,20.690319557677604,1.0041978863974104,56.407325744628906,59.702392578125,58.10686961648276,20.79288107821666
PbI2,4.0,4.0,detector_qspace_per_pixel,detector_qr_band_per_qz_bin_fast,False,3,2.73777137567738,2.73777137567738,0,0,saved_q_group_rows_no_fit_points,-,-,0.13,91,2.635369943553384,2.659503367944899,2.6474366557491416,1988,1988.0,pixel_count,38791.515741101015,38791.515741101015,2037.5889295339584,19.512834879829484,19.512834879829484,1.0249441295442447,38791.515741101015,38791.515741101015,2037.5889295339584,19.512834879829484,,0,,,,False,19.512834879829484,1.0249441295442447,56.717830657958984,59.996009826660156,58.403958189669545,19.49196183815493
PbI2,4.0,4.0,detector_qspace_per_pixel,detector_qr_band_per_qz_bin_fast,False,3,2.73777137567738,2.73777137567738,0,0,saved_q_group_rows_no_fit_points,-,-,0.13,92,2.659503367944899,2.6836367923364137,2.6715700801406563,2050,2050.0,pixel_count,37284.54095943144,37284.54095943144,2146.806456685066,18.187580955820216,18.187580955820216,1.0472226617975933,37284.54095943144,37284.54095943144,2146.806456685066,18.187580955820216,,0,,,,False,18.187580955820216,1.0472226617975933,57.00990676879883,60.29951095581055,58.704479681516204,18.226199035155688
PbI2,4.0,4.0,detector_qspace_per_pixel,detector_qr_band_per_qz_bin_fast,False,3,2.73777137567738,2.73777137567738,0,0,saved_q_group_rows_no_fit_points,-,-,0.13,93,2.6836367923364137,2.707770216727928,2.6957035045321707,2113,2113.0,pixel_count,35797.46015158284,35797.46015158284,2263.1597818136215,16.94153343662226,16.94153343662226,1.0710647334659826,35797.46015158284,35797.46015158284,2263.1597818136215,16.94153343662226,,0,,,,False,16.94153343662226,1.0710647334659826,57.33006286621094,60.5986213684082,59.01046341138489,17.051312635762173
PbI2,4.0,4.0,detector_qspace_per_pixel,detector_qr_band_per_qz_bin_fast,False,3,2.73777137567738,2.73777137567738,0,0,saved_q_group_rows_no_fit_points,-,-,0.13,94,2.707770216727928,2.731903641119443,2.7198369289236854,2180,2180.0,pixel_count,34767.85043534025,34767.85043534025,2390.52772629261,15.948555245568924,15.948555245568924,1.0965723515103716,34767.85043534025,34767.85043534025,2390.52772629261,15.948555245568924,,0,,,,False,15.948555245568924,1.0965723515103716,57.645877838134766,60.893375396728516,59.31424270208095,16.052293237754327
PbI2,4.0,4.0,detector_qspace_per_pixel,detector_qr_band_per_qz_bin_fast,False,3,2.73777137567738,2.73777137567738,0,0,saved_q_group_rows_no_fit_points,-,-,0.13,95,2.731903641119443,2.756037065510957,2.7439703533152002,2249,2249.0,pixel_count,34067.42338891054,34067.42338891054,2527.310507297516,15.147809421480897,15.147809421480897,1.1237485581580773,34067.42338891054,34067.42338891054,2527.310507297516,15.147809421480897,,0,,,,False,15.147809421480897,1.1237485581580773,57.943973541259766,61.19725036621094,59.62218671910983,15.282046059468417
PbI2,4.0,4.0,detector_qspace_per_pixel,detector_qr_band_per_qz_bin_fast,False,3,2.73777137567738,2.73777137567738,0,0,saved_q_group_rows_no_fit_points,-,-,0.13,96,2.756037065510957,2.7801704899024715,2.768103777706714,2325,2325.0,pixel_count,33900.20657564219,33900.20657564219,2679.8833879232407,14.580734011028898,14.580734011028898,1.1526380163110712,33900.20657564219,33900.20657564219,2679.8833879232407,14.580734011028898,,0,,,,False,14.580734011028898,1.1526380163110712,58.251502990722656,61.496490478515625,59.92718180987665,14.802745721401465
PbI2,4.0,4.0,detector_qspace_per_pixel,detector_qr_band_per_qz_bin_fast,False,3,2.73777137567738,2.73777137567738,0,0,saved_q_group_rows_no_fit_points,+,+,0.13,1,0.46336174831707855,0.48749517270859305,0.4754284605128358,518,518.0,pixel_count,7664.461624089641,7664.461624089641,291.3253872990608,14.796257961563015,14.796257961563015,0.5624042225850595,7664.461624089641,7664.461624089641,291.3253872990608,14.796257961563015,,0,,,,False,14.796257961563015,0.5624042225850595,38.26109313964844,42.14121627807617,40.25047322771762,14.723599265539963
PbI2,4.0,4.0,detector_qspace_per_pixel,detector_qr_band_per_qz_bin_fast,False,3,2.73777137567738,2.73777137567738,0,0,saved_q_group_rows_no_fit_points,+,+,0.13,2,0.48749517270859305,0.5116285971001077,0.4995618849043504,523,523.0,pixel_count,7635.046721316786,7635.046721316786,296.35621455311775,14.598559696590412,14.598559696590412,0.566646681745923,7635.046721316786,7635.046721316786,296.35621455311775,14.598559696590412,,0,,,,False,14.598559696590412,0.566646681745923,38.35480880737305,42.222408294677734,40.32679500586749,14.601813828197953
PbI2,4.0,4.0,detector_qspace_per_pixel,detector_qr_band_per_qz_bin_fast,False,3,2.73777137567738,2.73777137567738,0,0,saved_q_group_rows_no_fit_points,+,+,0.13,3,0.5116285971001077,0.5357620214916221,0.5236953092958649,523,523.0,pixel_count,7502.437980838982,7502.437980838982,298.44466185569763,14.345005699500922,14.345005699500922,0.5706398888254257,7502.437980838982,7502.437980838982,298.44466185569763,14.345005699500922,,0,,,,False,14.345005699500922,0.5706398888254257,38.45088195800781,42.30542755126953,40.410267089579534,14.530091142096847
PbI2,4.0,4.0,detector_qspace_per_pixel,detector_qr_band_per_qz_bin_fast,False,3,2.73777137567738,2.73777137567738,0,0,saved_q_group_rows_no_fit_points,+,+,0.13,4,0.5357620214916221,0.5598954458831366,0.5478287336873793,527,527.0,pixel_count,7747.82898372588,7747.82898372588,302.8137957751751,14.701762777468463,14.701762777468463,0.5745992329699717,7747.82898372588,7747.82898372588,302.8137957751751,14.701762777468463,,0,,,,False,14.701762777468463,0.5745992329699717,38.50337600708008,42.39023971557617,40.49595618341873,14.571616642700267
PbI2,4.0,4.0,detector_qspace_per_pixel,detector_qr_band_per_qz_bin_fast,False,3,2.73777137567738,2.73777137567738,0,0,saved_q_group_rows_no_fit_points,+,+,0.13,5,0.5598954458831366,0.5840288702746511,0.5719621580788938,532,532.0,pixel_count,7716.763953301118,7716.763953301118,307.1832058429718,14.50519540094195,14.50519540094195,0.5774120410582176,7716.763953301118,7716.763953301118,307.1832058429718,14.50519540094195,,0,,,,False,14.50519540094195,0.5774120410582176,38.60424041748047,42.48461151123047,40.60967035486037,14.64743431745267
PbI2,4.0,4.0,detector_qspace_per_pixel,detector_qr_band_per_qz_bin_fast,False,3,2.73777137567738,2.73777137567738,0,0,saved_q_group_rows_no_fit_points,+,+,0.13,6,0.5840288702746511,0.6081622946661657,0.5960955824704084,534,534.0,pixel_count,7934.363911641281,7934.363911641281,310.46420818567276,14.858359385096033,14.858359385096033,0.5813936482877767,7934.363911641281,7934.363911641281,310.46420818567276,14.858359385096033,,0,,,,False,14.858359385096033,0.5813936482877767,38.697574615478516,42.5732307434082,40.69767965925188,14.750782868161874
PbI2,4.0,4.0,detector_qspace_per_pixel,detector_qr_band_per_qz_bin_fast,False,3,2.73777137567738,2.73777137567738,0,0,saved_q_group_rows_no_fit_points,+,+,0.13,7,0.6081622946661657,0.6322957190576802,0.620229006861923,536,536.0,pixel_count,7928.253777114673,7928.253777114673,313.7239382863045,14.791518240885583,14.791518240885583,0.5853058550117621,7928.253777114673,7928.253777114673,313.7239382863045,14.791518240885583,,0,,,,False,14.791518240885583,0.5853058550117621,38.802433013916016,42.66353225708008,40.78726897014523,14.842590332266813
PbI2,4.0,4.0,detector_qspace_per_pixel,detector_qr_band_per_qz_bin_fast,False,3,2.73777137567738,2.73777137567738,0,0,saved_q_group_rows_no_fit_points,+,+,0.13,8,0.6322957190576802,0.6564291434491947,0.6443624312534375,542,542.0,pixel_count,8092.229463691958,8092.229463691958,319.0643227696419,14.930312663638299,14.930312663638299,0.5886795623056124,8092.229463691958,8092.229463691958,319.0643227696419,14.930312663638299,,0,,,,False,14.930312663638299,0.5886795623056124,38.909423828125,42.7642707824707,40.89146161493718,14.954798507968455
PbI2,4.0,4.0,detector_qspace_per_pixel,detector_qr_band_per_qz_bin_fast,False,3,2.73777137567738,2.73777137567738,0,0,saved_q_group_rows_no_fit_points,+,+,0.13,9,0.6564291434491947,0.6805625678407091,0.6684958556449518,547,547.0,pixel_count,8231.740786348662,8231.740786348662,323.6914934515953,15.048886263891522,15.048886263891522,0.5917577576811615,8231.740786348662,8231.740786348662,323.6914934515953,15.048886263891522,,0,,,,False,15.048886263891522,0.5917577576811615,39.01849365234375,42.89814758300781,41.00337152562752,15.15860395633965
PbI2,4.0,4.0,detector_qspace_per_pixel,detector_qr_band_per_qz_bin_fast,False,3,2.73777137567738,2.73777137567738,0,0,saved_q_group_rows_no_fit_points,+,+,0.13,10,0.6805625678407091,0.7046959922322237,0.6926292800364664,546,546.0,pixel_count,8472.553428089843,8472.553428089843,324.9527432322502,15.517497121043668,15.517497121043668,0.5951515443814106,8472.553428089843,8472.553428089843,324.9527432322502,15.517497121043668,,0,,,,False,15.517497121043668,0.5951515443814106,39.12959671020508,42.993404388427734,41.10740026526518,15.461740784307999
PbI2,4.0,4.0,detector_qspace_per_pixel,detector_qr_band_per_qz_bin_fast,False,3,2.73777137567738,2.73777137567738,0,0,saved_q_group_rows_no_fit_points,+,+,0.13,11,0.7046959922322237,0.7288294166237382,0.716762704427981,554,554.0,pixel_count,8681.156498966931,8681.156498966931,331.4372949004173,15.669957579362691,15.669957579362691,0.5982622651632081,8681.156498966931,8681.156498966931,331.4372949004173,15.669957579362691,,0,,,,False,15.669957579362691,0.5982622651632081,39.242679595947266,43.09988784790039,41.22100039259859,15.869053164370566
PbI2,4.0,4.0,detector_qspace_per_pixel,detector_qr_band_per_qz_bin_fast,False,3,2.73777137567738,2.73777137567738,0,0,saved_q_group_rows_no_fit_points,+,+,0.13,12,0.7288294166237382,0.7529628410152527,0.7408961288194955,555,555.0,pixel_count,9105.10413505729,9105.10413505729,333.7196766138077,16.405593036139262,16.405593036139262,0.6012967146194733,9105.10413505729,9105.10413505729,333.7196766138077,16.405593036139262,,0,,,,False,16.405593036139262,0.6012967146194733,39.369712829589844,43.19846725463867,41.33444722330216,16.487602397893852
PbI2,4.0,4.0,detector_qspace_per_pixel,detector_qr_band_per_qz_bin_fast,False,3,2.73777137567738,2.73777137567738,0,0,saved_q_group_rows_no_fit_points,+,+,0.13,13,0.7529628410152527,0.7770962654067672,0.76502955321101,560,560.0,pixel_count,9625.515180998977,9625.515180998977,338.1315988302231,17.188419966069603,17.188419966069603,0.6038064264825412,9625.515180998977,9625.515180998977,338.1315988302231,17.188419966069603,,0,,,,False,17.188419966069603,0.6038064264825412,39.486968994140625,43.308807373046875,41.4612052749788,17.342307388266686
PbI2,4.0,4.0,detector_qspace_per_pixel,detector_qr_band_per_qz_bin_fast,False,3,2.73777137567738,2.73777137567738,0,0,saved_q_group_rows_no_fit_points,+,+,0.13,14,0.7770962654067672,0.8012296897982817,0.7891629776025244,562,562.0,pixel_count,10387.279209582486,10387.279209582486,341.3518078327179,18.48270321989766,18.48270321989766,0.6073875584212062,10387.279209582486,10387.279209582486,341.3518078327179,18.48270321989766,,0,,,,False,18.48270321989766,0.6073875584212062,39.606048583984375,43.449432373046875,41.565255656764954,18.32203186671465
PbI2,4.0,4.0,detector_qspace_per_pixel,detector_qr_band_per_qz_bin_fast,False,3,2.73777137567738,2.73777137567738,0,0,saved_q_group_rows_no_fit_points,+,+,0.13,15,0.8012296897982817,0.8253631141897962,0.813296401994039,569,569.0,pixel_count,10883.00913083301,10883.00913083301,346.90879386663437,19.126553832746943,19.126553832746943,0.6096815357937335,10883.00913083301,10883.00913083301,346.90879386663437,19.126553832746943,,0,,,,False,19.126553832746943,0.6096815357937335,39.72690200805664,43.563201904296875,41.69885393713304,19.327321277171265
PbI2,4.0,4.0,detector_qspace_per_pixel,detector_qr_band_per_qz_bin_fast,False,3,2.73777137567738,2.73777137567738,0,0,saved_q_group_rows_no_fit_points,+,+,0.13,16,0.8253631141897962,0.8494965385813108,0.8374298263855535,571,571.0,pixel_count,11694.60949535252,11694.60949535252,349.73409056663513,20.480927312351174,20.480927312351174,0.6124940290133715,11694.60949535252,11694.60949535252,349.73409056663513,20.480927312351174,,0,,,,False,20.480927312351174,0.6124940290133715,39.8494873046875,43.67888641357422,41.82063783412358,20.456745011605108
PbI2,4.0,4.0,detector_qspace_per_pixel,detector_qr_band_per_qz_bin_fast,False,3,2.73777137567738,2.73777137567738,0,0,saved_q_group_rows_no_fit_points,+,+,0.13,17,0.8494965385813108,0.8736299629728252,0.8615632507770681,576,576.0,pixel_count,12357.037194400009,12357.037194400009,354.3154984116554,21.453189573611127,21.453189573611127,0.6151310736313462,12357.037194400009,12357.037194400009,354.3154984116554,21.453189573611127,,0,,,,False,21.453189573611127,0.6151310736313462,39.97374725341797,43.82309341430664,41.94739133399267,21.886749648869326
PbI2,4.0,4.0,detector_qspace_per_pixel,detector_qr_band_per_qz_bin_fast,False,3,2.73777137567738,2.73777137567738,0,0,saved_q_group_rows_no_fit_points,+,+,0.13,18,0.8736299629728252,0.8977633873643397,0.8856966751685824,583,583.0,pixel_count,13701.391611358318,13701.391611358318,359.66982620954514,23.50152935052885,23.50152935052885,0.6169293760026503,13701.391611358318,13701.391611358318,359.66982620954514,23.50152935052885,,0,,,,False,23.50152935052885,0.6169293760026503,40.113704681396484,43.94190216064453,42.09191950163632,23.903047121338343
PbI2,4.0,4.0,detector_qspace_per_pixel,detector_qr_band_per_qz_bin_fast,False,3,2.73777137567738,2.73777137567738,0,0,saved_q_group_rows_no_fit_points,+,+,0.13,19,0.8977633873643397,0.9218968117558544,0.909830099560097,586,586.0,pixel_count,15577.104752883648,15577.104752883648,363.18493616580963,26.582090021985746,26.582090021985746,0.6197695156413133,15577.104752883648,15577.104752883648,363.18493616580963,26.582090021985746,,0,,,,False,26.582090021985746,0.6197695156413133,40.24147415161133,44.10002899169922,42.217004921720196,26.291720961504925
PbI2,4.0,4.0,detector_qspace_per_pixel,detector_qr_band_per_qz_bin_fast,False,3,2.73777137567738,2.73777137567738,0,0,saved_q_group_rows_no_fit_points,+,+,0.13,20,0.9218968117558544,0.9460302361473689,0.9339635239516116,590,590.0,pixel_count,17269.082896088414,17269.082896088414,366.90599423646927,29.269632027268496,29.269632027268496,0.6218745665024903,17269.082896088414,17269.082896088414,366.90599423646927,29.269632027268496,,0,,,,False,29.269632027268496,0.6218745665024903,40.37076950073242,44.22203826904297,42.35569454670356,27.88735090702997
PbI2,4.0,4.0,detector_qspace_per_pixel,detector_qr_band_per_qz_bin_fast,False,3,2.73777137567738,2.73777137567738,0,0,saved_q_group_rows_no_fit_points,+,+,0.13,21,0.9460302361473689,0.9701636605388833,0.9580969483431261,597,597.0,pixel_count,17164.75591485367,17164.75591485367,372.33638846874237,28.751684949503638,28.751684949503638,0.62367904266121,17164.75591485367,17164.75591485367,372.33638846874237,28.751684949503638,,0,,,,False,28.751684949503638,0.62367904266121,40.55803680419922,44.382694244384766,42.50150699681419,27.476108244762777
PbI2,4.0,4.0,detector_qspace_per_pixel,detector_qr_band_per_qz_bin_fast,False,3,2.73777137567738,2.73777137567738,0,0,saved_q_group_rows_no_fit_points,+,+,0.13,22,0.9701636605388833,0.9942970849303978,0.9822303727346405,601,601.0,pixel_count,15032.12240409262,15032.12240409262,376.02143424749374,25.011850921951115,25.011850921951115,0.6256596243718698,15032.12240409262,15032.12240409262,376.02143424749374,25.011850921951115,,0,,,,False,25.011850921951115,0.6256596243718698,40.69021987915039,44.49497985839844,42.64538843018268,25.375357851241855
PbI2,4.0,4.0,detector_qspace_per_pixel,detector_qr_band_per_qz_bin_fast,False,3,2.73777137567738,2.73777137567738,0,0,saved_q_group_rows_no_fit_points,+,+,0.13,23,0.9942970849303978,1.0184305093219124,1.0063637971261552,606,606.0,pixel_count,13857.578288598534,13857.578288598534,380.2315906882286,22.867290905278107,22.867290905278107,0.6274448691224894,13857.578288598534,13857.578288598534,380.2315906882286,22.867290905278107,,0,,,,False,22.867290905278107,0.6274448691224894,40.839351654052734,44.62125015258789,42.79341939310469,22.98198002770118
PbI2,4.0,4.0,detector_qspace_per_pixel,detector_qr_band_per_qz_bin_fast,False,3,2.73777137567738,2.73777137567738,0,0,saved_q_group_rows_no_fit_points,+,+,0.13,24,1.0184305093219124,1.0425639337134267,1.0304972215176695,614,614.0,pixel_count,12724.638452604155,12724.638452604155,386.4755654335022,20.724166860918817,20.724166860918817,0.6294390316506551,12724.638452604155,12724.638452604155,386.4755654335022,20.724166860918817,,0,,,,False,20.724166860918817,0.6294390316506551,40.9744873046875,44.78520584106445,42.93866408049759,20.921599973153448
PbI2,4.0,4.0,detector_qspace_per_pixel,detector_qr_band_per_qz_bin_fast,False,3,2.73777137567738,2.73777137567738,0,0,saved_q_group_rows_no_fit_points,+,+,0.13,25,1.0425639337134267,1.0666973581049413,1.0546306459091839,616,616.0,pixel_count,11697.241944377725,11697.241944377725,388.6448200941086,18.98902913048332,18.98902913048332,0.6309169157371892,11697.241944377725,11697.241944377725,388.6448200941086,18.98902913048332,,0,,,,False,18.98902913048332,0.6309169157371892,41.16722869873047,44.95001983642578,43.09420825592688,19.27068364864529
PbI2,4.0,4.0,detector_qspace_per_pixel,detector_qr_band_per_qz_bin_fast,False,3,2.73777137567738,2.73777137567738,0,0,saved_q_group_rows_no_fit_points,+,+,0.13,26,1.0666973581049413,1.090830782496456,1.0787640703006987,623,623.0,pixel_count,11141.4867327755,11141.4867327755,393.9712396264076,17.883606312641252,17.883606312641252,0.6323775916956784,11141.4867327755,11141.4867327755,393.9712396264076,17.883606312641252,,0,,,,False,17.883606312641252,0.6323775916956784,41.3047981262207,45.080074310302734,43.249649623624656,18.072214483858176
PbI2,4.0,4.0,detector_qspace_per_pixel,detector_qr_band_per_qz_bin_fast,False,3,2.73777137567738,2.73777137567738,0,0,saved_q_group_rows_no_fit_points,+,+,0.13,27,1.090830782496456,1.1149642068879704,1.1028974946922132,629,629.0,pixel_count,10829.745836456425,10829.745836456425,398.80791717767715,17.21740196574948,17.21740196574948,0.6340348444796139,10829.745836456425,10829.745836456425,398.80791717767715,17.21740196574948,,0,,,,False,17.21740196574948,0.6340348444796139,41.46017074584961,45.260555267333984,43.404133236380716,17.218804670769757
PbI2,4.0,4.0,detector_qspace_per_pixel,detector_qr_band_per_qz_bin_fast,False,3,2.73777137567738,2.73777137567738,0,0,saved_q_group_rows_no_fit_points,+,+,0.13,28,1.1149642068879704,1.139097631279485,1.1270309190837278,638,638.0,pixel_count,10367.629234569611,10367.629234569611,405.1586222052574,16.250202562021332,16.250202562021332,0.6350448623906856,10367.629234569611,10367.629234569611,405.1586222052574,16.250202562021332,,0,,,,False,16.250202562021332,0.6350448623906856,41.61717224121094,45.42811965942383,43.57169627134664,16.666801461871138
PbI2,4.0,4.0,detector_qspace_per_pixel,detector_qr_band_per_qz_bin_fast,False,3,2.73777137567738,2.73777137567738,0,0,saved_q_group_rows_no_fit_points,+,+,0.13,29,1.139097631279485,1.1632310556709995,1.151164343475242,640,640.0,pixel_count,10628.22406130252,10628.22406130252,407.05138313770294,16.60660009578519,16.60660009578519,0.6360177861526608,10628.22406130252,10628.22406130252,407.05138313770294,16.60660009578519,,0,,,,False,16.60660009578519,0.6360177861526608,41.81455993652344,45.56169128417969,43.73866999050758,16.422249416610534
PbI2,4.0,4.0,detector_qspace_per_pixel,detector_qr_band_per_qz_bin_fast,False,3,2.73777137567738,2.73777137567738,0,0,saved_q_group_rows_no_fit_points,+,+,0.13,30,1.1632310556709995,1.1873644800625138,1.1752977678667567,649,649.0,pixel_count,10503.816936962523,10503.816936962523,413.7940499186516,16.184617776521605,16.184617776521605,0.637587133927044,10503.816936962523,10503.816936962523,413.7940499186516,16.184617776521605,,0,,,,False,16.184617776521605,0.637587133927044,41.95685577392578,45.73078918457031,43.89741318399816,16.235675309245497
PbI2,4.0,4.0,detector_qspace_per_pixel,detector_qr_band_per_qz_bin_fast,False,3,2.73777137567738,2.73777137567738,0,0,saved_q_group_rows_no_fit_points,+,+,0.13,31,1.1873644800625138,1.2114979044540284,1.1994311922582712,655,655.0,pixel_count,10495.196710827422,10495.196710827422,418.12873154878616,16.023201085232706,16.023201085232706,0.6383644756470018,10495.196710827422,10495.196710827422,418.12873154878616,16.023201085232706,,0,,,,False,16.023201085232706,0.6383644756470018,42.11772537231445,45.91498947143555,44.07199706696774,16.03174104239175
PbI2,4.0,4.0,detector_qspace_per_pixel,detector_qr_band_per_qz_bin_fast,False,3,2.73777137567738,2.73777137567738,0,0,saved_q_group_rows_no_fit_points,+,+,0.13,32,1.2114979044540284,1.235631328845543,1.2235646166497856,662,662.0,pixel_count,10495.997380836368,10495.997380836368,423.2565239071846,15.854980937819288,15.854980937819288,0.6393603080168951,10495.997380836368,10495.997380836368,423.2565239071846,15.854980937819288,,0,,,,False,15.854980937819288,0.6393603080168951,42.317745208740234,46.05158233642578,44.24292747545001,15.860470171813194
PbI2,4.0,4.0,detector_qspace_per_pixel,detector_qr_band_per_qz_bin_fast,False,3,2.73777137567738,2.73777137567738,0,0,saved_q_group_rows_no_fit_points,+,+,0.13,33,1.235631328845543,1.2597647532370573,1.2476980410413,668,668.0,pixel_count,10435.460043147606,10435.460043147606,427.88089323043823,15.621946172376656,15.621946172376656,0.6405402593270033,10435.460043147606,10435.460043147606,427.88089323043823,15.621946172376656,,0,,,,False,15.621946172376656,0.6405402593270033,42.48091506958008,46.23754119873047,44.41188648419112,15.779335744807693
PbI2,4.0,4.0,detector_qspace_per_pixel,detector_qr_band_per_qz_bin_fast,False,3,2.73777137567738,2.73777137567738,0,0,saved_q_group_rows_no_fit_points,+,+,0.13,34,1.2597647532370573,1.283898177628572,1.2718314654328147,675,675.0,pixel_count,10691.136908653965,10691.136908653965,432.6953427195549,15.838721346154022,15.838721346154022,0.6410301373623035,10691.136908653965,10691.136908653965,432.6953427195549,15.838721346154022,,0,,,,False,15.838721346154022,0.6410301373623035,42.682373046875,46.409088134765625,44.59347693370894,15.841682082883032
PbI2,4.0,4.0,detector_qspace_per_pixel,detector_qr_band_per_qz_bin_fast,False,3,2.73777137567738,2.73777137567738,0,0,saved_q_group_rows_no_fit_points,+,+,0.13,35,1.283898177628572,1.3080316020200866,1.2959648898243294,688,688.0,pixel_count,11043.307163923278,11043.307163923278,441.7243849635124,16.051318552214067,16.051318552214067,0.6420412572144076,11043.307163923278,11043.307163923278,441.7243849635124,16.051318552214067,,0,,,,False,16.051318552214067,0.6420412572144076,42.84758377075195,46.59620666503906,44.76905089689711,15.937173609294224
PbI2,4.0,4.0,detector_qspace_per_pixel,detector_qr_band_per_qz_bin_fast,False,3,2.73777137567738,2.73777137567738,0,0,saved_q_group_rows_no_fit_points,+,+,0.13,36,1.3080316020200866,1.332165026411601,1.3200983142158438,692,692.0,pixel_count,10965.565783995844,10965.565783995844,444.52567529678345,15.846193329473763,15.846193329473763,0.6423781434924616,10965.565783995844,10965.565783995844,444.52567529678345,15.846193329473763,,0,,,,False,15.846193329473763,0.6423781434924616,43.05022048950195,46.78389358520508,44.9578340141798,16.0136175593638
PbI2,4.0,4.0,detector_qspace_per_pixel,detector_qr_band_per_qz_bin_fast,False,3,2.73777137567738,2.73777137567738,0,0,saved_q_group_rows_no_fit_points,+,+,0.13,37,1.332165026411601,1.3562984508031155,1.3442317386073581,702,702.0,pixel_count,11399.959300826986,11399.959300826986,451.3496104478836,16.239258263286306,16.239258263286306,0.6429481630311732,11399.959300826986,11399.959300826986,451.3496104478836,16.239258263286306,,0,,,,False,16.239258263286306,0.6429481630311732,43.236026763916016,46.972084045410156,45.14271296045363,16.153889018033507
PbI2,4.0,4.0,detector_qspace_per_pixel,detector_qr_band_per_qz_bin_fast,False,3,2.73777137567738,2.73777137567738,0,0,saved_q_group_rows_no_fit_points,+,+,0.13,38,1.3562984508031155,1.38043187519463,1.368365162998873,705,705.0,pixel_count,11436.996253614901,11436.996253614901,453.6798614859581,16.222689721439576,16.222689721439576,0.6435175340226356,11436.996253614901,11436.996253614901,453.6798614859581,16.222689721439576,,0,,,,False,16.222689721439576,0.6435175340226356,43.43973159790039,47.11334228515625,45.329126442205386,16.353211061960582
PbI2,4.0,4.0,detector_qspace_per_pixel,detector_qr_band_per_qz_bin_fast,False,3,2.73777137567738,2.73777137567738,0,0,saved_q_group_rows_no_fit_points,+,+,0.13,39,1.38043187519463,1.4045652995861444,1.3924985873903872,718,718.0,pixel_count,11962.57547944061,11962.57547944061,462.5505977869034,16.660968634318397,16.660968634318397,0.6442208882825953,11962.57547944061,11962.57547944061,462.5505977869034,16.660968634318397,,0,,,,False,16.660968634318397,0.6442208882825953,43.60845184326172,47.30257034301758,45.51544716004787,16.638917482455035
PbI2,4.0,4.0,detector_qspace_per_pixel,detector_qr_band_per_qz_bin_fast,False,3,2.73777137567738,2.73777137567738,0,0,saved_q_group_rows_no_fit_points,+,+,0.13,40,1.4045652995861444,1.428698723977659,1.4166320117819016,724,724.0,pixel_count,12213.432564208697,12213.432564208697,466.4767926931381,16.869381994763394,16.869381994763394,0.64430496228334,12213.432564208697,12213.432564208697,466.4767926931381,16.869381994763394,,0,,,,False,16.869381994763394,0.64430496228334,43.83211898803711,47.492122650146484,45.714228413560754,17.028521132546942
PbI2,4.0,4.0,detector_qspace_per_pixel,detector_qr_band_per_qz_bin_fast,False,3,2.73777137567738,2.73777137567738,0,0,saved_q_group_rows_no_fit_points,+,+,0.13,41,1.428698723977659,1.4528321483691735,1.4407654361734163,735,735.0,pixel_count,13000.953573352444,13000.953573352444,474.0117931365967,17.688372208642782,17.688372208642782,0.6449140042674785,13000.953573352444,13000.953573352444,474.0117931365967,17.688372208642782,,0,,,,False,17.688372208642782,0.6449140042674785,44.002296447753906,47.681941986083984,45.90474234330948,17.471024713817904
PbI2,4.0,4.0,detector_qspace_per_pixel,detector_qr_band_per_qz_bin_fast,False,3,2.73777137567738,2.73777137567738,0,0,saved_q_group_rows_no_fit_points,+,+,0.13,42,1.4528321483691735,1.4769655727606879,1.4648988605649307,744,744.0,pixel_count,13116.169345068973,13116.169345068973,479.8070120215416,17.629259872404532,17.629259872404532,0.6449018978784161,13116.169345068973,13116.169345068973,479.8070120215416,17.629259872404532,,0,,,,False,17.629259872404532,0.6449018978784161,44.22682189941406,47.91844177246094,46.10947590267478,17.90891981629153
PbI2,4.0,4.0,detector_qspace_per_pixel,detector_qr_band_per_qz_bin_fast,False,3,2.73777137567738,2.73777137567738,0,0,saved_q_group_rows_no_fit_points,+,+,0.13,43,1.4769655727606879,1.5010989971522026,1.4890322849564452,754,754.0,pixel_count,14077.449333004624,14077.449333004624,486.6962767839432,18.670357205576426,18.670357205576426,0.6454857782280413,14077.449333004624,14077.449333004624,486.6962767839432,18.670357205576426,,0,,,,False,18.670357205576426,0.6454857782280413,44.3982048034668,48.10839080810547,46.30452225882649,18.356359380244943
PbI2,4.0,4.0,detector_qspace_per_pixel,detector_qr_band_per_qz_bin_fast,False,3,2.73777137567738,2.73777137567738,0,0,saved_q_group_rows_no_fit_points,+,+,0.13,44,1.5010989971522026,1.5252324215437172,1.5131657093479598,764,764.0,pixel_count,14223.119254573878,14223.119254573878,493.38959914445877,18.616648238971045,18.616648238971045,0.645797904639344,14223.119254573878,14223.119254573878,493.38959914445877,18.616648238971045,,0,,,,False,18.616648238971045,0.645797904639344,44.623313903808594,48.29843521118164,46.50728214222892,18.66061308225602
PbI2,4.0,4.0,detector_qspace_per_pixel,detector_qr_band_per_qz_bin_fast,False,3,2.73777137567738,2.73777137567738,0,0,saved_q_group_rows_no_fit_points,+,+,0.13,45,1.5252324215437172,1.5493658459352315,1.5372991337394744,776,776.0,pixel_count,14631.278274679333,14631.278274679333,501.1871660351753,18.854740044689862,18.854740044689862,0.645859750045329,14631.278274679333,14631.278274679333,501.1871660351753,18.854740044689862,,0,,,,False,18.854740044689862,0.645859750045329,44.84846496582031,48.50498580932617,46.71678790823001,18.859115099807816
PbI2,4.0,4.0,detector_qspace_per_pixel,detector_qr_band_per_qz_bin_fast,False,3,2.73777137567738,2.73777137567738,0,0,saved_q_group_rows_no_fit_points,+,+,0.13,46,1.5493658459352315,1.573499270326746,1.561432558130989,786,786.0,pixel_count,15063.45033135636,15063.45033135636,507.74649399518967,19.164695078061527,19.164695078061527,0.6459879058462973,15063.45033135636,15063.45033135636,507.74649399518967,19.164695078061527,,0,,,,False,19.164695078061527,0.6459879058462973,45.02109909057617,48.695152282714844,46.92703802727365,18.9567584521013
PbI2,4.0,4.0,detector_qspace_per_pixel,detector_qr_band_per_qz_bin_fast,False,3,2.73777137567738,2.73777137567738,0,0,saved_q_group_rows_no_fit_points,+,+,0.13,47,1.573499270326746,1.5976326947182606,1.5855659825225032,796,796.0,pixel_count,15083.047921319594,15083.047921319594,514.7141986489296,18.948552664974365,18.948552664974365,0.6466258776996603,15083.047921319594,15083.047921319594,514.7141986489296,18.948552664974365,,0,,,,False,18.948552664974365,0.6466258776996603,45.24644470214844,48.901893615722656,47.12939740451197,18.83579224338403
PbI2,4.0,4.0,detector_qspace_per_pixel,detector_qr_band_per_qz_bin_fast,False,3,2.73777137567738,2.73777137567738,0,0,saved_q_group_rows_no_fit_points,+,+,0.13,48,1.5976326947182606,1.621766119109775,1.6096994069140178,807,807.0,pixel_count,14751.121554580322,14751.121554580322,521.8139891028404,18.27896103417636,18.27896103417636,0.6466096519242137,14751.121554580322,14751.121554580322,521.8139891028404,18.27896103417636,,0,,,,False,18.27896103417636,0.6466096519242137,45.47163772583008,49.13681411743164,47.347925087117574,18.73040965271302
PbI2,4.0,4.0,detector_qspace_per_pixel,detector_qr_band_per_qz_bin_fast,False,3,2.73777137567738,2.73777137567738,0,0,saved_q_group_rows_no_fit_points,+,+,0.13,49,1.621766119109775,1.6458995435012895,1.6338328313055324,824,824.0,pixel_count,15630.024720385512,15630.024720385512,532.9567810893059,18.968476602409602,18.968476602409602,0.6467922100598372,15630.024720385512,15630.024720385512,532.9567810893059,18.968476602409602,,0,,,,False,18.968476602409602,0.6467922100598372,45.69661331176758,49.32646560668945,47.56555322192228,18.983667902932226
PbI2,4.0,4.0,detector_qspace_per_pixel,detector_qr_band_per_qz_bin_fast,False,3,2.73777137567738,2.73777137567738,0,0,saved_q_group_rows_no_fit_points,+,+,0.13,50,1.6458995435012895,1.670032967892804,1.6579662556970467,828,828.0,pixel_count,16124.001912986714,16124.001912986714,535.9536801576614,19.473432262061248,19.473432262061248,0.647287053330509,16124.001912986714,16124.001912986714,535.9536801576614,19.473432262061248,,0,,,,False,19.473432262061248,0.647287053330509,45.89044189453125,49.5327262878418,47.778618971348166,19.46748151700346
PbI2,4.0,4.0,detector_qspace_per_pixel,detector_qr_band_per_qz_bin_fast,False,3,2.73777137567738,2.73777137567738,0,0,saved_q_group_rows_no_fit_points,+,+,0.13,51,1.670032967892804,1.6941663922843184,1.6820996800885613,846,846.0,pixel_count,16869.115109592516,16869.115109592516,547.9392296075821,19.939852375404865,19.939852375404865,0.6476823045006881,16869.115109592516,16869.115109592516,547.9392296075821,19.939852375404865,,0,,,,False,19.939852375404865,0.6476823045006881,46.13566207885742,49.738853454589844,47.99610437787139,20.012333768941133
PbI2,4.0,4.0,detector_qspace_per_pixel,detector_qr_band_per_qz_bin_fast,False,3,2.73777137567738,2.73777137567738,0,0,saved_q_group_rows_no_fit_points,+,+,0.13,52,1.6941663922843184,1.7182998166758332,1.7062331044800758,856,856.0,pixel_count,17649.106958182194,17649.106958182194,554.4547259807587,20.61811560535303,20.61811560535303,0.6477274836223816,17649.106958182194,17649.106958182194,554.4547259807587,20.61811560535303,,0,,,,False,20.61811560535303,0.6477274836223816,46.36008071899414,49.97150802612305,48.22648048367787,20.602288296429936
PbI2,4.0,4.0,detector_qspace_per_pixel,detector_qr_band_per_qz_bin_fast,False,3,2.73777137567738,2.73777137567738,0,0,saved_q_group_rows_no_fit_points,+,+,0.13,53,1.7182998166758332,1.7424332410673478,1.7303665288715906,872,872.0,pixel_count,18587.7938660369,18587.7938660369,565.400197327137,21.31627736930837,21.31627736930837,0.6483947217054323,18587.7938660369,18587.7938660369,565.400197327137,21.31627736930837,,0,,,,False,21.31627736930837,0.6483947217054323,46.6046028137207,50.19379806518555,48.44516487954609,21.113952837010594
PbI2,4.0,4.0,detector_qspace_per_pixel,detector_qr_band_per_qz_bin_fast,False,3,2.73777137567738,2.73777137567738,0,0,saved_q_group_rows_no_fit_points,+,+,0.13,54,1.7424332410673478,1.766566665458862,1.754499953263105,885,885.0,pixel_count,18967.46679212763,18967.46679212763,574.2284716367722,21.43216586681088,21.43216586681088,0.6488457306630194,18967.46679212763,18967.46679212763,574.2284716367722,21.43216586681088,,0,,,,False,21.43216586681088,0.6488457306630194,46.82809829711914,50.42485427856445,48.67311638442963,21.43184507111266
PbI2,4.0,4.0,detector_qspace_per_pixel,detector_qr_band_per_qz_bin_fast,False,3,2.73777137567738,2.73777137567738,0,0,saved_q_group_rows_no_fit_points,+,+,0.13,55,1.766566665458862,1.7907000898503767,1.7786333776546193,899,899.0,pixel_count,19485.20923184467,19485.20923184467,583.8754208683968,21.67431505210753,21.67431505210753,0.6494721033018874,19485.20923184467,19485.20923184467,583.8754208683968,21.67431505210753,,0,,,,False,21.67431505210753,0.6494721033018874,47.07166290283203,50.629241943359375,48.90119796490051,21.62899303766431
PbI2,4.0,4.0,detector_qspace_per_pixel,detector_qr_band_per_qz_bin_fast,False,3,2.73777137567738,2.73777137567738,0,0,saved_q_group_rows_no_fit_points,+,+,0.13,56,1.7907000898503767,1.8148335142418912,1.802766802046134,912,912.0,pixel_count,19840.624391677356,19840.624391677356,592.8834674358368,21.75507060490938,21.75507060490938,0.6500915213112246,19840.624391677356,19840.624391677356,592.8834674358368,21.75507060490938,,0,,,,False,21.75507060490938,0.6500915213112246,47.314674377441406,50.87549591064453,49.1329520312393,21.78128272066715
PbI2,4.0,4.0,detector_qspace_per_pixel,detector_qr_band_per_qz_bin_fast,False,3,2.73777137567738,2.73777137567738,0,0,saved_q_group_rows_no_fit_points,+,+,0.13,57,1.8148335142418912,1.8389669386334055,1.8269002264376484,927,927.0,pixel_count,20380.971283463157,20380.971283463157,603.1875512003899,21.98594528960427,21.98594528960427,0.6506877574977237,20380.971283463157,20380.971283463157,603.1875512003899,21.98594528960427,,0,,,,False,21.98594528960427,0.6506877574977237,47.50835418701172,51.095760345458984,49.36906660894203,21.88122456382381
PbI2,4.0,4.0,detector_qspace_per_pixel,detector_qr_band_per_qz_bin_fast,False,3,2.73777137567738,2.73777137567738,0,0,saved_q_group_rows_no_fit_points,+,+,0.13,58,1.8389669386334055,1.8631003630249203,1.851033650829163,949,949.0,pixel_count,20812.91649868616,20812.91649868616,618.4450463056564,21.931418860575512,21.931418860575512,0.6516807653378888,20812.91649868616,20812.91649868616,618.4450463056564,21.931418860575512,,0,,,,False,21.931418860575512,0.6516807653378888,47.75045394897461,51.340049743652344,49.602420950735485,21.8491672449538
PbI2,4.0,4.0,detector_qspace_per_pixel,detector_qr_band_per_qz_bin_fast,False,3,2.73777137567738,2.73777137567738,0,0,saved_q_group_rows_no_fit_points,+,+,0.13,59,1.8631003630249203,1.8872337874164347,1.8751670752206775,958,958.0,pixel_count,20834.373794712334,20834.373794712334,625.0680457353592,21.747780579031662,21.747780579031662,0.6524718640243833,20834.373794712334,20834.373794712334,625.0680457353592,21.747780579031662,,0,,,,False,21.747780579031662,0.6524718640243833,47.991817474365234,51.583091735839844,49.844712462613025,21.66045230354574
PbI2,4.0,4.0,detector_qspace_per_pixel,detector_qr_band_per_qz_bin_fast,False,3,2.73777137567738,2.73777137567738,0,0,saved_q_group_rows_no_fit_points,+,+,0.13,60,1.8872337874164347,1.9113672118079492,1.8993004996121918,979,979.0,pixel_count,20782.204554104752,20782.204554104752,640.2048227787018,21.227992394386877,21.227992394386877,0.6539375104991847,20782.204554104752,20782.204554104752,640.2048227787018,21.227992394386877,,0,,,,False,21.227992394386877,0.6539375104991847,48.23237991333008,51.801109313964844,50.07635076945556,21.453640161347735
PbI2,4.0,4.0,detector_qspace_per_pixel,detector_qr_band_per_qz_bin_fast,False,3,2.73777137567738,2.73777137567738,0,0,saved_q_group_rows_no_fit_points,+,+,0.13,61,1.9113672118079492,1.935500636199464,1.9234339240037066,995,995.0,pixel_count,21320.50130456883,21320.50130456883,651.6899723410606,21.427639502079224,21.427639502079224,0.654964796322674,21320.50130456883,21320.50130456883,651.6899723410606,21.427639502079224,,0,,,,False,21.427639502079224,0.654964796322674,48.519195556640625,52.04188919067383,50.323947200903504,21.390498624914173
PbI2,4.0,4.0,detector_qspace_per_pixel,detector_qr_band_per_qz_bin_fast,False,3,2.73777137567738,2.73777137567738,0,0,saved_q_group_rows_no_fit_points,+,+,0.13,62,1.935500636199464,1.9596340605909783,1.9475673483952212,1015,1015.0,pixel_count,21719.934076581834,21719.934076581834,666.1351179480553,21.398949829144666,21.398949829144666,0.6562907565990692,21719.934076581834,21719.934076581834,666.1351179480553,21.398949829144666,,0,,,,False,21.398949829144666,0.6562907565990692,48.757606506347656,52.29826354980469,50.57210063695059,21.37864707542263
PbI2,4.0,4.0,detector_qspace_per_pixel,detector_qr_band_per_qz_bin_fast,False,3,2.73777137567738,2.73777137567738,0,0,saved_q_group_rows_no_fit_points,+,+,0.13,63,1.9596340605909783,1.9837674849824927,1.9717007727867355,1030,1030.0,pixel_count,22091.531996437032,22091.531996437032,677.950727045536,21.448089316929156,21.448089316929156,0.6582045893645981,22091.531996437032,22091.531996437032,677.950727045536,21.448089316929156,,0,,,,False,21.448089316929156,0.6582045893645981,49.01571273803711,52.536216735839844,50.809497825692304,21.25619185036352
PbI2,4.0,4.0,detector_qspace_per_pixel,detector_qr_band_per_qz_bin_fast,False,3,2.73777137567738,2.73777137567738,0,0,saved_q_group_rows_no_fit_points,+,+,0.13,64,1.9837674849824927,2.0079009093740074,1.99583419717825,1053,1053.0,pixel_count,21966.560396442397,21966.560396442397,694.7693290114403,20.860931050752512,20.860931050752512,0.6597999325844637,21966.560396442397,21966.560396442397,694.7693290114403,20.860931050752512,,0,,,,False,20.860931050752512,0.6597999325844637,49.272769927978516,52.76736068725586,51.06437913604114,21.010727959134773
PbI2,4.0,4.0,detector_qspace_per_pixel,detector_qr_band_per_qz_bin_fast,False,3,2.73777137567738,2.73777137567738,0,0,saved_q_group_rows_no_fit_points,+,+,0.13,65,2.0079009093740074,2.032034333765522,2.019967621569765,1070,1070.0,pixel_count,22331.070809712724,22331.070809712724,708.1009265184402,20.870159635245535,20.870159635245535,0.6617765668396638,22331.070809712724,22331.070809712724,708.1009265184402,20.870159635245535,,0,,,,False,20.870159635245535,0.6617765668396638,49.50813293457031,53.019569396972656,51.315225749199264,20.759012457971643
PbI2,4.0,4.0,detector_qspace_per_pixel,detector_qr_band_per_qz_bin_fast,False,3,2.73777137567738,2.73777137567738,0,0,saved_q_group_rows_no_fit_points,+,+,0.13,66,2.032034333765522,2.056167758157036,2.0441010459612787,1101,1101.0,pixel_count,22486.903319518926,22486.903319518926,731.286573112011,20.424072043159786,20.424072043159786,0.6642021554150872,22486.903319518926,22486.903319518926,731.286573112011,20.424072043159786,,0,,,,False,20.424072043159786,0.6642021554150872,49.76295852661133,53.27015686035156,51.564611890835764,20.497085243378468
PbI2,4.0,4.0,detector_qspace_per_pixel,detector_qr_band_per_qz_bin_fast,False,3,2.73777137567738,2.73777137567738,0,0,saved_q_group_rows_no_fit_points,+,+,0.13,67,2.056167758157036,2.080301182548551,2.0682344703527935,1110,1110.0,pixel_count,22556.953849382484,22556.953849382484,739.7413395643234,20.321580044488723,20.321580044488723,0.6664336392471383,22556.953849382484,22556.953849382484,739.7413395643234,20.321580044488723,,0,,,,False,20.321580044488723,0.6664336392471383,50.016571044921875,53.51908874511719,51.82711164845811,20.203008150010064
PbI2,4.0,4.0,detector_qspace_per_pixel,detector_qr_band_per_qz_bin_fast,False,3,2.73777137567738,2.73777137567738,0,0,saved_q_group_rows_no_fit_points,+,+,0.13,68,2.080301182548551,2.1044346069400652,2.0923678947443083,1138,1138.0,pixel_count,22517.149234787285,22517.149234787285,761.9603278636932,19.786598624593395,19.786598624593395,0.6695609207941066,22517.149234787285,22517.149234787285,761.9603278636932,19.786598624593395,,0,,,,False,19.786598624593395,0.6695609207941066,50.268917083740234,53.76633071899414,52.07418223448607,19.863882904534258
PbI2,4.0,4.0,detector_qspace_per_pixel,detector_qr_band_per_qz_bin_fast,False,3,2.73777137567738,2.73777137567738,0,0,saved_q_group_rows_no_fit_points,+,+,0.13,69,2.1044346069400652,2.1285680313315796,2.116501319135822,1166,1166.0,pixel_count,22816.463590938747,22816.463590938747,784.1340442895889,19.568150592571826,19.568150592571826,0.672499180351277,22816.463590938747,22816.463590938747,784.1340442895889,19.568150592571826,,0,,,,False,19.568150592571826,0.672499180351277,50.56349563598633,54.02851486206055,52.33780481843762,19.523449031711014
PbI2,4.0,4.0,detector_qspace_per_pixel,detector_qr_band_per_qz_bin_fast,False,3,2.73777137567738,2.73777137567738,0,0,saved_q_group_rows_no_fit_points,+,+,0.13,70,2.1285680313315796,2.1527014557230943,2.140634743527337,1181,1181.0,pixel_count,22610.324989560653,22610.324989560653,798.1349071860313,19.14506773036465,19.14506773036465,0.6758127918594677,22610.324989560653,22610.324989560653,798.1349071860313,19.14506773036465,,0,,,,False,19.14506773036465,0.6758127918594677,50.83303451538086,54.272212982177734,52.60029697573079,19.19900500343192
PbI2,4.0,4.0,detector_qspace_per_pixel,detector_qr_band_per_qz_bin_fast,False,3,2.73777137567738,2.73777137567738,0,0,saved_q_group_rows_no_fit_points,+,+,0.13,71,2.1527014557230943,2.1768348801146087,2.1647681679188517,1214,1214.0,pixel_count,22958.85274499752,22958.85274499752,825.080187022686,18.9117403171314,18.9117403171314,0.679637715834173,22958.85274499752,22958.85274499752,825.080187022686,18.9117403171314,,0,,,,False,18.9117403171314,0.679637715834173,51.08080291748047,54.53065490722656,52.86097731919122,18.90712935091112
PbI2,4.0,4.0,detector_qspace_per_pixel,detector_qr_band_per_qz_bin_fast,False,3,2.73777137567738,2.73777137567738,0,0,saved_q_group_rows_no_fit_points,+,+,0.13,72,2.1768348801146087,2.200968304506123,2.1889015923103656,1235,1235.0,pixel_count,22983.820751294053,22983.820751294053,844.3459209799767,18.610381175136887,18.610381175136887,0.6836809076760945,22983.820751294053,22983.820751294053,844.3459209799767,18.610381175136887,,0,,,,False,18.610381175136887,0.6836809076760945,51.3472900390625,54.787139892578125,53.1280137262441,18.651298077799538
PbI2,4.0,4.0,detector_qspace_per_pixel,detector_qr_band_per_qz_bin_fast,False,3,2.73777137567738,2.73777137567738,0,0,saved_q_group_rows_no_fit_points,+,+,0.13,73,2.200968304506123,2.225101728897638,2.2130350167018804,1268,1268.0,pixel_count,23421.32153871705,23421.32153871705,872.6946198940277,18.471073768704297,18.471073768704297,0.6882449683706843,23421.32153871705,23421.32153871705,872.6946198940277,18.471073768704297,,0,,,,False,18.471073768704297,0.6882449683706843,51.63369369506836,55.07697677612305,53.39326968967041,18.414537270682583
PbI2,4.0,4.0,detector_qspace_per_pixel,detector_qr_band_per_qz_bin_fast,False,3,2.73777137567738,2.73777137567738,0,0,saved_q_group_rows_no_fit_points,+,+,0.13,74,2.225101728897638,2.2492351532891526,2.237168441093395,1288,1288.0,pixel_count,23263.01217571063,23263.01217571063,892.6937393546104,18.061344856918193,18.061344856918193,0.6930852013622751,23263.01217571063,23263.01217571063,892.6937393546104,18.061344856918193,,0,,,,False,18.061344856918193,0.6930852013622751,51.896480560302734,55.32902526855469,53.664532624104154,18.205717586215968
PbI2,4.0,4.0,detector_qspace_per_pixel,detector_qr_band_per_qz_bin_fast,False,3,2.73777137567738,2.73777137567738,0,0,saved_q_group_rows_no_fit_points,+,+,0.13,75,2.2492351532891526,2.273368577680667,2.26130186548491,1324,1324.0,pixel_count,24103.521860622022,24103.521860622022,924.8755794167519,18.20507693400455,18.20507693400455,0.6985465101334983,24103.521860622022,24103.521860622022,924.8755794167519,18.20507693400455,,0,,,,False,18.20507693400455,0.6985465101334983,52.15754699707031,55.59520721435547,53.93256186693444,18.023056752907138
PbI2,4.0,4.0,detector_qspace_per_pixel,detector_qr_band_per_qz_bin_fast,False,3,2.73777137567738,2.73777137567738,0,0,saved_q_group_rows_no_fit_points,+,+,0.13,76,2.273368577680667,2.2975020020721817,2.2854352898764243,1349,1349.0,pixel_count,23834.39562743413,23834.39562743413,950.2332136631012,17.668195424339608,17.668195424339608,0.7043982310326917,23834.39562743413,23834.39562743413,950.2332136631012,17.668195424339608,,0,,,,False,17.668195424339608,0.7043982310326917,52.45700454711914,55.85914611816406,54.20530273190855,17.798967402604717
PbI2,4.0,4.0,detector_qspace_per_pixel,detector_qr_band_per_qz_bin_fast,False,3,2.73777137567738,2.73777137567738,0,0,saved_q_group_rows_no_fit_points,+,+,0.13,77,2.2975020020721817,2.321635426463696,2.3095687142679386,1387,1387.0,pixel_count,24495.36908508819,24495.36908508819,985.8287523388863,17.660684271873244,17.660684271873244,0.7107633398261617,24495.36908508819,24495.36908508819,985.8287523388863,17.660684271873244,,0,,,,False,17.660684271873244,0.7107633398261617,52.73370361328125,56.13834762573242,54.481911487826046,17.582858628897483
PbI2,4.0,4.0,detector_qspace_per_pixel,detector_qr_band_per_qz_bin_fast,False,3,2.73777137567738,2.73777137567738,0,0,saved_q_group_rows_no_fit_points,+,+,0.13,78,2.321635426463696,2.3457688508552104,2.3337021386594534,1420,1420.0,pixel_count,24546.457888460543,24546.457888460543,1019.2761548757553,17.2862379496201,17.2862379496201,0.7178001090674333,24546.457888460543,24546.457888460543,1019.2761548757553,17.2862379496201,,0,,,,False,17.2862379496201,0.7178001090674333,52.988826751708984,56.41322326660156,54.75635586424405,17.408189515240664
PbI2,4.0,4.0,detector_qspace_per_pixel,detector_qr_band_per_qz_bin_fast,False,3,2.73777137567738,2.73777137567738,0,0,saved_q_group_rows_no_fit_points,+,+,0.13,79,2.3457688508552104,2.369902275246725,2.3578355630509678,1454,1454.0,pixel_count,25178.598829565904,25178.598829565904,1054.6657348275185,17.316780488009563,17.316780488009563,0.725354700706684,25178.598829565904,25178.598829565904,1054.6657348275185,17.316780488009563,,0,,,,False,17.316780488009563,0.725354700706684,53.300148010253906,56.6698112487793,55.03525871929119,17.311325717364944
PbI2,4.0,4.0,detector_qspace_per_pixel,detector_qr_band_per_qz_bin_fast,False,3,2.73777137567738,2.73777137567738,0,0,saved_q_group_rows_no_fit_points,+,+,0.13,80,2.369902275246725,2.3940356996382395,2.381968987442482,1489,1489.0,pixel_count,25732.556871989957,25732.556871989957,1092.2563350200653,17.28177090126928,17.28177090126928,0.7335502585762695,25732.556871989957,25732.556871989957,1092.2563350200653,17.28177090126928,,0,,,,False,17.28177090126928,0.7335502585762695,53.57024383544922,56.956199645996094,55.317150379781026,17.248149759427278
PbI2,4.0,4.0,detector_qspace_per_pixel,detector_qr_band_per_qz_bin_fast,False,3,2.73777137567738,2.73777137567738,0,0,saved_q_group_rows_no_fit_points,+,+,0.13,81,2.3940356996382395,2.418169124029754,2.406102411833997,1529,1529.0,pixel_count,26234.683902448854,26234.683902448854,1135.315728366375,17.15806664646753,17.15806664646753,0.7425217320905003,26234.683902448854,26234.683902448854,1135.315728366375,17.15806664646753,,0,,,,False,17.15806664646753,0.7425217320905003,53.838199615478516,57.25481033325195,55.59720477338749,17.163098179796737
PbI2,4.0,4.0,detector_qspace_per_pixel,detector_qr_band_per_qz_bin_fast,False,3,2.73777137567738,2.73777137567738,0,0,saved_q_group_rows_no_fit_points,+,+,0.13,82,2.418169124029754,2.4423025484212686,2.430235836225511,1567,1567.0,pixel_count,26699.141669571043,26699.141669571043,1178.6702970862389,17.038380133740297,17.038380133740297,0.7521827039478232,26699.141669571043,26699.141669571043,1178.6702970862389,17.038380133740297,,0,,,,False,17.038380133740297,0.7521827039478232,54.141075134277344,57.51874923706055,55.88123333411901,17.095948485602186
PbI2,4.0,4.0,detector_qspace_per_pixel,detector_qr_band_per_qz_bin_fast,False,3,2.73777137567738,2.73777137567738,0,0,saved_q_group_rows_no_fit_points,+,+,0.13,83,2.4423025484212686,2.466435972812783,2.4543692606170255,1609,1609.0,pixel_count,27452.562098777027,27452.562098777027,1227.1287778019905,17.061878246598525,17.061878246598525,0.7626654927296398,27452.562098777027,27452.562098777027,1227.1287778019905,17.061878246598525,,0,,,,False,17.061878246598525,0.7626654927296398,54.44072341918945,57.81076431274414,56.166092020993986,17.11104429354885
PbI2,4.0,4.0,detector_qspace_per_pixel,detector_qr_band_per_qz_bin_fast,False,3,2.73777137567738,2.73777137567738,0,0,saved_q_group_rows_no_fit_points,+,+,0.13,84,2.466435972812783,2.4905693972042973,2.4785026850085403,1647,1647.0,pixel_count,28262.76132744714,28262.76132744714,1274.769755423069,17.160146525468818,17.160146525468818,0.7739949941852271,28262.76132744714,28262.76132744714,1274.769755423069,17.160146525468818,,0,,,,False,17.160146525468818,0.7739949941852271,54.7198486328125,58.06903839111328,56.452846948226906,17.24578644294062
PbI2,4.0,4.0,detector_qspace_per_pixel,detector_qr_band_per_qz_bin_fast,False,3,2.73777137567738,2.73777137567738,0,0,saved_q_group_rows_no_fit_points,+,+,0.13,85,2.4905693972042973,2.514702821595812,2.5026361094000547,1697,1697.0,pixel_count,29611.951495675363,29611.951495675363,1334.188501894474,17.449588388730326,17.449588388730326,0.7862041849702263,29611.951495675363,29611.951495675363,1334.188501894474,17.449588388730326,,0,,,,False,17.449588388730326,0.7862041849702263,54.996463775634766,58.369422912597656,56.743664931010755,17.521693698281943
PbI2,4.0,4.0,detector_qspace_per_pixel,detector_qr_band_per_qz_bin_fast,False,3,2.73777137567738,2.73777137567738,0,0,saved_q_group_rows_no_fit_points,+,+,0.13,86,2.514702821595812,2.5388362459873264,2.526769533791569,1737,1737.0,pixel_count,31115.432372387506,31115.432372387506,1388.6649302244186,17.913317427972082,17.913317427972082,0.7994616754314442,31115.432372387506,31115.432372387506,1388.6649302244186,17.913317427972082,,0,,,,False,17.913317427972082,0.7994616754314442,55.30552673339844,58.651153564453125,57.03004124425589,17.911988224364947
PbI2,4.0,4.0,detector_qspace_per_pixel,detector_qr_band_per_qz_bin_fast,False,3,2.73777137567738,2.73777137567738,0,0,saved_q_group_rows_no_fit_points,+,+,0.13,87,2.5388362459873264,2.5629696703788407,2.5509029581830838,1805,1805.0,pixel_count,33028.35975256654,33028.35975256654,1468.5968024134636,18.298260250729385,18.298260250729385,0.8136270373481793,33028.35975256654,33028.35975256654,1468.5968024134636,18.298260250729385,,0,,,,False,18.298260250729385,0.8136270373481793,55.629215240478516,58.9299430847168,57.33189297287993,18.37033038911433
PbI2,4.0,4.0,detector_qspace_per_pixel,detector_qr_band_per_qz_bin_fast,False,3,2.73777137567738,2.73777137567738,0,0,saved_q_group_rows_no_fit_points,+,+,0.13,88,2.5629696703788407,2.5871030947703555,2.575036382574598,1834,1834.0,pixel_count,34762.089470128085,34762.089470128085,1520.591331899166,18.954247257430797,18.954247257430797,0.8291119585055431,34762.089470128085,34762.089470128085,1520.591331899166,18.954247257430797,,0,,,,False,18.954247257430797,0.8291119585055431,55.89704513549805,59.219337463378906,57.62278789568714,18.855841703087897
PbI2,4.0,4.0,detector_qspace_per_pixel,detector_qr_band_per_qz_bin_fast,False,3,2.73777137567738,2.73777137567738,0,0,saved_q_group_rows_no_fit_points,+,+,0.13,89,2.5871030947703555,2.61123651916187,2.5991698069661124,1900,1900.0,pixel_count,36532.25530908351,36532.25530908351,1606.718311369419,19.22750279425448,19.22750279425448,0.8456412165102206,36532.25530908351,36532.25530908351,1606.718311369419,19.22750279425448,,0,,,,False,19.22750279425448,0.8456412165102206,56.213565826416016,59.5192985534668,57.91646879316116,19.335289543523373
PbI2,4.0,4.0,detector_qspace_per_pixel,detector_qr_band_per_qz_bin_fast,False,3,2.73777137567738,2.73777137567738,0,0,saved_q_group_rows_no_fit_points,+,+,0.13,90,2.61123651916187,2.635369943553384,2.623303231357627,1954,1954.0,pixel_count,38866.63519898416,38866.63519898416,1687.1996755599976,19.89080614072884,19.89080614072884,0.8634594040736937,38866.63519898416,38866.63519898416,1687.1996755599976,19.89080614072884,,0,,,,False,19.89080614072884,0.8634594040736937,56.511043548583984,59.81515884399414,58.21670857821742,19.815718123302837
PbI2,4.0,4.0,detector_qspace_per_pixel,detector_qr_band_per_qz_bin_fast,False,3,2.73777137567738,2.73777137567738,0,0,saved_q_group_rows_no_fit_points,+,+,0.13,91,2.635369943553384,2.659503367944899,2.6474366557491416,2014,2014.0,pixel_count,41165.23245040355,41165.23245040355,1777.6468659043312,20.439539449058366,20.439539449058366,0.882644918522508,41165.23245040355,41165.23245040355,1777.6468659043312,20.439539449058366,,0,,,,False,20.439539449058366,0.882644918522508,56.81999969482422,60.10694122314453,58.51470032633739,20.064046201764953
PbI2,4.0,4.0,detector_qspace_per_pixel,detector_qr_band_per_qz_bin_fast,False,3,2.73777137567738,2.73777137567738,0,0,saved_q_group_rows_no_fit_points,+,+,0.13,92,2.659503367944899,2.6836367923364137,2.6715700801406563,2077,2077.0,pixel_count,41937.613923683675,41937.613923683675,1876.0521793365479,20.191436650786557,20.191436650786557,0.9032509289054155,41937.613923683675,41937.613923683675,1876.0521793365479,20.191436650786557,,0,,,,False,20.191436650786557,0.9032509289054155,57.11063766479492,60.40854263305664,58.81502373553249,19.67407080394735
PbI2,4.0,4.0,detector_qspace_per_pixel,detector_qr_band_per_qz_bin_fast,False,3,2.73777137567738,2.73777137567738,0,0,saved_q_group_rows_no_fit_points,+,+,0.13,93,2.6836367923364137,2.707770216727928,2.6957035045321707,2142,2142.0,pixel_count,40035.32364797936,40035.32364797936,1982.0829728841782,18.690627286638357,18.690627286638357,0.9253421908889721,40035.32364797936,40035.32364797936,1982.0829728841782,18.690627286638357,,0,,,,False,18.690627286638357,0.9253421908889721,57.429195404052734,60.70578384399414,59.119275793567795,18.56552801258959
PbI2,4.0,4.0,detector_qspace_per_pixel,detector_qr_band_per_qz_bin_fast,False,3,2.73777137567738,2.73777137567738,0,0,saved_q_group_rows_no_fit_points,+,+,0.13,94,2.707770216727928,2.731903641119443,2.7198369289236854,2212,2212.0,pixel_count,37565.10403149078,37565.10403149078,2099.2310547828674,16.98241592743706,16.98241592743706,0.9490194641875531,37565.10403149078,37565.10403149078,2099.2310547828674,16.98241592743706,,0,,,,False,16.98241592743706,0.9490194641875531,57.743431091308594,60.99870300292969,59.42505562734965,17.176503085010328
PbI2,4.0,4.0,detector_qspace_per_pixel,detector_qr_band_per_qz_bin_fast,False,3,2.73777137567738,2.73777137567738,0,0,saved_q_group_rows_no_fit_points,+,+,0.13,95,2.731903641119443,2.756037065510957,2.7439703533152002,2282,2282.0,pixel_count,35968.398336949664,35968.398336949664,2223.4508043527603,15.761787176577416,15.761787176577416,0.9743430343351273,35968.398336949664,35968.398336949664,2223.4508043527603,15.761787176577416,,0,,,,False,15.761787176577416,0.9743430343351273,58.0400505065918,61.30068588256836,59.729523060184505,16.02312428568761
PbI2,4.0,4.0,detector_qspace_per_pixel,detector_qr_band_per_qz_bin_fast,False,3,2.73777137567738,2.73777137567738,0,0,saved_q_group_rows_no_fit_points,+,+,0.13,96,2.756037065510957,2.7801704899024715,2.768103777706714,2358,2358.0,pixel_count,35499.69259083153,35499.69259083153,2361.2418532967567,15.055001098741107,15.055001098741107,1.0013748317628315,35499.69259083153,35499.69259083153,2361.2418532967567,15.055001098741107,,0,,,,False,15.055001098741107,1.0013748317628315,58.36259841918945,61.62240982055664,60.037397912489794,15.346886451918941
PbI2,4.0,4.0,detector_qspace_per_pixel,detector_qr_band_per_qz_bin_fast,False,4,3.1613060814539744,3.1613060814539744,0,0,saved_q_group_rows_no_fit_points,-,-,0.13,1,0.46336174831707855,0.48749517270859305,0.4754284605128358,717,717.0,pixel_count,15871.948637113468,15871.948637113468,460.36854696273804,22.13660897784305,22.13660897784305,0.6420760766565384,15871.948637113468,15871.948637113468,460.36854696273804,22.13660897784305,,0,,,,False,22.13660897784305,0.6420760766565384,44.4716911315918,48.42624282836914,46.524738951632884,22.26982838109332
PbI2,4.0,4.0,detector_qspace_per_pixel,detector_qr_band_per_qz_bin_fast,False,4,3.1613060814539744,3.1613060814539744,0,0,saved_q_group_rows_no_fit_points,-,-,0.13,2,0.48749517270859305,0.5116285971001077,0.4995618849043504,719,719.0,pixel_count,16163.036829547167,16163.036829547167,463.48231840133667,22.47988432482221,22.47988432482221,0.6446207488196616,16163.036829547167,16163.036829547167,463.48231840133667,22.47988432482221,,0,,,,False,22.47988432482221,0.6446207488196616,44.5428581237793,48.490901947021484,46.590695494424395,22.547302175741365
PbI2,4.0,4.0,detector_qspace_per_pixel,detector_qr_band_per_qz_bin_fast,False,4,3.1613060814539744,3.1613060814539744,0,0,saved_q_group_rows_no_fit_points,-,-,0.13,3,0.5116285971001077,0.5357620214916221,0.5236953092958649,725,725.0,pixel_count,16645.68519551828,16645.68519551828,468.292868077755,22.959565786921765,22.959565786921765,0.6459211973486275,16645.68519551828,16645.68519551828,468.292868077755,22.959565786921765,,0,,,,False,22.959565786921765,0.6459211973486275,44.62151336669922,48.59031295776367,46.68452529291453,22.945914942508363
PbI2,4.0,4.0,detector_qspace_per_pixel,detector_qr_band_per_qz_bin_fast,False,4,3.1613060814539744,3.1613060814539744,0,0,saved_q_group_rows_no_fit_points,-,-,0.13,4,0.5357620214916221,0.5598954458831366,0.5478287336873793,728,728.0,pixel_count,17019.246112428154,17019.246112428154,471.7842034101486,23.37808531926944,23.37808531926944,0.6480552244644898,17019.246112428154,17019.246112428154,471.7842034101486,23.37808531926944,,0,,,,False,23.37808531926944,0.6480552244644898,44.73418045043945,48.658138275146484,46.755122217821416,23.355162901298563
PbI2,4.0,4.0,detector_qspace_per_pixel,detector_qr_band_per_qz_bin_fast,False,4,3.1613060814539744,3.1613060814539744,0,0,saved_q_group_rows_no_fit_points,-,-,0.13,5,0.5598954458831366,0.5840288702746511,0.5719621580788938,732,732.0,pixel_count,17419.091277811105,17419.091277811105,474.88538962602615,23.796572783894952,23.796572783894952,0.648750532275992,17419.091277811105,17419.091277811105,474.88538962602615,23.796572783894952,,0,,,,False,23.796572783894952,0.648750532275992,44.816650390625,48.760353088378906,46.85766410721141,23.711276974716263
PbI2,4.0,4.0,detector_qspace_per_pixel,detector_qr_band_per_qz_bin_fast,False,4,3.1613060814539744,3.1613060814539744,0,0,saved_q_group_rows_no_fit_points,-,-,0.13,6,0.5840288702746511,0.6081622946661657,0.5960955824704084,739,739.0,pixel_count,17619.35095709313,17619.35095709313,480.73113280534744,23.842152851276225,23.842152851276225,0.6505157412792252,17619.35095709313,17619.35095709313,480.73113280534744,23.842152851276225,,0,,,,False,23.842152851276225,0.6505157412792252,44.8943977355957,48.83122253417969,46.93157882180309,24.093207763609428
PbI2,4.0,4.0,detector_qspace_per_pixel,detector_qr_band_per_qz_bin_fast,False,4,3.1613060814539744,3.1613060814539744,0,0,saved_q_group_rows_no_fit_points,-,-,0.13,7,0.6081622946661657,0.6322957190576802,0.620229006861923,745,745.0,pixel_count,18417.92771673259,18417.92771673259,484.9634370803833,24.7220506264867,24.7220506264867,0.6509576336649441,18417.92771673259,18417.92771673259,484.9634370803833,24.7220506264867,,0,,,,False,24.7220506264867,0.6509576336649441,44.98069763183594,48.93610382080078,47.03557388554,24.606815159849788
PbI2,4.0,4.0,detector_qspace_per_pixel,detector_qr_band_per_qz_bin_fast,False,4,3.1613060814539744,3.1613060814539744,0,0,saved_q_group_rows_no_fit_points,-,-,0.13,8,0.6322957190576802,0.6564291434491947,0.6443624312534375,749,749.0,pixel_count,18834.50009820017,18834.50009820017,488.37364131212234,25.14619505767713,25.14619505767713,0.6520342340615786,18834.50009820017,18834.50009820017,488.37364131212234,25.14619505767713,,0,,,,False,25.14619505767713,0.6520342340615786,45.06161880493164,49.042179107666016,47.12153559081889,25.119335185194817
PbI2,4.0,4.0,detector_qspace_per_pixel,detector_qr_band_per_qz_bin_fast,False,4,3.1613060814539744,3.1613060814539744,0,0,saved_q_group_rows_no_fit_points,-,-,0.13,9,0.6564291434491947,0.6805625678407091,0.6684958556449518,754,754.0,pixel_count,19276.113070408283,19276.113070408283,491.9771100282669,25.56513669815422,25.56513669815422,0.6524895358465078,19276.113070408283,19276.113070408283,491.9771100282669,25.56513669815422,,0,,,,False,25.56513669815422,0.6524895358465078,45.18879699707031,49.117305755615234,47.22005705659154,25.584731610843924
PbI2,4.0,4.0,detector_qspace_per_pixel,detector_qr_band_per_qz_bin_fast,False,4,3.1613060814539744,3.1613060814539744,0,0,saved_q_group_rows_no_fit_points,-,-,0.13,10,0.6805625678407091,0.7046959922322237,0.6926292800364664,759,759.0,pixel_count,19686.790156484676,19686.790156484676,495.3982983827591,25.937799942667557,25.937799942667557,0.6526986803461912,19686.790156484676,19686.790156484676,495.3982983827591,25.937799942667557,,0,,,,False,25.937799942667557,0.6526986803461912,45.27260208129883,49.2258415222168,47.322870046470506,26.15202069715523
PbI2,4.0,4.0,detector_qspace_per_pixel,detector_qr_band_per_qz_bin_fast,False,4,3.1613060814539744,3.1613060814539744,0,0,saved_q_group_rows_no_fit_points,-,-,0.13,11,0.7046959922322237,0.7288294166237382,0.716762704427981,767,767.0,pixel_count,20660.308765829523,20660.308765829523,500.6234908103943,26.936517295736014,26.936517295736014,0.6527033778492755,20660.308765829523,20660.308765829523,500.6234908103943,26.936517295736014,,0,,,,False,26.936517295736014,0.6527033778492755,45.36594009399414,49.34214401245117,47.4299249443593,26.92129522987863
PbI2,4.0,4.0,detector_qspace_per_pixel,detector_qr_band_per_qz_bin_fast,False,4,3.1613060814539744,3.1613060814539744,0,0,saved_q_group_rows_no_fit_points,-,-,0.13,12,0.7288294166237382,0.7529628410152527,0.7408961288194955,772,772.0,pixel_count,21429.692335326945,21429.692335326945,503.92874413728714,27.758668828143712,27.758668828143712,0.6527574405923409,21429.692335326945,21429.692335326945,503.92874413728714,27.758668828143712,,0,,,,False,27.758668828143712,0.6527574405923409,45.49772262573242,49.42145919799805,47.533069335064106,27.814996354295875
PbI2,4.0,4.0,detector_qspace_per_pixel,detector_qr_band_per_qz_bin_fast,False,4,3.1613060814539744,3.1613060814539744,0,0,saved_q_group_rows_no_fit_points,-,-,0.13,13,0.7529628410152527,0.7770962654067672,0.76502955321101,776,776.0,pixel_count,22279.83043118678,22279.83043118678,506.509270131588,28.711121689673686,28.711121689673686,0.6527181316128711,22279.83043118678,22279.83043118678,506.509270131588,28.711121689673686,,0,,,,False,28.711121689673686,0.6527181316128711,45.58579635620117,49.533531188964844,47.6368740717722,28.798428769286293
PbI2,4.0,4.0,detector_qspace_per_pixel,detector_qr_band_per_qz_bin_fast,False,4,3.1613060814539744,3.1613060814539744,0,0,saved_q_group_rows_no_fit_points,-,-,0.13,14,0.7770962654067672,0.8012296897982817,0.7891629776025244,783,783.0,pixel_count,23468.250061749277,23468.250061749277,510.5677589774132,29.972222301084646,29.972222301084646,0.6520661034194294,23468.250061749277,23468.250061749277,510.5677589774132,29.972222301084646,,0,,,,False,29.972222301084646,0.6520661034194294,45.72025680541992,49.653900146484375,47.75651004082294,29.794870121826484
PbI2,4.0,4.0,detector_qspace_per_pixel,detector_qr_band_per_qz_bin_fast,False,4,3.1613060814539744,3.1613060814539744,0,0,saved_q_group_rows_no_fit_points,-,-,0.13,15,0.8012296897982817,0.8253631141897962,0.813296401994039,793,793.0,pixel_count,24372.616261880496,24372.616261880496,516.7966673374176,30.734698943102767,30.734698943102767,0.6516981933637044,24372.616261880496,24372.616261880496,516.7966673374176,30.734698943102767,,0,,,,False,30.734698943102767,0.6516981933637044,45.82008361816406,49.768070220947266,47.8677665113439,30.567793872817724
PbI2,4.0,4.0,detector_qspace_per_pixel,detector_qr_band_per_qz_bin_fast,False,4,3.1613060814539744,3.1613060814539744,0,0,saved_q_group_rows_no_fit_points,-,-,0.13,16,0.8253631141897962,0.8494965385813108,0.8374298263855535,792,792.0,pixel_count,24816.87704371152,24816.87704371152,515.8867495059967,31.33444071175697,31.33444071175697,0.6513721584671676,24816.87704371152,24816.87704371152,515.8867495059967,31.33444071175697,,0,,,,False,31.33444071175697,0.6513721584671676,45.957298278808594,49.883140563964844,47.975986470248465,30.87812280709867
PbI2,4.0,4.0,detector_qspace_per_pixel,detector_qr_band_per_qz_bin_fast,False,4,3.1613060814539744,3.1613060814539744,0,0,saved_q_group_rows_no_fit_points,-,-,0.13,17,0.8494965385813108,0.8736299629728252,0.8615632507770681,806,806.0,pixel_count,24746.968100080332,24746.968100080332,524.1205246448517,30.703434367345324,30.703434367345324,0.6502736037777316,24746.968100080332,24746.968100080332,524.1205246448517,30.703434367345324,,0,,,,False,30.703434367345324,0.6502736037777316,46.06024169921875,50.00697708129883,48.10655666873655,30.65938779640073
PbI2,4.0,4.0,detector_qspace_per_pixel,detector_qr_band_per_qz_bin_fast,False,4,3.1613060814539744,3.1613060814539744,0,0,saved_q_group_rows_no_fit_points,-,-,0.13,18,0.8736299629728252,0.8977633873643397,0.8856966751685824,814,814.0,pixel_count,24508.36902406441,24508.36902406441,528.8123115301132,30.10856145462458,30.10856145462458,0.6496465743613185,24508.36902406441,24508.36902406441,528.8123115301132,30.10856145462458,,0,,,,False,30.10856145462458,0.6496465743613185,46.20001220703125,50.132022857666016,48.2229294274628,30.210786414638704
PbI2,4.0,4.0,detector_qspace_per_pixel,detector_qr_band_per_qz_bin_fast,False,4,3.1613060814539744,3.1613060814539744,0,0,saved_q_group_rows_no_fit_points,-,-,0.13,19,0.8977633873643397,0.9218968117558544,0.909830099560097,815,815.0,pixel_count,24366.544961285912,24366.544961285912,528.5192091464996,29.897601179491918,29.897601179491918,0.6484898271736191,24366.544961285912,24366.544961285912,528.5192091464996,29.897601179491918,,0,,,,False,29.897601179491918,0.6484898271736191,46.30588912963867,50.249916076660156,48.3548869864179,29.769899186007223
PbI2,4.0,4.0,detector_qspace_per_pixel,detector_qr_band_per_qz_bin_fast,False,4,3.1613060814539744,3.1613060814539744,0,0,saved_q_group_rows_no_fit_points,-,-,0.13,20,0.9218968117558544,0.9460302361473689,0.9339635239516116,826,826.0,pixel_count,23999.270060529965,23999.270060529965,535.0167687535286,29.054806368680346,29.054806368680346,0.6477200590236424,23999.270060529965,23999.270060529965,535.0167687535286,29.054806368680346,,0,,,,False,29.054806368680346,0.6477200590236424,46.448020935058594,50.377037048339844,48.47584883073171,29.42149312374392
PbI2,4.0,4.0,detector_qspace_per_pixel,detector_qr_band_per_qz_bin_fast,False,4,3.1613060814539744,3.1613060814539744,0,0,saved_q_group_rows_no_fit_points,-,-,0.13,21,0.9460302361473689,0.9701636605388833,0.9580969483431261,832,832.0,pixel_count,24573.925582221706,24573.925582221706,537.9068542718887,29.535968247862627,29.535968247862627,0.6465226613844817,24573.925582221706,24573.925582221706,537.9068542718887,29.535968247862627,,0,,,,False,29.535968247862627,0.6465226613844817,46.59113311767578,50.505218505859375,48.61017501295346,29.206497951576786
PbI2,4.0,4.0,detector_qspace_per_pixel,detector_qr_band_per_qz_bin_fast,False,4,3.1613060814539744,3.1613060814539744,0,0,saved_q_group_rows_no_fit_points,-,-,0.13,22,0.9701636605388833,0.9942970849303978,0.9822303727346405,841,841.0,pixel_count,24170.25814102573,24170.25814102573,542.8276478648186,28.739902664715494,28.739902664715494,0.6454549915158366,24170.25814102573,24170.25814102573,542.8276478648186,28.739902664715494,,0,,,,False,28.739902664715494,0.6454549915158366,46.700958251953125,50.62558364868164,48.74176642698851,28.983185179941465
PbI2,4.0,4.0,detector_qspace_per_pixel,detector_qr_band_per_qz_bin_fast,False,4,3.1613060814539744,3.1613060814539744,0,0,saved_q_group_rows_no_fit_points,-,-,0.13,23,0.9942970849303978,1.0184305093219124,1.0063637971261552,850,850.0,pixel_count,24472.371236825264,24472.371236825264,547.7561336159706,28.79102498450031,28.79102498450031,0.6444189807246713,24472.371236825264,24472.371236825264,547.7561336159706,28.79102498450031,,0,,,,False,28.79102498450031,0.6444189807246713,46.84614944458008,50.75558090209961,48.87410660733042,28.890930181521234
PbI2,4.0,4.0,detector_qspace_per_pixel,detector_qr_band_per_qz_bin_fast,False,4,3.1613060814539744,3.1613060814539744,0,0,saved_q_group_rows_no_fit_points,-,-,0.13,24,1.0184305093219124,1.0425639337134267,1.0304972215176695,857,857.0,pixel_count,24855.70880524279,24855.70880524279,551.0683631896973,29.003160799583185,29.003160799583185,0.6430202604313854,24855.70880524279,24855.70880524279,551.0683631896973,29.003160799583185,,0,,,,False,29.003160799583185,0.6430202604313854,47.00348663330078,50.91547775268555,49.018908486673766,28.97266886207902
PbI2,4.0,4.0,detector_qspace_per_pixel,detector_qr_band_per_qz_bin_fast,False,4,3.1613060814539744,3.1613060814539744,0,0,saved_q_group_rows_no_fit_points,-,-,0.13,25,1.0425639337134267,1.0666973581049413,1.0546306459091839,870,870.0,pixel_count,25339.19601588353,25339.19601588353,558.3584714531898,29.125512661935094,29.125512661935094,0.6417913464979194,25339.19601588353,25339.19601588353,558.3584714531898,29.125512661935094,,0,,,,False,29.125512661935094,0.6417913464979194,47.150489807128906,51.04705810546875,49.16052353471534,29.032217983161253
PbI2,4.0,4.0,detector_qspace_per_pixel,detector_qr_band_per_qz_bin_fast,False,4,3.1613060814539744,3.1613060814539744,0,0,saved_q_group_rows_no_fit_points,-,-,0.13,26,1.0666973581049413,1.090830782496456,1.0787640703006987,873,873.0,pixel_count,25407.78224017173,25407.78224017173,559.2888963222504,29.10398882035708,29.10398882035708,0.6406516567265181,25407.78224017173,25407.78224017173,559.2888963222504,29.10398882035708,,0,,,,False,29.10398882035708,0.6406516567265181,47.265079498291016,51.179473876953125,49.302105530087275,28.892697249739363
PbI2,4.0,4.0,detector_qspace_per_pixel,detector_qr_band_per_qz_bin_fast,False,4,3.1613060814539744,3.1613060814539744,0,0,saved_q_group_rows_no_fit_points,-,-,0.13,27,1.090830782496456,1.1149642068879704,1.1028974946922132,884,884.0,pixel_count,25191.586359549037,25191.586359549037,565.2510412335396,28.49726963749891,28.49726963749891,0.6394242547890719,25191.586359549037,25191.586359549037,565.2510412335396,28.49726963749891,,0,,,,False,28.49726963749891,0.6394242547890719,47.425697326660156,51.312686920166016,49.44841059839704,28.515822099080953
PbI2,4.0,4.0,detector_qspace_per_pixel,detector_qr_band_per_qz_bin_fast,False,4,3.1613060814539744,3.1613060814539744,0,0,saved_q_group_rows_no_fit_points,-,-,0.13,28,1.1149642068879704,1.139097631279485,1.1270309190837278,896,896.0,pixel_count,25161.999786422562,25161.999786422562,572.0846181511879,28.08258904734661,28.08258904734661,0.6384872970437365,25161.999786422562,25161.999786422562,572.0846181511879,28.08258904734661,,0,,,,False,28.08258904734661,0.6384872970437365,47.57522201538086,51.47465133666992,49.58833446090607,28.020571093694162
PbI2,4.0,4.0,detector_qspace_per_pixel,detector_qr_band_per_qz_bin_fast,False,4,3.1613060814539744,3.1613060814539744,0,0,saved_q_group_rows_no_fit_points,-,-,0.13,29,1.139097631279485,1.1632310556709995,1.151164343475242,905,905.0,pixel_count,24831.538301693414,24831.538301693414,576.4644373655319,27.43816386927449,27.43816386927449,0.6369772788569413,24831.538301693414,24831.538301693414,576.4644373655319,27.43816386927449,,0,,,,False,27.43816386927449,0.6369772788569413,47.73761749267578,51.6190071105957,49.75008543471582,27.490757059170946
PbI2,4.0,4.0,detector_qspace_per_pixel,detector_qr_band_per_qz_bin_fast,False,4,3.1613060814539744,3.1613060814539744,0,0,saved_q_group_rows_no_fit_points,-,-,0.13,30,1.1632310556709995,1.1873644800625138,1.1752977678667567,912,912.0,pixel_count,24619.625086531345,24619.625086531345,579.8631303310394,26.995202945758052,26.995202945758052,0.6358148358892977,24619.625086531345,24619.625086531345,579.8631303310394,26.995202945758052,,0,,,,False,26.995202945758052,0.6358148358892977,47.888458251953125,51.78171920776367,49.90415165838368,26.974750512318774
PbI2,4.0,4.0,detector_qspace_per_pixel,detector_qr_band_per_qz_bin_fast,False,4,3.1613060814539744,3.1613060814539744,0,0,saved_q_group_rows_no_fit_points,-,-,0.13,31,1.1873644800625138,1.2114979044540284,1.1994311922582712,928,928.0,pixel_count,24524.4993721521,24524.4993721521,589.2199951410294,26.427262254474243,26.427262254474243,0.6349353395916265,24524.4993721521,24524.4993721521,589.2199951410294,26.427262254474243,,0,,,,False,26.427262254474243,0.6349353395916265,48.05241394042969,51.95471954345703,50.05237444508014,26.50781390077819
PbI2,4.0,4.0,detector_qspace_per_pixel,detector_qr_band_per_qz_bin_fast,False,4,3.1613060814539744,3.1613060814539744,0,0,saved_q_group_rows_no_fit_points,-,-,0.13,32,1.2114979044540284,1.235631328845543,1.2235646166497856,935,935.0,pixel_count,24351.585646530755,24351.585646530755,592.4874571561813,26.04447662730562,26.04447662730562,0.6336764247659693,24351.585646530755,24351.585646530755,592.4874571561813,26.04447662730562,,0,,,,False,26.04447662730562,0.6336764247659693,48.21714782714844,52.0908088684082,50.21746505937419,26.152925252175628
PbI2,4.0,4.0,detector_qspace_per_pixel,detector_qr_band_per_qz_bin_fast,False,4,3.1613060814539744,3.1613060814539744,0,0,saved_q_group_rows_no_fit_points,-,-,0.13,33,1.235631328845543,1.2597647532370573,1.2476980410413,949,949.0,pixel_count,24692.23209914136,24692.23209914136,600.4690207839012,26.019211906366028,26.019211906366028,0.6327386941874618,24692.23209914136,24692.23209914136,600.4690207839012,26.019211906366028,,0,,,,False,26.019211906366028,0.6327386941874618,48.36967849731445,52.2645378112793,50.37562259097556,25.85524230493379
PbI2,4.0,4.0,detector_qspace_per_pixel,detector_qr_band_per_qz_bin_fast,False,4,3.1613060814539744,3.1613060814539744,0,0,saved_q_group_rows_no_fit_points,-,-,0.13,34,1.2597647532370573,1.283898177628572,1.2718314654328147,958,958.0,pixel_count,24408.063407012865,24408.063407012865,605.1575378775597,25.478145518802574,25.478145518802574,0.6316884528993316,24408.063407012865,24408.063407012865,605.1575378775597,25.478145518802574,,0,,,,False,25.478145518802574,0.6316884528993316,48.53565216064453,52.40153884887695,50.5425952622075,25.47277749086521
PbI2,4.0,4.0,detector_qspace_per_pixel,detector_qr_band_per_qz_bin_fast,False,4,3.1613060814539744,3.1613060814539744,0,0,saved_q_group_rows_no_fit_points,-,-,0.13,35,1.283898177628572,1.3080316020200866,1.2959648898243294,969,969.0,pixel_count,24115.986983794588,24115.986983794588,611.3849811553955,24.887499467280275,24.887499467280275,0.6309442529983442,24115.986983794588,24115.986983794588,611.3849811553955,24.887499467280275,,0,,,,False,24.887499467280275,0.6309442529983442,48.70224380493164,52.57579803466797,50.70287192665107,25.116627900299136
PbI2,4.0,4.0,detector_qspace_per_pixel,detector_qr_band_per_qz_bin_fast,False,4,3.1613060814539744,3.1613060814539744,0,0,saved_q_group_rows_no_fit_points,-,-,0.13,36,1.3080316020200866,1.332165026411601,1.3200983142158438,987,987.0,pixel_count,24695.637820750275,24695.637820750275,621.6811661720276,25.020909646150226,25.020909646150226,0.629869469272571,24695.637820750275,24695.637820750275,621.6811661720276,25.020909646150226,,0,,,,False,25.020909646150226,0.629869469272571,48.86940002441406,52.75016784667969,50.88119532233027,24.91299179637744
PbI2,4.0,4.0,detector_qspace_per_pixel,detector_qr_band_per_qz_bin_fast,False,4,3.1613060814539744,3.1613060814539744,0,0,saved_q_group_rows_no_fit_points,-,-,0.13,37,1.332165026411601,1.3562984508031155,1.3442317386073581,993,993.0,pixel_count,24501.409930886966,24501.409930886966,624.8793968558311,24.67412883271598,24.67412883271598,0.6292843875688129,24501.409930886966,24501.409930886966,624.8793968558311,24.67412883271598,,0,,,,False,24.67412883271598,0.6292843875688129,49.03706359863281,52.924591064453125,51.047090809419714,24.76289963488615
PbI2,4.0,4.0,detector_qspace_per_pixel,detector_qr_band_per_qz_bin_fast,False,4,3.1613060814539744,3.1613060814539744,0,0,saved_q_group_rows_no_fit_points,-,-,0.13,38,1.3562984508031155,1.38043187519463,1.368365162998873,1011,1011.0,pixel_count,24946.830128694884,24946.830128694884,635.5123516321182,24.675400720766454,24.675400720766454,0.6285977760950724,24946.830128694884,24946.830128694884,635.5123516321182,24.675400720766454,,0,,,,False,24.675400720766454,0.6285977760950724,49.20518493652344,53.07373809814453,51.22163101984739,24.6225856304643
PbI2,4.0,4.0,detector_qspace_per_pixel,detector_qr_band_per_qz_bin_fast,False,4,3.1613060814539744,3.1613060814539744,0,0,saved_q_group_rows_no_fit_points,-,-,0.13,39,1.38043187519463,1.4045652995861444,1.3924985873903872,1020,1020.0,pixel_count,25016.007357692448,25016.007357692448,640.6527172923088,24.5254974095024,24.5254974095024,0.6280908993061851,25016.007357692448,25016.007357692448,640.6527172923088,24.5254974095024,,0,,,,False,24.5254974095024,0.6280908993061851,49.4167594909668,53.2484130859375,51.39538409230111,24.414139291910928
PbI2,4.0,4.0,detector_qspace_per_pixel,detector_qr_band_per_qz_bin_fast,False,4,3.1613060814539744,3.1613060814539744,0,0,saved_q_group_rows_no_fit_points,-,-,0.13,40,1.4045652995861444,1.428698723977659,1.4166320117819016,1038,1038.0,pixel_count,25015.15849698142,25015.15849698142,651.3960365653038,24.09938198167767,24.09938198167767,0.6275491681746664,25015.15849698142,25015.15849698142,651.3960365653038,24.09938198167767,,0,,,,False,24.09938198167767,0.6275491681746664,49.58545684814453,53.423004150390625,51.57736483749529,24.064650190831287
PbI2,4.0,4.0,detector_qspace_per_pixel,detector_qr_band_per_qz_bin_fast,False,4,3.1613060814539744,3.1613060814539744,0,0,saved_q_group_rows_no_fit_points,-,-,0.13,41,1.428698723977659,1.4528321483691735,1.4407654361734163,1052,1052.0,pixel_count,24860.919655207726,24860.919655207726,659.8198393583298,23.632052904189855,23.632052904189855,0.627205170492709,24860.919655207726,24860.919655207726,659.8198393583298,23.632052904189855,,0,,,,False,23.632052904189855,0.627205170492709,49.754459381103516,53.59746551513672,51.758625386861354,23.644717647744653
PbI2,4.0,4.0,detector_qspace_per_pixel,detector_qr_band_per_qz_bin_fast,False,4,3.1613060814539744,3.1613060814539744,0,0,saved_q_group_rows_no_fit_points,-,-,0.13,42,1.4528321483691735,1.4769655727606879,1.4648988605649307,1065,1065.0,pixel_count,24584.484764105582,24584.484764105582,667.8409361243248,23.0840232526813,23.0840232526813,0.6270806911965491,24584.484764105582,24584.484764105582,667.8409361243248,23.0840232526813,,0,,,,False,23.0840232526813,0.6270806911965491,49.96612548828125,53.78306198120117,51.937065608008524,23.327534051575363
PbI2,4.0,4.0,detector_qspace_per_pixel,detector_qr_band_per_qz_bin_fast,False,4,3.1613060814539744,3.1613060814539744,0,0,saved_q_group_rows_no_fit_points,-,-,0.13,43,1.4769655727606879,1.5010989971522026,1.4890322849564452,1082,1082.0,pixel_count,25202.54116495186,25202.54116495186,678.3740989565849,23.292551908458282,23.292551908458282,0.6269631228803927,25202.54116495186,25202.54116495186,678.3740989565849,23.292551908458282,,0,,,,False,23.292551908458282,0.6269631228803927,50.1353874206543,53.957210540771484,52.12316496912549,23.17971162855782
PbI2,4.0,4.0,detector_qspace_per_pixel,detector_qr_band_per_qz_bin_fast,False,4,3.1613060814539744,3.1613060814539744,0,0,saved_q_group_rows_no_fit_points,-,-,0.13,44,1.5010989971522026,1.5252324215437172,1.5131657093479598,1095,1095.0,pixel_count,25295.947690984587,25295.947690984587,686.4803661108017,23.101322092223366,23.101322092223366,0.6269227087769879,25295.947690984587,25295.947690984587,686.4803661108017,23.101322092223366,,0,,,,False,23.101322092223366,0.6269227087769879,50.3190803527832,54.166114807128906,52.31369908643465,22.992075901869825
PbI2,4.0,4.0,detector_qspace_per_pixel,detector_qr_band_per_qz_bin_fast,False,4,3.1613060814539744,3.1613060814539744,0,0,saved_q_group_rows_no_fit_points,-,-,0.13,45,1.5252324215437172,1.5493658459352315,1.5372991337394744,1115,1115.0,pixel_count,25288.600243151595,25288.600243151595,699.1619010567665,22.6803589624678,22.6803589624678,0.6270510323379072,25288.600243151595,25288.600243151595,699.1619010567665,22.6803589624678,,0,,,,False,22.6803589624678,0.6270510323379072,50.530426025390625,54.35099411010742,52.506267105403865,22.65326298921349
PbI2,4.0,4.0,detector_qspace_per_pixel,detector_qr_band_per_qz_bin_fast,False,4,3.1613060814539744,3.1613060814539744,0,0,saved_q_group_rows_no_fit_points,-,-,0.13,46,1.5493658459352315,1.573499270326746,1.561432558130989,1136,1136.0,pixel_count,25192.460185363863,25192.460185363863,712.836744427681,22.176461430778048,22.176461430778048,0.6274971341792966,25192.460185363863,25192.460185363863,712.836744427681,22.176461430778048,,0,,,,False,22.176461430778048,0.6274971341792966,50.7143440246582,54.52410125732422,52.69253160533646,22.301498680122236
PbI2,4.0,4.0,detector_qspace_per_pixel,detector_qr_band_per_qz_bin_fast,False,4,3.1613060814539744,3.1613060814539744,0,0,saved_q_group_rows_no_fit_points,-,-,0.13,47,1.573499270326746,1.5976326947182606,1.5855659825225032,1149,1149.0,pixel_count,25203.974272213065,25203.974272213065,721.3423946499825,21.935573779123644,21.935573779123644,0.6278001694081657,25203.974272213065,25203.974272213065,721.3423946499825,21.935573779123644,,0,,,,False,21.935573779123644,0.6278001694081657,50.92512893676758,54.74272918701172,52.895690240040956,22.143245587802692
PbI2,4.0,4.0,detector_qspace_per_pixel,detector_qr_band_per_qz_bin_fast,False,4,3.1613060814539744,3.1613060814539744,0,0,saved_q_group_rows_no_fit_points,-,-,0.13,48,1.5976326947182606,1.621766119109775,1.6096994069140178,1164,1164.0,pixel_count,25948.028004595482,25948.028004595482,731.4918304085732,22.292120278862097,22.292120278862097,0.6284294075675027,25948.028004595482,25948.028004595482,731.4918304085732,22.292120278862097,,0,,,,False,22.292120278862097,0.6284294075675027,51.1353874206543,54.92652893066406,53.092008856551054,22.203136754910417
PbI2,4.0,4.0,detector_qspace_per_pixel,detector_qr_band_per_qz_bin_fast,False,4,3.1613060814539744,3.1613060814539744,0,0,saved_q_group_rows_no_fit_points,-,-,0.13,49,1.621766119109775,1.6458995435012895,1.6338328313055324,1187,1187.0,pixel_count,26343.817087363514,26343.817087363514,746.9561986923218,22.193611699548033,22.193611699548033,0.6292807065647192,26343.817087363514,26343.817087363514,746.9561986923218,22.193611699548033,,0,,,,False,22.193611699548033,0.6292807065647192,51.31907272338867,55.10997772216797,53.289259436032566,22.36336950929698
PbI2,4.0,4.0,detector_qspace_per_pixel,detector_qr_band_per_qz_bin_fast,False,4,3.1613060814539744,3.1613060814539744,0,0,saved_q_group_rows_no_fit_points,-,-,0.13,50,1.6458995435012895,1.670032967892804,1.6579662556970467,1205,1205.0,pixel_count,27386.416503175366,27386.416503175366,759.5456293821335,22.72731660014553,22.72731660014553,0.6303283231387,27386.416503175366,27386.416503175366,759.5456293821335,22.72731660014553,,0,,,,False,22.72731660014553,0.6303283231387,51.52846908569336,55.314823150634766,53.48759644858131,22.550913926948596
PbI2,4.0,4.0,detector_qspace_per_pixel,detector_qr_band_per_qz_bin_fast,False,4,3.1613060814539744,3.1613060814539744,0,0,saved_q_group_rows_no_fit_points,-,-,0.13,51,1.670032967892804,1.6941663922843184,1.6820996800885613,1228,1228.0,pixel_count,27939.96539606746,27939.96539606746,775.3133835196495,22.75241481764451,22.75241481764451,0.6313626901625811,27939.96539606746,27939.96539606746,775.3133835196495,22.75241481764451,,0,,,,False,22.75241481764451,0.6313626901625811,51.711849212646484,55.5303955078125,53.699305026183026,22.544257257832605
PbI2,4.0,4.0,detector_qspace_per_pixel,detector_qr_band_per_qz_bin_fast,False,4,3.1613060814539744,3.1613060814539744,0,0,saved_q_group_rows_no_fit_points,-,-,0.13,52,1.6941663922843184,1.7182998166758332,1.7062331044800758,1247,1247.0,pixel_count,27851.80578183847,27851.80578183847,789.0501098632812,22.335048742452663,22.335048742452663,0.6327587087917251,27851.80578183847,27851.80578183847,789.0501098632812,22.335048742452663,,0,,,,False,22.335048742452663,0.6327587087917251,51.93497085571289,55.712013244628906,53.90415590374281,22.200802670233774
PbI2,4.0,4.0,detector_qspace_per_pixel,detector_qr_band_per_qz_bin_fast,False,4,3.1613060814539744,3.1613060814539744,0,0,saved_q_group_rows_no_fit_points,-,-,0.13,53,1.7182998166758332,1.7424332410673478,1.7303665288715906,1268,1268.0,pixel_count,27436.437561463885,27436.437561463885,804.3427196145058,21.637569054782244,21.637569054782244,0.6343396842385692,27436.437561463885,27436.437561463885,804.3427196145058,21.637569054782244,,0,,,,False,21.637569054782244,0.6343396842385692,52.157405853271484,55.925811767578125,54.112668383877576,21.61594645953106
PbI2,4.0,4.0,detector_qspace_per_pixel,detector_qr_band_per_qz_bin_fast,False,4,3.1613060814539744,3.1613060814539744,0,0,saved_q_group_rows_no_fit_points,-,-,0.13,54,1.7424332410673478,1.766566665458862,1.754499953263105,1290,1290.0,pixel_count,26942.90039834019,26942.90039834019,820.6736182570457,20.885969301038905,20.885969301038905,0.6361810994240664,26942.90039834019,26942.90039834019,820.6736182570457,20.885969301038905,,0,,,,False,20.885969301038905,0.6361810994240664,52.364253997802734,56.13851547241211,54.32181868259617,20.977873630057843
PbI2,4.0,4.0,detector_qspace_per_pixel,detector_qr_band_per_qz_bin_fast,False,4,3.1613060814539744,3.1613060814539744,0,0,saved_q_group_rows_no_fit_points,-,-,0.13,55,1.766566665458862,1.7907000898503767,1.7786333776546193,1316,1316.0,pixel_count,26888.567001242827,26888.567001242827,839.8221927881241,20.43204179425747,20.43204179425747,0.6381627604772979,26888.567001242827,26888.567001242827,839.8221927881241,20.43204179425747,,0,,,,False,20.43204179425747,0.6381627604772979,52.585121154785156,56.361907958984375,54.53749486618376,20.38978787336183
PbI2,4.0,4.0,detector_qspace_per_pixel,detector_qr_band_per_qz_bin_fast,False,4,3.1613060814539744,3.1613060814539744,0,0,saved_q_group_rows_no_fit_points,-,-,0.13,56,1.7907000898503767,1.8148335142418912,1.802766802046134,1339,1339.0,pixel_count,26487.963194373464,26487.963194373464,857.6032436490059,19.781899323654567,19.781899323654567,0.640480391074687,26487.963194373464,26487.963194373464,857.6032436490059,19.781899323654567,,0,,,,False,19.781899323654567,0.640480391074687,52.805145263671875,56.57231521606445,54.75112948576118,19.825855002440413
PbI2,4.0,4.0,detector_qspace_per_pixel,detector_qr_band_per_qz_bin_fast,False,4,3.1613060814539744,3.1613060814539744,0,0,saved_q_group_rows_no_fit_points,-,-,0.13,57,1.8148335142418912,1.8389669386334055,1.8269002264376484,1364,1364.0,pixel_count,26343.500749823823,26343.500749823823,877.0679221749306,19.313416972011602,19.313416972011602,0.643011673148776,26343.500749823823,26343.500749823823,877.0679221749306,19.313416972011602,,0,,,,False,19.313416972011602,0.643011673148776,53.0009880065918,56.76186752319336,54.96935877427475,19.273326243265977
PbI2,4.0,4.0,detector_qspace_per_pixel,detector_qr_band_per_qz_bin_fast,False,4,3.1613060814539744,3.1613060814539744,0,0,saved_q_group_rows_no_fit_points,-,-,0.13,58,1.8389669386334055,1.8631003630249203,1.851033650829163,1387,1387.0,pixel_count,25857.328413688418,25857.328413688418,895.7556257247925,18.642630435247597,18.642630435247597,0.6458223689436139,25857.328413688418,25857.328413688418,895.7556257247925,18.642630435247597,,0,,,,False,18.642630435247597,0.6458223689436139,53.257389068603516,57.00130844116211,55.18968008979214,18.764351855599813
PbI2,4.0,4.0,detector_qspace_per_pixel,detector_qr_band_per_qz_bin_fast,False,4,3.1613060814539744,3.1613060814539744,0,0,saved_q_group_rows_no_fit_points,-,-,0.13,59,1.8631003630249203,1.8872337874164347,1.8751670752206775,1414,1414.0,pixel_count,25917.32682132804,25917.32682132804,917.5429702401161,18.329085446483763,18.329085446483763,0.6488988474116805,25917.32682132804,25917.32682132804,917.5429702401161,18.329085446483763,,0,,,,False,18.329085446483763,0.6488988474116805,53.47462844848633,57.21981430053711,55.412708812267994,18.368855657009377
PbI2,4.0,4.0,detector_qspace_per_pixel,detector_qr_band_per_qz_bin_fast,False,4,3.1613060814539744,3.1613060814539744,0,0,saved_q_group_rows_no_fit_points,-,-,0.13,60,1.8872337874164347,1.9113672118079492,1.8993004996121918,1447,1447.0,pixel_count,26164.15320510225,26164.15320510225,943.8257983922958,18.08165390815636,18.08165390815636,0.652263855143259,26164.15320510225,26164.15320510225,943.8257983922958,18.08165390815636,,0,,,,False,18.08165390815636,0.652263855143259,53.705745697021484,57.437007904052734,55.63975784696218,18.05467413375471
PbI2,4.0,4.0,detector_qspace_per_pixel,detector_qr_band_per_qz_bin_fast,False,4,3.1613060814539744,3.1613060814539744,0,0,saved_q_group_rows_no_fit_points,-,-,0.13,61,1.9113672118079492,1.935500636199464,1.9234339240037066,1476,1476.0,pixel_count,26180.47564976359,26180.47564976359,968.441448032856,17.737449627211106,17.737449627211106,0.6561256422986829,26180.47564976359,26180.47564976359,968.441448032856,17.737449627211106,,0,,,,False,17.737449627211106,0.6561256422986829,53.9209098815918,57.65285110473633,55.857851513571255,17.74721698691797
PbI2,4.0,4.0,detector_qspace_per_pixel,detector_qr_band_per_qz_bin_fast,False,4,3.1613060814539744,3.1613060814539744,0,0,saved_q_group_rows_no_fit_points,-,-,0.13,62,1.935500636199464,1.9596340605909783,1.9475673483952212,1505,1505.0,pixel_count,26229.70040966351,26229.70040966351,993.5072090029716,17.428372365224924,17.428372365224924,0.6601376804006456,26229.70040966351,26229.70040966351,993.5072090029716,17.428372365224924,,0,,,,False,17.428372365224924,0.6601376804006456,54.14985656738281,57.8673095703125,56.09137266062705,17.452195759417194
PbI2,4.0,4.0,detector_qspace_per_pixel,detector_qr_band_per_qz_bin_fast,False,4,3.1613060814539744,3.1613060814539744,0,0,saved_q_group_rows_no_fit_points,-,-,0.13,63,1.9596340605909783,1.9837674849824927,1.9717007727867355,1535,1535.0,pixel_count,26326.2006633208,26326.2006633208,1020.0715502500534,17.150619324638956,17.150619324638956,0.6645417265472661,26326.2006633208,26326.2006633208,1020.0715502500534,17.150619324638956,,0,,,,False,17.150619324638956,0.6645417265472661,54.37765121459961,58.10991287231445,56.324686722864804,17.21753247671319
PbI2,4.0,4.0,detector_qspace_per_pixel,detector_qr_band_per_qz_bin_fast,False,4,3.1613060814539744,3.1613060814539744,0,0,saved_q_group_rows_no_fit_points,-,-,0.13,64,1.9837674849824927,2.0079009093740074,1.99583419717825,1565,1565.0,pixel_count,26658.141736249483,26658.141736249483,1047.6233658194542,17.033956380990084,17.033956380990084,0.6694079014820794,26658.141736249483,26658.141736249483,1047.6233658194542,17.033956380990084,,0,,,,False,17.033956380990084,0.6694079014820794,54.63995361328125,58.35040283203125,56.55241766997308,17.078744420399392
PbI2,4.0,4.0,detector_qspace_per_pixel,detector_qr_band_per_qz_bin_fast,False,4,3.1613060814539744,3.1613060814539744,0,0,saved_q_group_rows_no_fit_points,-,-,0.13,65,2.0079009093740074,2.032034333765522,2.019967621569765,1602,1602.0,pixel_count,27259.115825039822,27259.115825039822,1080.6633784770966,17.015677793408127,17.015677793408127,0.6745713973015584,27259.115825039822,27259.115825039822,1080.6633784770966,17.015677793408127,,0,,,,False,17.015677793408127,0.6745713973015584,54.864952087402344,58.57158660888672,56.791546157811986,17.006867047596316
PbI2,4.0,4.0,detector_qspace_per_pixel,detector_qr_band_per_qz_bin_fast,False,4,3.1613060814539744,3.1613060814539744,0,0,saved_q_group_rows_no_fit_points,-,-,0.13,66,2.032034333765522,2.056167758157036,2.0441010459612787,1635,1635.0,pixel_count,27787.396362644307,27787.396362644307,1112.1660816073418,16.995349457274806,16.995349457274806,0.6802239031237565,27787.396362644307,27787.396362644307,1112.1660816073418,16.995349457274806,,0,,,,False,16.995349457274806,0.6802239031237565,55.08867645263672,58.808101654052734,57.02839916050935,16.925116907400394
PbI2,4.0,4.0,detector_qspace_per_pixel,detector_qr_band_per_qz_bin_fast,False,4,3.1613060814539744,3.1613060814539744,0,0,saved_q_group_rows_no_fit_points,-,-,0.13,67,2.056167758157036,2.080301182548551,2.0682344703527935,1674,1674.0,pixel_count,27961.730717249535,27961.730717249535,1148.9112580418587,16.7035428418456,16.7035428418456,0.686326916392986,27961.730717249535,27961.730717249535,1148.9112580418587,16.7035428418456,,0,,,,False,16.7035428418456,0.686326916392986,55.345672607421875,59.054012298583984,57.26585754589009,16.842597690219904
PbI2,4.0,4.0,detector_qspace_per_pixel,detector_qr_band_per_qz_bin_fast,False,4,3.1613060814539744,3.1613060814539744,0,0,saved_q_group_rows_no_fit_points,-,-,0.13,68,2.080301182548551,2.1044346069400652,2.0923678947443083,1712,1712.0,pixel_count,28876.23294047947,28876.23294047947,1186.2278426885605,16.86695849327072,16.86695849327072,0.6928900950283647,28876.23294047947,28876.23294047947,1186.2278426885605,16.86695849327072,,0,,,,False,16.86695849327072,0.6928900950283647,55.58106231689453,59.26985168457031,57.50723127287525,16.828997434714573
PbI2,4.0,4.0,detector_qspace_per_pixel,detector_qr_band_per_qz_bin_fast,False,4,3.1613060814539744,3.1613060814539744,0,0,saved_q_group_rows_no_fit_points,-,-,0.13,69,2.1044346069400652,2.1285680313315796,2.116501319135822,1749,1749.0,pixel_count,29572.364868361165,29572.364868361165,1224.2467765808105,16.908156013928625,16.908156013928625,0.6999695692285938,29572.364868361165,29572.364868361165,1224.2467765808105,16.908156013928625,,0,,,,False,16.908156013928625,0.6999695692285938,55.83415985107422,59.51152801513672,57.74910055572745,16.79532080711837
PbI2,4.0,4.0,detector_qspace_per_pixel,detector_qr_band_per_qz_bin_fast,False,4,3.1613060814539744,3.1613060814539744,0,0,saved_q_group_rows_no_fit_points,-,-,0.13,70,2.1285680313315796,2.1527014557230943,2.140634743527337,1787,1787.0,pixel_count,29640.64902403022,29640.64902403022,1264.371125459671,16.58682094237841,16.58682094237841,0.7075384026075383,29640.64902403022,29640.64902403022,1264.371125459671,16.58682094237841,,0,,,,False,16.58682094237841,0.7075384026075383,56.0662727355957,59.750877380371094,57.99618509014593,16.69316067149696
PbI2,4.0,4.0,detector_qspace_per_pixel,detector_qr_band_per_qz_bin_fast,False,4,3.1613060814539744,3.1613060814539744,0,0,saved_q_group_rows_no_fit_points,-,-,0.13,71,2.1527014557230943,2.1768348801146087,2.1647681679188517,1837,1837.0,pixel_count,30648.174584079832,30648.174584079832,1314.7536202073097,16.683818499771274,16.683818499771274,0.7157069244460043,30648.174584079832,30648.174584079832,1314.7536202073097,16.683818499771274,,0,,,,False,16.683818499771274,0.7157069244460043,56.329856872558594,59.98788833618164,58.24065019026487,16.599354860200062
PbI2,4.0,4.0,detector_qspace_per_pixel,detector_qr_band_per_qz_bin_fast,False,4,3.1613060814539744,3.1613060814539744,0,0,saved_q_group_rows_no_fit_points,-,-,0.13,72,2.1768348801146087,2.200968304506123,2.1889015923103656,1876,1876.0,pixel_count,30736.965657102464,30736.965657102464,1359.0669745206833,16.384310051760377,16.384310051760377,0.7244493467594261,30736.965657102464,30736.965657102464,1359.0669745206833,16.384310051760377,,0,,,,False,16.384310051760377,0.7244493467594261,56.59109115600586,60.23384094238281,58.49154808118209,16.548535186243523
PbI2,4.0,4.0,detector_qspace_per_pixel,detector_qr_band_per_qz_bin_fast,False,4,3.1613060814539744,3.1613060814539744,0,0,saved_q_group_rows_no_fit_points,-,-,0.13,73,2.200968304506123,2.225101728897638,2.2130350167018804,1927,1927.0,pixel_count,32116.26759989245,32116.26759989245,1414.0701326727867,16.666459574412272,16.666459574412272,0.7338194772562463,32116.26759989245,32116.26759989245,1414.0701326727867,16.666459574412272,,0,,,,False,16.666459574412272,0.7338194772562463,56.849945068359375,60.492069244384766,58.74325727535571,16.554814922394456
PbI2,4.0,4.0,detector_qspace_per_pixel,detector_qr_band_per_qz_bin_fast,False,4,3.1613060814539744,3.1613060814539744,0,0,saved_q_group_rows_no_fit_points,-,-,0.13,74,2.225101728897638,2.2492351532891526,2.237168441093395,1972,1972.0,pixel_count,32696.10985654071,32696.10985654071,1466.8663740754128,16.5801774120389,16.5801774120389,0.743847045677187,32696.10985654071,32696.10985654071,1466.8663740754128,16.5801774120389,,0,,,,False,16.5801774120389,0.743847045677187,57.10639953613281,60.73273849487305,58.99799801345675,16.482528648585866
PbI2,4.0,4.0,detector_qspace_per_pixel,detector_qr_band_per_qz_bin_fast,False,4,3.1613060814539744,3.1613060814539744,0,0,saved_q_group_rows_no_fit_points,-,-,0.13,75,2.2492351532891526,2.273368577680667,2.26130186548491,2026,2026.0,pixel_count,33037.17044655619,33037.17044655619,1528.79372048378,16.306599430679267,16.306599430679267,0.7545872262999901,33037.17044655619,33037.17044655619,1528.79372048378,16.306599430679267,,0,,,,False,16.306599430679267,0.7545872262999901,57.34333038330078,60.99612808227539,59.249904237072684,16.256826616051967
PbI2,4.0,4.0,detector_qspace_per_pixel,detector_qr_band_per_qz_bin_fast,False,4,3.1613060814539744,3.1613060814539744,0,0,saved_q_group_rows_no_fit_points,-,-,0.13,76,2.273368577680667,2.2975020020721817,2.2854352898764243,2077,2077.0,pixel_count,32941.049939280056,32941.049939280056,1591.0803032517433,15.85991812194514,15.85991812194514,0.7660473294423416,32941.049939280056,32941.049939280056,1591.0803032517433,15.85991812194514,,0,,,,False,15.85991812194514,0.7660473294423416,57.60938262939453,61.24240493774414,59.50774128760074,15.988931355620284
PbI2,4.0,4.0,detector_qspace_per_pixel,detector_qr_band_per_qz_bin_fast,False,4,3.1613060814539744,3.1613060814539744,0,0,saved_q_group_rows_no_fit_points,-,-,0.13,77,2.2975020020721817,2.321635426463696,2.3095687142679386,2132,2132.0,pixel_count,33818.81635299865,33818.81635299865,1659.2834694385529,15.862484218104433,15.862484218104433,0.7782755485171449,33818.81635299865,33818.81635299865,1659.2834694385529,15.862484218104433,,0,,,,False,15.862484218104433,0.7782755485171449,57.85877990722656,61.49958801269531,59.76770028355779,15.768201850654835
PbI2,4.0,4.0,detector_qspace_per_pixel,detector_qr_band_per_qz_bin_fast,False,4,3.1613060814539744,3.1613060814539744,0,0,saved_q_group_rows_no_fit_points,-,-,0.13,78,2.321635426463696,2.3457688508552104,2.3337021386594534,2190,2190.0,pixel_count,33932.776416828776,33932.776416828776,1732.9766676425934,15.494418455172957,15.494418455172957,0.7913135468687641,33932.776416828776,33932.776416828776,1732.9766676425934,15.494418455172957,,0,,,,False,15.494418455172957,0.7913135468687641,58.149681091308594,61.764320373535156,60.02840744936782,15.556094703404055
PbI2,4.0,4.0,detector_qspace_per_pixel,detector_qr_band_per_qz_bin_fast,False,4,3.1613060814539744,3.1613060814539744,0,0,saved_q_group_rows_no_fit_points,-,-,0.13,79,2.3457688508552104,2.369902275246725,2.3578355630509678,2251,2251.0,pixel_count,34466.79525291776,34466.79525291776,1812.468755543232,15.311770436658266,15.311770436658266,0.8051838096593656,34466.79525291776,34466.79525291776,1812.468755543232,15.311770436658266,,0,,,,False,15.311770436658266,0.8051838096593656,58.40747833251953,62.025638580322266,60.28846681956737,15.397787449100054
PbI2,4.0,4.0,detector_qspace_per_pixel,detector_qr_band_per_qz_bin_fast,False,4,3.1613060814539744,3.1613060814539744,0,0,saved_q_group_rows_no_fit_points,-,-,0.13,80,2.369902275246725,2.3940356996382395,2.381968987442482,2309,2309.0,pixel_count,35567.63443197761,35567.63443197761,1893.201594054699,15.40391270332508,15.40391270332508,0.8199227345407964,35567.63443197761,35567.63443197761,1893.201594054699,15.40391270332508,,0,,,,False,15.40391270332508,0.8199227345407964,58.676326751708984,62.2835578918457,60.55148147137638,15.28751491832653
PbI2,4.0,4.0,detector_qspace_per_pixel,detector_qr_band_per_qz_bin_fast,False,4,3.1613060814539744,3.1613060814539744,0,0,saved_q_group_rows_no_fit_points,-,-,0.13,81,2.3940356996382395,2.418169124029754,2.406102411833997,2396,2396.0,pixel_count,36204.52140025407,36204.52140025407,2002.304613828659,15.11040125219285,15.11040125219285,0.8356863997615438,36204.52140025407,36204.52140025407,2002.304613828659,15.11040125219285,,0,,,,False,15.11040125219285,0.8356863997615438,58.94230270385742,62.54859161376953,60.824996608920046,15.124070262588345
PbI2,4.0,4.0,detector_qspace_per_pixel,detector_qr_band_per_qz_bin_fast,False,4,3.1613060814539744,3.1613060814539744,0,0,saved_q_group_rows_no_fit_points,-,-,0.13,82,2.418169124029754,2.4423025484212686,2.430235836225511,2434,2434.0,pixel_count,36264.74612377271,36264.74612377271,2074.6187552809715,14.899238341730777,14.899238341730777,0.8523495296963729,36264.74612377271,36264.74612377271,2074.6187552809715,14.899238341730777,,0,,,,False,14.899238341730777,0.8523495296963729,59.20539093017578,62.79966354370117,61.092942524219986,14.944933073536998
PbI2,4.0,4.0,detector_qspace_per_pixel,detector_qr_band_per_qz_bin_fast,False,4,3.1613060814539744,3.1613060814539744,0,0,saved_q_group_rows_no_fit_points,-,-,0.13,83,2.4423025484212686,2.466435972812783,2.4543692606170255,2528,2528.0,pixel_count,37384.623957065436,37384.623957065436,2199.21028226614,14.788221502003733,14.788221502003733,0.8699407762128718,37384.623957065436,37384.623957065436,2199.21028226614,14.788221502003733,,0,,,,False,14.788221502003733,0.8699407762128718,59.493431091308594,63.07979965209961,61.360129912774404,14.824690634377266
PbI2,4.0,4.0,detector_qspace_per_pixel,detector_qr_band_per_qz_bin_fast,False,4,3.1613060814539744,3.1613060814539744,0,0,saved_q_group_rows_no_fit_points,-,-,0.13,84,2.466435972812783,2.4905693972042973,2.4785026850085403,2602,2602.0,pixel_count,38450.49553252778,38450.49553252778,2312.307584106922,14.777284985598685,14.777284985598685,0.8886654819780638,38450.49553252778,38450.49553252778,2312.307584106922,14.777284985598685,,0,,,,False,14.777284985598685,0.8886654819780638,59.75031661987305,63.34410095214844,61.63377483638663,14.747388627658074
PbI2,4.0,4.0,detector_qspace_per_pixel,detector_qr_band_per_qz_bin_fast,False,4,3.1613060814539744,3.1613060814539744,0,0,saved_q_group_rows_no_fit_points,-,-,0.13,85,2.4905693972042973,2.514702821595812,2.5026361094000547,2675,2675.0,pixel_count,39210.57199074785,39210.57199074785,2429.9471084475517,14.658157753550597,14.658157753550597,0.9083914424102997,39210.57199074785,39210.57199074785,2429.9471084475517,14.658157753550597,,0,,,,False,14.658157753550597,0.9083914424102997,60.04440689086914,63.61595153808594,61.90778870050592,14.661155753176471
PbI2,4.0,4.0,detector_qspace_per_pixel,detector_qr_band_per_qz_bin_fast,False,4,3.1613060814539744,3.1613060814539744,0,0,saved_q_group_rows_no_fit_points,-,-,0.13,86,2.514702821595812,2.5388362459873264,2.526769533791569,2759,2759.0,pixel_count,40265.903174420506,40265.903174420506,2563.546027004719,14.594383173041141,14.594383173041141,0.9291576756088143,40265.903174420506,40265.903174420506,2563.546027004719,14.594383173041141,,0,,,,False,14.594383173041141,0.9291576756088143,60.30800247192383,63.893516540527344,62.183060968042625,14.543727059140014
PbI2,4.0,4.0,detector_qspace_per_pixel,detector_qr_band_per_qz_bin_fast,False,4,3.1613060814539744,3.1613060814539744,0,0,saved_q_group_rows_no_fit_points,-,-,0.13,87,2.5388362459873264,2.5629696703788407,2.5509029581830838,2855,2855.0,pixel_count,40947.47654702483,40947.47654702483,2715.229372560978,14.342373571637419,14.342373571637419,0.9510435630686438,40947.47654702483,40947.47654702483,2715.229372560978,14.342373571637419,,0,,,,False,14.342373571637419,0.9510435630686438,60.594547271728516,64.16667175292969,62.46120488149163,14.410669094213826
PbI2,4.0,4.0,detector_qspace_per_pixel,detector_qr_band_per_qz_bin_fast,False,4,3.1613060814539744,3.1613060814539744,0,0,saved_q_group_rows_no_fit_points,-,-,0.13,88,2.5629696703788407,2.5871030947703555,2.575036382574598,2941,2941.0,pixel_count,42156.00703202636,42156.00703202636,2864.4928913116455,14.333902425034465,14.333902425034465,0.9739860222072919,42156.00703202636,42156.00703202636,2864.4928913116455,14.333902425034465,,0,,,,False,14.333902425034465,0.9739860222072919,60.87712097167969,64.44515228271484,62.74027509219429,14.290675081902661
PbI2,4.0,4.0,detector_qspace_per_pixel,detector_qr_band_per_qz_bin_fast,False,4,3.1613060814539744,3.1613060814539744,0,0,saved_q_group_rows_no_fit_points,-,-,0.13,89,2.5871030947703555,2.61123651916187,2.5991698069661124,3046,3046.0,pixel_count,43273.78760450862,43273.78760450862,3039.9587209820747,14.206758898394163,14.206758898394163,0.9980166516684421,43273.78760450862,43273.78760450862,3039.9587209820747,14.206758898394163,,0,,,,False,14.206758898394163,0.9980166516684421,61.16832733154297,64.71908569335938,63.02295107860235,14.124300439163978
PbI2,4.0,4.0,detector_qspace_per_pixel,detector_qr_band_per_qz_bin_fast,False,4,3.1613060814539744,3.1613060814539744,0,0,saved_q_group_rows_no_fit_points,-,-,0.13,90,2.61123651916187,2.635369943553384,2.623303231357627,3144,3144.0,pixel_count,43488.37582578594,43488.37582578594,3216.4986551404,13.83218060616601,13.83218060616601,1.0230593686833334,43488.37582578594,43488.37582578594,3216.4986551404,13.83218060616601,,0,,,,False,13.83218060616601,1.0230593686833334,61.43064498901367,64.988525390625,63.30618158808846,13.891270201339337
PbI2,4.0,4.0,detector_qspace_per_pixel,detector_qr_band_per_qz_bin_fast,False,4,3.1613060814539744,3.1613060814539744,0,0,saved_q_group_rows_no_fit_points,-,-,0.13,91,2.635369943553384,2.659503367944899,2.6474366557491416,3252,3252.0,pixel_count,44517.26951307775,44517.26951307775,3411.536332845688,13.689197267244081,13.689197267244081,1.0490579129291784,44517.26951307775,44517.26951307775,3411.536332845688,13.689197267244081,,0,,,,False,13.689197267244081,1.0490579129291784,61.73816680908203,65.28174591064453,63.59038405458854,13.657830405280464
PbI2,4.0,4.0,detector_qspace_per_pixel,detector_qr_band_per_qz_bin_fast,False,4,3.1613060814539744,3.1613060814539744,0,0,saved_q_group_rows_no_fit_points,-,-,0.13,92,2.659503367944899,2.6836367923364137,2.6715700801406563,3368,3368.0,pixel_count,45098.42112264208,45098.42112264208,3623.8286786079407,13.390267554228647,13.390267554228647,1.0759586337909564,45098.42112264208,45098.42112264208,3623.8286786079407,13.390267554228647,,0,,,,False,13.390267554228647,1.0759586337909564,62.02900314331055,65.56954956054688,63.87842202228029,13.449960393339747
PbI2,4.0,4.0,detector_qspace_per_pixel,detector_qr_band_per_qz_bin_fast,False,4,3.1613060814539744,3.1613060814539744,0,0,saved_q_group_rows_no_fit_points,-,-,0.13,93,2.6836367923364137,2.707770216727928,2.6957035045321707,3494,3494.0,pixel_count,46393.344410353784,46393.344410353784,3856.080397605896,13.278003551904346,13.278003551904346,1.1036291922169135,46393.344410353784,46393.344410353784,3856.080397605896,13.278003551904346,,0,,,,False,13.278003551904346,1.1036291922169135,62.31544494628906,65.84296417236328,64.16515952968457,13.28639165958024
PbI2,4.0,4.0,detector_qspace_per_pixel,detector_qr_band_per_qz_bin_fast,False,4,3.1613060814539744,3.1613060814539744,0,0,saved_q_group_rows_no_fit_points,-,-,0.13,94,2.707770216727928,2.731903641119443,2.7198369289236854,3615,3615.0,pixel_count,47680.649052691915,47680.649052691915,4092.2368067502975,13.189667787743268,13.189667787743268,1.1320157141771223,47680.649052691915,47680.649052691915,4092.2368067502975,13.189667787743268,,0,,,,False,13.189667787743268,1.1320157141771223,62.6093635559082,66.12934875488281,64.45852396126506,13.137882986465694
PbI2,4.0,4.0,detector_qspace_per_pixel,detector_qr_band_per_qz_bin_fast,False,4,3.1613060814539744,3.1613060814539744,0,0,saved_q_group_rows_no_fit_points,-,-,0.13,95,2.731903641119443,2.756037065510957,2.7439703533152002,3754,3754.0,pixel_count,48415.076296169376,48415.076296169376,4357.632602095604,12.896930286672717,12.896930286672717,1.160797176903464,48415.076296169376,48415.076296169376,4357.632602095604,12.896930286672717,,0,,,,False,12.896930286672717,1.160797176903464,62.89866638183594,66.4276123046875,64.74906669468642,12.999283966756462
PbI2,4.0,4.0,detector_qspace_per_pixel,detector_qr_band_per_qz_bin_fast,False,4,3.1613060814539744,3.1613060814539744,0,0,saved_q_group_rows_no_fit_points,-,-,0.13,96,2.756037065510957,2.7801704899024715,2.768103777706714,3896,3896.0,pixel_count,50358.61074423196,50358.61074423196,4635.744091629982,12.925721443591366,12.925721443591366,1.1898727134573877,50358.61074423196,50358.61074423196,4635.744091629982,12.925721443591366,,0,,,,False,12.925721443591366,1.1898727134573877,63.18340301513672,66.71147155761719,65.04409661526934,12.934629002480374
PbI2,4.0,4.0,detector_qspace_per_pixel,detector_qr_band_per_qz_bin_fast,False,4,3.1613060814539744,3.1613060814539744,0,0,saved_q_group_rows_no_fit_points,+,+,0.13,1,0.46336174831707855,0.48749517270859305,0.4754284605128358,721,721.0,pixel_count,6305.332674428152,6305.332674428152,279.0968173146248,8.745260297403817,8.745260297403817,0.38709683400086653,6305.332674428152,6305.332674428152,279.0968173146248,8.745260297403817,,0,,,,False,8.745260297403817,0.38709683400086653,44.56019592285156,48.53583908081055,46.62346426427326,8.80378823946485
PbI2,4.0,4.0,detector_qspace_per_pixel,detector_qr_band_per_qz_bin_fast,False,4,3.1613060814539744,3.1613060814539744,0,0,saved_q_group_rows_no_fit_points,+,+,0.13,2,0.48749517270859305,0.5116285971001077,0.4995618849043504,729,729.0,pixel_count,6512.1689337406715,6512.1689337406715,283.9928666651249,8.933016370014638,8.933016370014638,0.3895649748492797,6512.1689337406715,6512.1689337406715,283.9928666651249,8.933016370014638,,0,,,,False,8.933016370014638,0.3895649748492797,44.631351470947266,48.600372314453125,46.68420402632888,8.899529305297081
PbI2,4.0,4.0,detector_qspace_per_pixel,detector_qr_band_per_qz_bin_fast,False,4,3.1613060814539744,3.1613060814539744,0,0,saved_q_group_rows_no_fit_points,+,+,0.13,3,0.5116285971001077,0.5357620214916221,0.5236953092958649,734,734.0,pixel_count,6562.744308683156,6562.744308683156,287.324282348156,8.941068540440268,8.941068540440268,0.39144997595116615,6562.744308683156,6562.744308683156,287.324282348156,8.941068540440268,,0,,,,False,8.941068540440268,0.39144997595116615,44.70408248901367,48.69949722290039,46.77919029654635,9.029014378618768
PbI2,4.0,4.0,detector_qspace_per_pixel,detector_qr_band_per_qz_bin_fast,False,4,3.1613060814539744,3.1613060814539744,0,0,saved_q_group_rows_no_fit_points,+,+,0.13,4,0.5357620214916221,0.5598954458831366,0.5478287336873793,741,741.0,pixel_count,6893.306952276779,6893.306952276779,291.7607038319111,9.302708437620485,9.302708437620485,0.3937391414735642,6893.306952276779,6893.306952276779,291.7607038319111,9.302708437620485,,0,,,,False,9.302708437620485,0.3937391414735642,44.78456115722656,48.76716613769531,46.85381525336019,9.169818345538495
PbI2,4.0,4.0,detector_qspace_per_pixel,detector_qr_band_per_qz_bin_fast,False,4,3.1613060814539744,3.1613060814539744,0,0,saved_q_group_rows_no_fit_points,+,+,0.13,5,0.5598954458831366,0.5840288702746511,0.5719621580788938,742,742.0,pixel_count,6787.782828563882,6787.782828563882,293.5581189393997,9.147955294560488,9.147955294560488,0.39563088805849017,6787.782828563882,6787.782828563882,293.5581189393997,9.147955294560488,,0,,,,False,9.147955294560488,0.39563088805849017,44.89844512939453,48.86906433105469,46.95185688046384,9.310421975861281
PbI2,4.0,4.0,detector_qspace_per_pixel,detector_qr_band_per_qz_bin_fast,False,4,3.1613060814539744,3.1613060814539744,0,0,saved_q_group_rows_no_fit_points,+,+,0.13,6,0.5840288702746511,0.6081622946661657,0.5960955824704084,749,749.0,pixel_count,7126.670290009421,7126.670290009421,298.09635800123215,9.514913604818986,9.514913604818986,0.39799246729136467,7126.670290009421,7126.670290009421,298.09635800123215,9.514913604818986,,0,,,,False,9.514913604818986,0.39799246729136467,44.98263931274414,48.93974304199219,47.02609361476487,9.54395669293941
PbI2,4.0,4.0,detector_qspace_per_pixel,detector_qr_band_per_qz_bin_fast,False,4,3.1613060814539744,3.1613060814539744,0,0,saved_q_group_rows_no_fit_points,+,+,0.13,7,0.6081622946661657,0.6322957190576802,0.620229006861923,755,755.0,pixel_count,7542.3516879764775,7542.3516879764775,301.85290709137917,9.989869785399307,9.989869785399307,0.3998051749554691,7542.3516879764775,7542.3516879764775,301.85290709137917,9.989869785399307,,0,,,,False,9.989869785399307,0.3998051749554691,45.06178283691406,49.04428482055664,47.131732514949945,9.780490435349543
PbI2,4.0,4.0,detector_qspace_per_pixel,detector_qr_band_per_qz_bin_fast,False,4,3.1613060814539744,3.1613060814539744,0,0,saved_q_group_rows_no_fit_points,+,+,0.13,8,0.6322957190576802,0.6564291434491947,0.6443624312534375,758,758.0,pixel_count,7419.074457874057,7419.074457874057,304.6935479044914,9.787697173976328,9.787697173976328,0.4019703798212288,7419.074457874057,7419.074457874057,304.6935479044914,9.787697173976328,,0,,,,False,9.787697173976328,0.4019703798212288,45.14971160888672,49.150001525878906,47.220199612806496,9.919720528894338
PbI2,4.0,4.0,detector_qspace_per_pixel,detector_qr_band_per_qz_bin_fast,False,4,3.1613060814539744,3.1613060814539744,0,0,saved_q_group_rows_no_fit_points,+,+,0.13,9,0.6564291434491947,0.6805625678407091,0.6684958556449518,764,764.0,pixel_count,7632.7991093169885,7632.7991093169885,308.63485941290855,9.990574750414906,9.990574750414906,0.40397232907448766,7632.7991093169885,7632.7991093169885,308.63485941290855,9.990574750414906,,0,,,,False,9.990574750414906,0.40397232907448766,45.276676177978516,49.22489929199219,47.31826578545031,10.149055932527382
PbI2,4.0,4.0,detector_qspace_per_pixel,detector_qr_band_per_qz_bin_fast,False,4,3.1613060814539744,3.1613060814539744,0,0,saved_q_group_rows_no_fit_points,+,+,0.13,10,0.6805625678407091,0.7046959922322237,0.6926292800364664,771,771.0,pixel_count,8217.458207002965,8217.458207002965,312.9577430486679,10.658181850846907,10.658181850846907,0.4059114695832269,8217.458207002965,8217.458207002965,312.9577430486679,10.658181850846907,,0,,,,False,10.658181850846907,0.4059114695832269,45.360374450683594,49.339515686035156,47.423102793218916,10.502438199259476
PbI2,4.0,4.0,detector_qspace_per_pixel,detector_qr_band_per_qz_bin_fast,False,4,3.1613060814539744,3.1613060814539744,0,0,saved_q_group_rows_no_fit_points,+,+,0.13,11,0.7046959922322237,0.7288294166237382,0.716762704427981,778,778.0,pixel_count,8401.30853331941,8401.30853331941,317.3313961327076,10.798597086528805,10.798597086528805,0.40788097189294037,8401.30853331941,8401.30853331941,317.3313961327076,10.798597086528805,,0,,,,False,10.798597086528805,0.40788097189294037,45.45359420776367,49.448944091796875,47.52721970529902,10.80275020881459
PbI2,4.0,4.0,detector_qspace_per_pixel,detector_qr_band_per_qz_bin_fast,False,4,3.1613060814539744,3.1613060814539744,0,0,saved_q_group_rows_no_fit_points,+,+,0.13,12,0.7288294166237382,0.7529628410152527,0.7408961288194955,782,782.0,pixel_count,8601.770891916327,8601.770891916327,320.56342899799347,10.999707022910904,10.999707022910904,0.409927658565209,8601.770891916327,8601.770891916327,320.56342899799347,10.999707022910904,,0,,,,False,10.999707022910904,0.409927658565209,45.585121154785156,49.52798843383789,47.629109453708104,11.075237424116654
PbI2,4.0,4.0,detector_qspace_per_pixel,detector_qr_band_per_qz_bin_fast,False,4,3.1613060814539744,3.1613060814539744,0,0,saved_q_group_rows_no_fit_points,+,+,0.13,13,0.7529628410152527,0.7770962654067672,0.76502955321101,786,786.0,pixel_count,8971.007482134928,8971.007482134928,323.71007338166237,11.413495524344691,11.413495524344691,0.41184487707590633,8971.007482134928,8971.007482134928,323.71007338166237,11.413495524344691,,0,,,,False,11.413495524344691,0.41184487707590633,45.681785583496094,49.646751403808594,47.73912831176082,11.41286405715545
PbI2,4.0,4.0,detector_qspace_per_pixel,detector_qr_band_per_qz_bin_fast,False,4,3.1613060814539744,3.1613060814539744,0,0,saved_q_group_rows_no_fit_points,+,+,0.13,14,0.7770962654067672,0.8012296897982817,0.7891629776025244,794,794.0,pixel_count,9342.27110057715,9342.27110057715,328.41244998574257,11.766084509543012,11.766084509543012,0.4136176951961493,9342.27110057715,9342.27110057715,328.41244998574257,11.766084509543012,,0,,,,False,11.766084509543012,0.4136176951961493,45.80723571777344,49.759559631347656,47.85888604789464,11.806902800076116
PbI2,4.0,4.0,detector_qspace_per_pixel,detector_qr_band_per_qz_bin_fast,False,4,3.1613060814539744,3.1613060814539744,0,0,saved_q_group_rows_no_fit_points,+,+,0.13,15,0.8012296897982817,0.8253631141897962,0.813296401994039,801,801.0,pixel_count,9812.868162519717,9812.868162519717,332.95053508877754,12.25077173847655,12.25077173847655,0.41566858313205685,9812.868162519717,9812.868162519717,332.95053508877754,12.25077173847655,,0,,,,False,12.25077173847655,0.41566858313205685,45.906890869140625,49.873287200927734,47.96559391154561,12.245707434504112
PbI2,4.0,4.0,detector_qspace_per_pixel,detector_qr_band_per_qz_bin_fast,False,4,3.1613060814539744,3.1613060814539744,0,0,saved_q_group_rows_no_fit_points,+,+,0.13,16,0.8253631141897962,0.8494965385813108,0.8374298263855535,808,808.0,pixel_count,10216.002303368046,10216.002303368046,337.3207025229931,12.643567207138672,12.643567207138672,0.41747611698390236,10216.002303368046,10216.002303368046,337.3207025229931,12.643567207138672,,0,,,,False,12.643567207138672,0.41747611698390236,46.043800354003906,49.99560546875,48.088259542655614,12.766165576049758
PbI2,4.0,4.0,detector_qspace_per_pixel,detector_qr_band_per_qz_bin_fast,False,4,3.1613060814539744,3.1613060814539744,0,0,saved_q_group_rows_no_fit_points,+,+,0.13,17,0.8494965385813108,0.8736299629728252,0.8615632507770681,813,813.0,pixel_count,10840.46687441031,10840.46687441031,340.9493526816368,13.333907594600626,13.333907594600626,0.41937189751738846,10840.46687441031,10840.46687441031,340.9493526816368,13.333907594600626,,0,,,,False,13.333907594600626,0.41937189751738846,46.14654541015625,50.11125564575195,48.206216074512234,13.465800906703603
PbI2,4.0,4.0,detector_qspace_per_pixel,detector_qr_band_per_qz_bin_fast,False,4,3.1613060814539744,3.1613060814539744,0,0,saved_q_group_rows_no_fit_points,+,+,0.13,18,0.8736299629728252,0.8977633873643397,0.8856966751685824,823,823.0,pixel_count,11794.378614505207,11794.378614505207,346.6544146835804,14.33095821932589,14.33095821932589,0.42120828029596646,11794.378614505207,11794.378614505207,346.6544146835804,14.33095821932589,,0,,,,False,14.33095821932589,0.42120828029596646,46.285987854003906,50.23579788208008,48.33032225331939,14.359916847547883
PbI2,4.0,4.0,detector_qspace_per_pixel,detector_qr_band_per_qz_bin_fast,False,4,3.1613060814539744,3.1613060814539744,0,0,saved_q_group_rows_no_fit_points,+,+,0.13,19,0.8977633873643397,0.9218968117558544,0.909830099560097,829,829.0,pixel_count,12735.430857301833,12735.430857301833,350.727451890707,15.362401516648774,15.362401516648774,0.42307292146044273,12735.430857301833,12735.430857301833,350.727451890707,15.362401516648774,,0,,,,False,15.362401516648774,0.42307292146044273,46.391639709472656,50.36148452758789,48.45458147548321,15.329359924324372
PbI2,4.0,4.0,detector_qspace_per_pixel,detector_qr_band_per_qz_bin_fast,False,4,3.1613060814539744,3.1613060814539744,0,0,saved_q_group_rows_no_fit_points,+,+,0.13,20,0.9218968117558544,0.9460302361473689,0.9339635239516116,839,839.0,pixel_count,13712.048053349392,13712.048053349392,356.51769280433655,16.343323067162565,16.343323067162565,0.4249316958335358,13712.048053349392,13712.048053349392,356.51769280433655,16.343323067162565,,0,,,,False,16.343323067162565,0.4249316958335358,46.53342819213867,50.47980499267578,48.581971234574674,16.19911649322631
PbI2,4.0,4.0,detector_qspace_per_pixel,detector_qr_band_per_qz_bin_fast,False,4,3.1613060814539744,3.1613060814539744,0,0,saved_q_group_rows_no_fit_points,+,+,0.13,21,0.9460302361473689,0.9701636605388833,0.9580969483431261,842,842.0,pixel_count,14406.36813068114,14406.36813068114,359.2377997934818,17.109700867792327,17.109700867792327,0.4266482182820449,14406.36813068114,14406.36813068114,359.2377997934818,17.109700867792327,,0,,,,False,17.109700867792327,0.4266482182820449,46.67618179321289,50.60745620727539,48.71807416865468,16.741665206184862
PbI2,4.0,4.0,detector_qspace_per_pixel,detector_qr_band_per_qz_bin_fast,False,4,3.1613060814539744,3.1613060814539744,0,0,saved_q_group_rows_no_fit_points,+,+,0.13,22,0.9701636605388833,0.9942970849303978,0.9822303727346405,854,854.0,pixel_count,14396.97797363544,14396.97797363544,366.02771827578545,16.85828802533424,16.85828802533424,0.42860388556883544,14396.97797363544,14396.97797363544,366.02771827578545,16.85828802533424,,0,,,,False,16.85828802533424,0.42860388556883544,46.78574752807617,50.736114501953125,48.843541840582084,16.880511194277048
PbI2,4.0,4.0,detector_qspace_per_pixel,detector_qr_band_per_qz_bin_fast,False,4,3.1613060814539744,3.1613060814539744,0,0,saved_q_group_rows_no_fit_points,+,+,0.13,23,0.9942970849303978,1.0184305093219124,1.0063637971261552,862,862.0,pixel_count,14540.932809426346,14540.932809426346,370.916197091341,16.868831565459796,16.868831565459796,0.4302972124029478,14540.932809426346,14540.932809426346,370.916197091341,16.868831565459796,,0,,,,False,16.868831565459796,0.4302972124029478,46.941654205322266,50.8947868347168,48.985753666615736,16.832510970691228
PbI2,4.0,4.0,detector_qspace_per_pixel,detector_qr_band_per_qz_bin_fast,False,4,3.1613060814539744,3.1613060814539744,0,0,saved_q_group_rows_no_fit_points,+,+,0.13,24,1.0184305093219124,1.0425639337134267,1.0304972215176695,872,872.0,pixel_count,14620.610926919255,14620.610926919255,376.83056849241257,16.76675565013676,16.76675565013676,0.43214514735368414,14620.610926919255,14620.610926919255,376.83056849241257,16.76675565013676,,0,,,,False,16.76675565013676,0.43214514735368414,47.087486267089844,51.02509307861328,49.121771707785975,16.7235625318361
PbI2,4.0,4.0,detector_qspace_per_pixel,detector_qr_band_per_qz_bin_fast,False,4,3.1613060814539744,3.1613060814539744,0,0,saved_q_group_rows_no_fit_points,+,+,0.13,25,1.0425639337134267,1.0666973581049413,1.0546306459091839,878,878.0,pixel_count,14525.58145878265,14525.58145878265,381.03028696775436,16.54394243597113,16.54394243597113,0.4339752698949366,14525.58145878265,14525.58145878265,381.03028696775436,16.54394243597113,,0,,,,False,16.54394243597113,0.4339752698949366,47.234092712402344,51.15626525878906,49.261735530942076,16.57079939492204
PbI2,4.0,4.0,detector_qspace_per_pixel,detector_qr_band_per_qz_bin_fast,False,4,3.1613060814539744,3.1613060814539744,0,0,saved_q_group_rows_no_fit_points,+,+,0.13,26,1.0666973581049413,1.090830782496456,1.0787640703006987,884,884.0,pixel_count,14530.259656189188,14530.259656189188,385.1570710539818,16.43694531243121,16.43694531243121,0.43569804417871244,14530.259656189188,14530.259656189188,385.1570710539818,16.43694531243121,,0,,,,False,16.43694531243121,0.43569804417871244,47.39310836791992,51.288265228271484,49.40766258748091,16.409092935649614
PbI2,4.0,4.0,detector_qspace_per_pixel,detector_qr_band_per_qz_bin_fast,False,4,3.1613060814539744,3.1613060814539744,0,0,saved_q_group_rows_no_fit_points,+,+,0.13,27,1.090830782496456,1.1149642068879704,1.1028974946922132,902,902.0,pixel_count,14616.312782631394,14616.312782631394,394.60576140880585,16.204337896487132,16.204337896487132,0.4374786711849289,14616.312782631394,14616.312782631394,394.60576140880585,16.204337896487132,,0,,,,False,16.204337896487132,0.4374786711849289,47.50856018066406,51.449134826660156,49.55609459986027,16.26520723820095
PbI2,4.0,4.0,detector_qspace_per_pixel,detector_qr_band_per_qz_bin_fast,False,4,3.1613060814539744,3.1613060814539744,0,0,saved_q_group_rows_no_fit_points,+,+,0.13,28,1.1149642068879704,1.139097631279485,1.1270309190837278,904,904.0,pixel_count,14590.394753098828,14590.394753098828,397.084940135479,16.139817204755342,16.139817204755342,0.4392532523622555,14590.394753098828,14590.394753098828,397.084940135479,16.139817204755342,,0,,,,False,16.139817204755342,0.4392532523622555,47.66973876953125,51.58241653442383,49.70555868485339,16.20183134584846
PbI2,4.0,4.0,detector_qspace_per_pixel,detector_qr_band_per_qz_bin_fast,False,4,3.1613060814539744,3.1613060814539744,0,0,saved_q_group_rows_no_fit_points,+,+,0.13,29,1.139097631279485,1.1632310556709995,1.151164343475242,917,917.0,pixel_count,14824.421151533783,14824.421151533783,404.4530998170376,16.16621717724513,16.16621717724513,0.44106117755402136,14824.421151533783,14824.421151533783,404.4530998170376,16.16621717724513,,0,,,,False,16.16621717724513,0.44106117755402136,47.81959533691406,51.75386428833008,49.857144737825394,16.28350160470619
PbI2,4.0,4.0,detector_qspace_per_pixel,detector_qr_band_per_qz_bin_fast,False,4,3.1613060814539744,3.1613060814539744,0,0,saved_q_group_rows_no_fit_points,+,+,0.13,30,1.1632310556709995,1.1873644800625138,1.1752977678667567,927,927.0,pixel_count,15282.471848967773,15282.471848967773,410.5684532523155,16.48594589964161,16.48594589964161,0.44290016532072873,15282.471848967773,15282.471848967773,410.5684532523155,16.48594589964161,,0,,,,False,16.48594589964161,0.44290016532072873,47.982418060302734,51.888397216796875,50.00885606391332,16.52355427069875
PbI2,4.0,4.0,detector_qspace_per_pixel,detector_qr_band_per_qz_bin_fast,False,4,3.1613060814539744,3.1613060814539744,0,0,saved_q_group_rows_no_fit_points,+,+,0.13,31,1.1873644800625138,1.2114979044540284,1.1994311922582712,940,940.0,pixel_count,15865.398145149473,15865.398145149473,418.0463755428791,16.878083133137736,16.878083133137736,0.4447301867477437,15865.398145149473,15865.398145149473,418.0463755428791,16.878083133137736,,0,,,,False,16.878083133137736,0.4447301867477437,48.13347625732422,52.060752868652344,50.16546194732953,16.830743642153948
PbI2,4.0,4.0,detector_qspace_per_pixel,detector_qr_band_per_qz_bin_fast,False,4,3.1613060814539744,3.1613060814539744,0,0,saved_q_group_rows_no_fit_points,+,+,0.13,32,1.2114979044540284,1.235631328845543,1.2235646166497856,949,949.0,pixel_count,16287.830582402354,16287.830582402354,423.7672630548477,17.163151298632616,17.163151298632616,0.4465408462116414,16287.830582402354,16287.830582402354,423.7672630548477,17.163151298632616,,0,,,,False,17.163151298632616,0.4465408462116414,48.297725677490234,52.19635009765625,50.325215041010345,17.057625278851216
PbI2,4.0,4.0,detector_qspace_per_pixel,detector_qr_band_per_qz_bin_fast,False,4,3.1613060814539744,3.1613060814539744,0,0,saved_q_group_rows_no_fit_points,+,+,0.13,33,1.235631328845543,1.2597647532370573,1.2476980410413,962,962.0,pixel_count,16601.123277423896,16601.123277423896,431.33590707182884,17.256884903767045,17.256884903767045,0.44837412377528985,16601.123277423896,16601.123277423896,431.33590707182884,17.256884903767045,,0,,,,False,17.256884903767045,0.44837412377528985,48.46269607543945,52.369415283203125,50.48852533929331,17.084780646723786
PbI2,4.0,4.0,detector_qspace_per_pixel,detector_qr_band_per_qz_bin_fast,False,4,3.1613060814539744,3.1613060814539744,0,0,saved_q_group_rows_no_fit_points,+,+,0.13,34,1.2597647532370573,1.283898177628572,1.2718314654328147,972,972.0,pixel_count,16389.55440043335,16389.55440043335,437.68558660149574,16.861681481927313,16.861681481927313,0.4502938133760244,16389.55440043335,16389.55440043335,437.68558660149574,16.861681481927313,,0,,,,False,16.861681481927313,0.4502938133760244,48.62832260131836,52.532161712646484,50.64982592313116,16.92939642356278
PbI2,4.0,4.0,detector_qspace_per_pixel,detector_qr_band_per_qz_bin_fast,False,4,3.1613060814539744,3.1613060814539744,0,0,saved_q_group_rows_no_fit_points,+,+,0.13,35,1.283898177628572,1.3080316020200866,1.2959648898243294,983,983.0,pixel_count,16484.11608485125,16484.11608485125,444.4342152476311,16.769192354884286,16.769192354884286,0.4521202596618831,16484.11608485125,16484.11608485125,444.4342152476311,16.769192354884286,,0,,,,False,16.769192354884286,0.4521202596618831,48.794559478759766,52.67947769165039,50.82017227036398,16.726804760913215
PbI2,4.0,4.0,detector_qspace_per_pixel,detector_qr_band_per_qz_bin_fast,False,4,3.1613060814539744,3.1613060814539744,0,0,saved_q_group_rows_no_fit_points,+,+,0.13,36,1.3080316020200866,1.332165026411601,1.3200983142158438,997,997.0,pixel_count,16459.496675462746,16459.496675462746,452.6368260383606,16.509023746702855,16.509023746702855,0.45399882250587825,16459.496675462746,16459.496675462746,452.6368260383606,16.509023746702855,,0,,,,False,16.509023746702855,0.45399882250587825,48.961341857910156,52.853153228759766,50.99185578838333,16.52541079321791
PbI2,4.0,4.0,detector_qspace_per_pixel,detector_qr_band_per_qz_bin_fast,False,4,3.1613060814539744,3.1613060814539744,0,0,saved_q_group_rows_no_fit_points,+,+,0.13,37,1.332165026411601,1.3562984508031155,1.3442317386073581,1014,1014.0,pixel_count,16472.774722639384,16472.774722639384,462.40546575188637,16.24533996315521,16.24533996315521,0.45602116938055853,16472.774722639384,16472.774722639384,462.40546575188637,16.24533996315521,,0,,,,False,16.24533996315521,0.45602116938055853,49.158409118652344,53.02687454223633,51.15975497499127,16.397139120787624
PbI2,4.0,4.0,detector_qspace_per_pixel,detector_qr_band_per_qz_bin_fast,False,4,3.1613060814539744,3.1613060814539744,0,0,saved_q_group_rows_no_fit_points,+,+,0.13,38,1.3562984508031155,1.38043187519463,1.368365162998873,1025,1025.0,pixel_count,16820.27871832528,16820.27871832528,469.5568836033344,16.41002801787832,16.41002801787832,0.4581042766861799,16820.27871832528,16820.27871832528,469.5568836033344,16.41002801787832,,0,,,,False,16.41002801787832,0.4581042766861799,49.32583236694336,53.20059585571289,51.32993714260839,16.411465294805428
PbI2,4.0,4.0,detector_qspace_per_pixel,detector_qr_band_per_qz_bin_fast,False,4,3.1613060814539744,3.1613060814539744,0,0,saved_q_group_rows_no_fit_points,+,+,0.13,39,1.38043187519463,1.4045652995861444,1.3924985873903872,1036,1036.0,pixel_count,17137.439707558606,17137.439707558606,476.5457792580128,16.541930219651164,16.541930219651164,0.45998627341507026,17137.439707558606,17137.439707558606,476.5457792580128,16.541930219651164,,0,,,,False,16.541930219651164,0.45998627341507026,49.50737380981445,53.37427520751953,51.51473286491677,16.45977503439158
PbI2,4.0,4.0,detector_qspace_per_pixel,detector_qr_band_per_qz_bin_fast,False,4,3.1613060814539744,3.1613060814539744,0,0,saved_q_group_rows_no_fit_points,+,+,0.13,40,1.4045652995861444,1.428698723977659,1.4166320117819016,1052,1052.0,pixel_count,17322.879509940612,17322.879509940612,486.15908348560333,16.466615503745828,16.466615503745828,0.46212840635513625,17322.879509940612,17322.879509940612,486.15908348560333,16.466615503745828,,0,,,,False,16.466615503745828,0.46212840635513625,49.67565155029297,53.5589599609375,51.68988506099835,16.42847788501513
PbI2,4.0,4.0,detector_qspace_per_pixel,detector_qr_band_per_qz_bin_fast,False,4,3.1613060814539744,3.1613060814539744,0,0,saved_q_group_rows_no_fit_points,+,+,0.13,41,1.428698723977659,1.4528321483691735,1.4407654361734163,1068,1068.0,pixel_count,17359.61928970004,17359.61928970004,495.88012051582336,16.25432517762176,16.25432517762176,0.4643072289474002,17359.61928970004,17359.61928970004,495.88012051582336,16.25432517762176,,0,,,,False,16.25432517762176,0.4643072289474002,49.87275314331055,53.73249053955078,51.86876331309552,16.37106457412655
PbI2,4.0,4.0,detector_qspace_per_pixel,detector_qr_band_per_qz_bin_fast,False,4,3.1613060814539744,3.1613060814539744,0,0,saved_q_group_rows_no_fit_points,+,+,0.13,42,1.4528321483691735,1.4769655727606879,1.4648988605649307,1080,1080.0,pixel_count,17789.37248920327,17789.37248920327,503.7396523654461,16.47164119370673,16.47164119370673,0.4664256040420797,17789.37248920327,17789.37248920327,503.7396523654461,16.47164119370673,,0,,,,False,16.47164119370673,0.4664256040420797,50.05530548095703,53.90584182739258,52.05681253645074,16.334870205808954
PbI2,4.0,4.0,detector_qspace_per_pixel,detector_qr_band_per_qz_bin_fast,False,4,3.1613060814539744,3.1613060814539744,0,0,saved_q_group_rows_no_fit_points,+,+,0.13,43,1.4769655727606879,1.5010989971522026,1.4890322849564452,1098,1098.0,pixel_count,17783.078957349226,17783.078957349226,514.579264998436,16.195882474817147,16.195882474817147,0.46865142531733694,17783.078957349226,17783.078957349226,514.579264998436,16.195882474817147,,0,,,,False,16.195882474817147,0.46865142531733694,50.22412109375,54.09029769897461,52.24450033638482,16.245159186790545
PbI2,4.0,4.0,detector_qspace_per_pixel,detector_qr_band_per_qz_bin_fast,False,4,3.1613060814539744,3.1613060814539744,0,0,saved_q_group_rows_no_fit_points,+,+,0.13,44,1.5010989971522026,1.5252324215437172,1.5131657093479598,1122,1122.0,pixel_count,18184.506063754656,18184.506063754656,528.3550044894218,16.207224655752814,16.207224655752814,0.4709046385823724,18184.506063754656,18184.506063754656,528.3550044894218,16.207224655752814,,0,,,,False,16.207224655752814,0.4709046385823724,50.43488311767578,54.29803466796875,52.43894790053909,16.095738392466902
PbI2,4.0,4.0,detector_qspace_per_pixel,detector_qr_band_per_qz_bin_fast,False,4,3.1613060814539744,3.1613060814539744,0,0,saved_q_group_rows_no_fit_points,+,+,0.13,45,1.5252324215437172,1.5493658459352315,1.5372991337394744,1128,1128.0,pixel_count,17779.33368328444,17779.33368328444,534.0927169024944,15.76182064120961,15.76182064120961,0.4734864511546936,17779.33368328444,17779.33368328444,534.0927169024944,15.76182064120961,,0,,,,False,15.76182064120961,0.4734864511546936,50.61806106567383,54.48189926147461,52.61843912130058,15.951619208159865
PbI2,4.0,4.0,detector_qspace_per_pixel,detector_qr_band_per_qz_bin_fast,False,4,3.1613060814539744,3.1613060814539744,0,0,saved_q_group_rows_no_fit_points,+,+,0.13,46,1.5493658459352315,1.573499270326746,1.561432558130989,1149,1149.0,pixel_count,18316.94048420974,18316.94048420974,546.8229921460152,15.941636626814395,15.941636626814395,0.4759120906405702,18316.94048420974,18316.94048420974,546.8229921460152,15.941636626814395,,0,,,,False,15.941636626814395,0.4759120906405702,50.8283576965332,54.6540412902832,52.814870870435875,15.926552567441096
PbI2,4.0,4.0,detector_qspace_per_pixel,detector_qr_band_per_qz_bin_fast,False,4,3.1613060814539744,3.1613060814539744,0,0,saved_q_group_rows_no_fit_points,+,+,0.13,47,1.573499270326746,1.5976326947182606,1.5855659825225032,1164,1164.0,pixel_count,18566.830323388618,18566.830323388618,556.8379290699959,15.95088515755036,15.95088515755036,0.47838310057559785,18566.830323388618,18566.830323388618,556.8379290699959,15.95088515755036,,0,,,,False,15.95088515755036,0.47838310057559785,51.03817367553711,54.871429443359375,53.016140686060815,15.990658700416567
PbI2,4.0,4.0,detector_qspace_per_pixel,detector_qr_band_per_qz_bin_fast,False,4,3.1613060814539744,3.1613060814539744,0,0,saved_q_group_rows_no_fit_points,+,+,0.13,48,1.5976326947182606,1.621766119109775,1.6096994069140178,1187,1187.0,pixel_count,19141.545565978286,19141.545565978286,571.0345306396484,16.125986154994344,16.125986154994344,0.4810737410612034,19141.545565978286,19141.545565978286,571.0345306396484,16.125986154994344,,0,,,,False,16.125986154994344,0.4810737410612034,51.221256256103516,55.05419921875,53.2126205811027,16.068056394630393
PbI2,4.0,4.0,detector_qspace_per_pixel,detector_qr_band_per_qz_bin_fast,False,4,3.1613060814539744,3.1613060814539744,0,0,saved_q_group_rows_no_fit_points,+,+,0.13,49,1.621766119109775,1.6458995435012895,1.6338328313055324,1203,1203.0,pixel_count,19358.92386746872,19358.92386746872,582.1445180177689,16.09220604112113,16.09220604112113,0.4839106550438644,19358.92386746872,19358.92386746872,582.1445180177689,16.09220604112113,,0,,,,False,16.09220604112113,0.4839106550438644,51.4302978515625,55.236610412597656,53.408886715405174,16.135309935530262
PbI2,4.0,4.0,detector_qspace_per_pixel,detector_qr_band_per_qz_bin_fast,False,4,3.1613060814539744,3.1613060814539744,0,0,saved_q_group_rows_no_fit_points,+,+,0.13,50,1.6458995435012895,1.670032967892804,1.6579662556970467,1221,1221.0,pixel_count,19745.21410622454,19745.21410622454,594.3661448061466,16.171346524344422,16.171346524344422,0.48678635938259346,19745.21410622454,19745.21410622454,594.3661448061466,16.171346524344422,,0,,,,False,16.171346524344422,0.48678635938259346,51.6533317565918,55.45193099975586,53.61101783307909,16.250206510416543
PbI2,4.0,4.0,detector_qspace_per_pixel,detector_qr_band_per_qz_bin_fast,False,4,3.1613060814539744,3.1613060814539744,0,0,saved_q_group_rows_no_fit_points,+,+,0.13,51,1.670032967892804,1.6941663922843184,1.6820996800885613,1248,1248.0,pixel_count,20595.005623202447,20595.005623202447,611.21579682827,16.502408351925038,16.502408351925038,0.4897562474585496,20595.005623202447,20595.005623202447,611.21579682827,16.502408351925038,,0,,,,False,16.502408351925038,0.4897562474585496,51.83591842651367,55.65459442138672,53.81948725854565,16.41746237953869
PbI2,4.0,4.0,detector_qspace_per_pixel,detector_qr_band_per_qz_bin_fast,False,4,3.1613060814539744,3.1613060814539744,0,0,saved_q_group_rows_no_fit_points,+,+,0.13,52,1.6941663922843184,1.7182998166758332,1.7062331044800758,1266,1266.0,pixel_count,20912.070993644506,20912.070993644506,624.0387802124023,16.518223533684445,16.518223533684445,0.49292162733997025,20912.070993644506,20912.070993644506,624.0387802124023,16.518223533684445,,0,,,,False,16.518223533684445,0.49292162733997025,52.05803298950195,55.84688186645508,54.024394667360184,16.578862975169493
PbI2,4.0,4.0,detector_qspace_per_pixel,detector_qr_band_per_qz_bin_fast,False,4,3.1613060814539744,3.1613060814539744,0,0,saved_q_group_rows_no_fit_points,+,+,0.13,53,1.7182998166758332,1.7424332410673478,1.7303665288715906,1288,1288.0,pixel_count,21560.120386899787,21560.120386899787,639.1152741312981,16.739223902872506,16.739223902872506,0.49620751097150473,21560.120386899787,21560.120386899787,639.1152741312981,16.739223902872506,,0,,,,False,16.739223902872506,0.49620751097150473,52.26469421386719,56.0594482421875,54.23357233689808,16.78356964913326
PbI2,4.0,4.0,detector_qspace_per_pixel,detector_qr_band_per_qz_bin_fast,False,4,3.1613060814539744,3.1613060814539744,0,0,saved_q_group_rows_no_fit_points,+,+,0.13,54,1.7424332410673478,1.766566665458862,1.754499953263105,1313,1313.0,pixel_count,22351.74910684815,22351.74910684815,655.9482257068157,17.023418969419765,17.023418969419765,0.49957976062971493,22351.74910684815,22351.74910684815,655.9482257068157,17.023418969419765,,0,,,,False,17.023418969419765,0.49957976062971493,52.485328674316406,56.27091598510742,54.44991926680365,17.08303571996459
PbI2,4.0,4.0,detector_qspace_per_pixel,detector_qr_band_per_qz_bin_fast,False,4,3.1613060814539744,3.1613060814539744,0,0,saved_q_group_rows_no_fit_points,+,+,0.13,55,1.766566665458862,1.7907000898503767,1.7786333776546193,1336,1336.0,pixel_count,23335.75032820108,23335.75032820108,672.3644150197506,17.46687898817446,17.46687898817446,0.5032667777093942,23335.75032820108,23335.75032820108,672.3644150197506,17.46687898817446,,0,,,,False,17.46687898817446,0.5032667777093942,52.68132781982422,56.48125076293945,54.65710001029797,17.45853146227926
PbI2,4.0,4.0,detector_qspace_per_pixel,detector_qr_band_per_qz_bin_fast,False,4,3.1613060814539744,3.1613060814539744,0,0,saved_q_group_rows_no_fit_points,+,+,0.13,56,1.7907000898503767,1.8148335142418912,1.802766802046134,1360,1360.0,pixel_count,24283.077855732194,24283.077855732194,689.4853806197643,17.855204305685437,17.855204305685437,0.5069745445733561,24283.077855732194,24283.077855732194,689.4853806197643,17.855204305685437,,0,,,,False,17.855204305685437,0.5069745445733561,52.90066146850586,56.6904182434082,54.87887613099371,17.834161033657484
PbI2,4.0,4.0,detector_qspace_per_pixel,detector_qr_band_per_qz_bin_fast,False,4,3.1613060814539744,3.1613060814539744,0,0,saved_q_group_rows_no_fit_points,+,+,0.13,57,1.8148335142418912,1.8389669386334055,1.8269002264376484,1383,1383.0,pixel_count,25330.069607390265,25330.069607390265,706.7274569869041,18.3153070190819,18.3153070190819,0.5110104533527868,25330.069607390265,25330.069607390265,706.7274569869041,18.3153070190819,,0,,,,False,18.3153070190819,0.5110104533527868,53.11909866333008,56.91013717651367,55.08993694509736,18.05331966536592
PbI2,4.0,4.0,detector_qspace_per_pixel,detector_qr_band_per_qz_bin_fast,False,4,3.1613060814539744,3.1613060814539744,0,0,saved_q_group_rows_no_fit_points,+,+,0.13,58,1.8389669386334055,1.8631003630249203,1.851033650829163,1418,1418.0,pixel_count,25663.20043357686,25663.20043357686,730.4042296111584,18.09816673736027,18.09816673736027,0.5150946612208451,25663.20043357686,25663.20043357686,730.4042296111584,18.09816673736027,,0,,,,False,18.09816673736027,0.5150946612208451,53.37425231933594,57.128623962402344,55.31851774640247,17.95824011652593
PbI2,4.0,4.0,detector_qspace_per_pixel,detector_qr_band_per_qz_bin_fast,False,4,3.1613060814539744,3.1613060814539744,0,0,saved_q_group_rows_no_fit_points,+,+,0.13,59,1.8631003630249203,1.8872337874164347,1.8751670752206775,1434,1434.0,pixel_count,25137.890468479607,25137.890468479607,745.011813044548,17.52990967118522,17.52990967118522,0.5195340397800196,25137.890468479607,25137.890468479607,745.011813044548,17.52990967118522,,0,,,,False,17.52990967118522,0.5195340397800196,53.59044647216797,57.345829010009766,55.5360837820317,17.672087726281298
PbI2,4.0,4.0,detector_qspace_per_pixel,detector_qr_band_per_qz_bin_fast,False,4,3.1613060814539744,3.1613060814539744,0,0,saved_q_group_rows_no_fit_points,+,+,0.13,60,1.8872337874164347,1.9113672118079492,1.8993004996121918,1471,1471.0,pixel_count,25674.98909655689,25674.98909655689,771.0370795726776,17.454105436136565,17.454105436136565,0.5241584497434926,25674.98909655689,25674.98909655689,771.0370795726776,17.454105436136565,,0,,,,False,17.454105436136565,0.5241584497434926,53.82044982910156,57.56172180175781,55.75869997071527,17.414128476177005
PbI2,4.0,4.0,detector_qspace_per_pixel,detector_qr_band_per_qz_bin_fast,False,4,3.1613060814539744,3.1613060814539744,0,0,saved_q_group_rows_no_fit_points,+,+,0.13,61,1.9113672118079492,1.935500636199464,1.9234339240037066,1495,1495.0,pixel_count,25720.39880999594,25720.39880999594,790.7677457928658,17.20428014046551,17.20428014046551,0.52894163598185,25720.39880999594,25720.39880999594,790.7677457928658,17.20428014046551,,0,,,,False,17.20428014046551,0.52894163598185,54.04938888549805,57.79454040527344,55.993045280328715,17.18103708610235
PbI2,4.0,4.0,detector_qspace_per_pixel,detector_qr_band_per_qz_bin_fast,False,4,3.1613060814539744,3.1613060814539744,0,0,saved_q_group_rows_no_fit_points,+,+,0.13,62,1.935500636199464,1.9596340605909783,1.9475673483952212,1529,1529.0,pixel_count,25709.5557757866,25709.5557757866,816.6347721815109,16.81462117448437,16.81462117448437,0.5340973003149189,25709.5557757866,25709.5557757866,816.6347721815109,16.81462117448437,,0,,,,False,16.81462117448437,0.5340973003149189,54.26239776611328,58.007408142089844,56.218613769009735,17.00393961715026
PbI2,4.0,4.0,detector_qspace_per_pixel,detector_qr_band_per_qz_bin_fast,False,4,3.1613060814539744,3.1613060814539744,0,0,saved_q_group_rows_no_fit_points,+,+,0.13,63,1.9596340605909783,1.9837674849824927,1.9717007727867355,1558,1558.0,pixel_count,26519.77499001781,26519.77499001781,840.5534403920174,17.02167842748255,17.02167842748255,0.5395079848472512,26519.77499001781,26519.77499001781,840.5534403920174,17.02167842748255,,0,,,,False,17.02167842748255,0.5395079848472512,54.48907470703125,58.24820327758789,56.44901822666611,16.96012934498544
PbI2,4.0,4.0,detector_qspace_per_pixel,detector_qr_band_per_qz_bin_fast,False,4,3.1613060814539744,3.1613060814539744,0,0,saved_q_group_rows_no_fit_points,+,+,0.13,64,1.9837674849824927,2.0079009093740074,1.99583419717825,1593,1593.0,pixel_count,26972.353808680124,26972.353808680124,868.5176578164101,16.931797745561912,16.931797745561912,0.5452088247435092,26972.353808680124,26972.353808680124,868.5176578164101,16.931797745561912,,0,,,,False,16.931797745561912,0.5452088247435092,54.75006866455078,58.46955108642578,56.68164453198593,16.981555492789973
PbI2,4.0,4.0,detector_qspace_per_pixel,detector_qr_band_per_qz_bin_fast,False,4,3.1613060814539744,3.1613060814539744,0,0,saved_q_group_rows_no_fit_points,+,+,0.13,65,2.0079009093740074,2.032034333765522,2.019967621569765,1628,1628.0,pixel_count,27616.879235698903,27616.879235698903,897.3864599466324,16.963685034213086,16.963685034213086,0.5512201842424032,27616.879235698903,27616.879235698903,897.3864599466324,16.963685034213086,,0,,,,False,16.963685034213086,0.5512201842424032,54.97395324707031,58.70643997192383,56.91937935712575,17.075310922797726
PbI2,4.0,4.0,detector_qspace_per_pixel,detector_qr_band_per_qz_bin_fast,False,4,3.1613060814539744,3.1613060814539744,0,0,saved_q_group_rows_no_fit_points,+,+,0.13,66,2.032034333765522,2.056167758157036,2.0441010459612787,1663,1663.0,pixel_count,28891.16420752723,28891.16420752723,927.2985042333603,17.372918946197974,17.372918946197974,0.5576058353778475,28891.16420752723,28891.16420752723,927.2985042333603,17.372918946197974,,0,,,,False,17.372918946197974,0.5576058353778475,55.23131561279297,58.952728271484375,57.15420520921993,17.218536892768938
PbI2,4.0,4.0,detector_qspace_per_pixel,detector_qr_band_per_qz_bin_fast,False,4,3.1613060814539744,3.1613060814539744,0,0,saved_q_group_rows_no_fit_points,+,+,0.13,67,2.056167758157036,2.080301182548551,2.0682344703527935,1697,1697.0,pixel_count,29298.557883119618,29298.557883119618,957.6354620456696,17.26491330767214,17.26491330767214,0.5643108202979785,29298.557883119618,29298.557883119618,957.6354620456696,17.26491330767214,,0,,,,False,17.26491330767214,0.5643108202979785,55.46691131591797,59.1688346862793,57.39589579699371,17.28993896738104
PbI2,4.0,4.0,detector_qspace_per_pixel,detector_qr_band_per_qz_bin_fast,False,4,3.1613060814539744,3.1613060814539744,0,0,saved_q_group_rows_no_fit_points,+,+,0.13,68,2.080301182548551,2.1044346069400652,2.0923678947443083,1743,1743.0,pixel_count,30155.6678331664,30155.6678331664,996.0289381146431,17.301014247370283,17.301014247370283,0.5714451739039834,30155.6678331664,30155.6678331664,996.0289381146431,17.301014247370283,,0,,,,False,17.301014247370283,0.5714451739039834,55.68648147583008,59.410953521728516,57.63637843677944,17.326614489009046
PbI2,4.0,4.0,detector_qspace_per_pixel,detector_qr_band_per_qz_bin_fast,False,4,3.1613060814539744,3.1613060814539744,0,0,saved_q_group_rows_no_fit_points,+,+,0.13,69,2.1044346069400652,2.1285680313315796,2.116501319135822,1779,1779.0,pixel_count,30941.84611084365,30941.84611084365,1030.022248864174,17.39283086612909,17.39283086612909,0.5789894597325317,30941.84611084365,30941.84611084365,1030.022248864174,17.39283086612909,,0,,,,False,17.39283086612909,0.5789894597325317,55.952842712402344,59.65077590942383,57.87943436305799,17.370371801172254
PbI2,4.0,4.0,detector_qspace_per_pixel,detector_qr_band_per_qz_bin_fast,False,4,3.1613060814539744,3.1613060814539744,0,0,saved_q_group_rows_no_fit_points,+,+,0.13,70,2.1285680313315796,2.1527014557230943,2.140634743527337,1818,1818.0,pixel_count,31816.461268976298,31816.461268976298,1067.0760231614113,17.500803778314797,17.500803778314797,0.5869505077895552,31816.461268976298,31816.461268976298,1067.0760231614113,17.500803778314797,,0,,,,False,17.500803778314797,0.5869505077895552,56.20243453979492,59.88828659057617,58.12595903252752,17.317139553281685
PbI2,4.0,4.0,detector_qspace_per_pixel,detector_qr_band_per_qz_bin_fast,False,4,3.1613060814539744,3.1613060814539744,0,0,saved_q_group_rows_no_fit_points,+,+,0.13,71,2.1527014557230943,2.1768348801146087,2.1647681679188517,1867,1867.0,pixel_count,31908.04460383628,31908.04460383628,1111.5898194909096,17.09054344072645,17.09054344072645,0.5953882268296249,31908.04460383628,31908.04460383628,1111.5898194909096,17.09054344072645,,0,,,,False,17.09054344072645,0.5953882268296249,56.46426010131836,60.14996337890625,58.37431765010344,17.070911371682147
PbI2,4.0,4.0,detector_qspace_per_pixel,detector_qr_band_per_qz_bin_fast,False,4,3.1613060814539744,3.1613060814539744,0,0,saved_q_group_rows_no_fit_points,+,+,0.13,72,2.1768348801146087,2.200968304506123,2.1889015923103656,1909,1909.0,pixel_count,31982.73081613422,31982.73081613422,1153.6812146902084,16.753656792108025,16.753656792108025,0.6043379856941898,31982.73081613422,31982.73081613422,1153.6812146902084,16.753656792108025,,0,,,,False,16.753656792108025,0.6043379856941898,56.69139862060547,60.3936653137207,58.6213866177217,16.689200180073314
PbI2,4.0,4.0,detector_qspace_per_pixel,detector_qr_band_per_qz_bin_fast,False,4,3.1613060814539744,3.1613060814539744,0,0,saved_q_group_rows_no_fit_points,+,+,0.13,73,2.200968304506123,2.225101728897638,2.2130350167018804,1957,1957.0,pixel_count,31657.681931076113,31657.681931076113,1201.2098652720451,16.17663869753506,16.17663869753506,0.6138016685089653,31657.681931076113,31657.681931076113,1201.2098652720451,16.17663869753506,,0,,,,False,16.17663869753506,0.6138016685089653,56.963218688964844,60.63489532470703,58.8723066414295,16.277443160223037
PbI2,4.0,4.0,detector_qspace_per_pixel,detector_qr_band_per_qz_bin_fast,False,4,3.1613060814539744,3.1613060814539744,0,0,saved_q_group_rows_no_fit_points,+,+,0.13,74,2.225101728897638,2.2492351532891526,2.237168441093395,2007,2007.0,pixel_count,31984.716578565116,31984.716578565116,1252.0282405614853,15.936580258378234,15.936580258378234,0.6238307127859917,31984.716578565116,31984.716578565116,1252.0282405614853,15.936580258378234,,0,,,,False,15.936580258378234,0.6238307127859917,57.218284606933594,60.887969970703125,59.12935297559857,15.935420570999584
PbI2,4.0,4.0,detector_qspace_per_pixel,detector_qr_band_per_qz_bin_fast,False,4,3.1613060814539744,3.1613060814539744,0,0,saved_q_group_rows_no_fit_points,+,+,0.13,75,2.2492351532891526,2.273368577680667,2.26130186548491,2059,2059.0,pixel_count,32013.840825353855,32013.840825353855,1306.373906493187,15.548247122561367,15.548247122561367,0.634470085717915,32013.840825353855,32013.840825353855,1306.373906493187,15.548247122561367,,0,,,,False,15.548247122561367,0.634470085717915,57.470951080322266,61.13492202758789,59.381652085475125,15.711982923347332
PbI2,4.0,4.0,detector_qspace_per_pixel,detector_qr_band_per_qz_bin_fast,False,4,3.1613060814539744,3.1613060814539744,0,0,saved_q_group_rows_no_fit_points,+,+,0.13,76,2.273368577680667,2.2975020020721817,2.2854352898764243,2111,2111.0,pixel_count,33160.87696916546,33160.87696916546,1363.1419548988342,15.70861059647819,15.70861059647819,0.6457328066787467,33160.87696916546,33160.87696916546,1363.1419548988342,15.70861059647819,,0,,,,False,15.70861059647819,0.6457328066787467,57.7352180480957,61.392967224121094,59.6408652728998,15.588495888482003
PbI2,4.0,4.0,detector_qspace_per_pixel,detector_qr_band_per_qz_bin_fast,False,4,3.1613060814539744,3.1613060814539744,0,0,saved_q_group_rows_no_fit_points,+,+,0.13,77,2.2975020020721817,2.321635426463696,2.3095687142679386,2171,2171.0,pixel_count,33458.76399996341,33458.76399996341,1427.8174713850021,15.411683095330913,15.411683095330913,0.6576773244518664,33458.76399996341,33458.76399996341,1427.8174713850021,15.411683095330913,,0,,,,False,15.411683095330913,0.6576773244518664,57.99687576293945,61.64779281616211,59.897986164719555,15.458803767950643
PbI2,4.0,4.0,detector_qspace_per_pixel,detector_qr_band_per_qz_bin_fast,False,4,3.1613060814539744,3.1613060814539744,0,0,saved_q_group_rows_no_fit_points,+,+,0.13,78,2.321635426463696,2.3457688508552104,2.3337021386594534,2228,2228.0,pixel_count,34087.24331298965,34087.24331298965,1493.5358636379242,15.299480840659628,15.299480840659628,0.6703482332306662,34087.24331298965,34087.24331298965,1493.5358636379242,15.299480840659628,,0,,,,False,15.299480840659628,0.6703482332306662,58.25590896606445,61.91010665893555,60.162942568027944,15.339792715877163
PbI2,4.0,4.0,detector_qspace_per_pixel,detector_qr_band_per_qz_bin_fast,False,4,3.1613060814539744,3.1613060814539744,0,0,saved_q_group_rows_no_fit_points,+,+,0.13,79,2.3457688508552104,2.369902275246725,2.3578355630509678,2296,2296.0,pixel_count,35123.148409774294,35123.148409774294,1570.0016387701035,15.297538505999258,15.297538505999258,0.6837986231577106,35123.148409774294,35123.148409774294,1570.0016387701035,15.297538505999258,,0,,,,False,15.297538505999258,0.6837986231577106,58.526039123535156,62.16904067993164,60.42671501891026,15.249157126223526
PbI2,4.0,4.0,detector_qspace_per_pixel,detector_qr_band_per_qz_bin_fast,False,4,3.1613060814539744,3.1613060814539744,0,0,saved_q_group_rows_no_fit_points,+,+,0.13,80,2.369902275246725,2.3940356996382395,2.381968987442482,2349,2349.0,pixel_count,35590.27948245565,35590.27948245565,1639.549729347229,15.151247118967921,15.151247118967921,0.6979777476999698,35590.27948245565,35590.27948245565,1639.549729347229,15.151247118967921,,0,,,,False,15.151247118967921,0.6979777476999698,58.77968215942383,62.42461013793945,60.68580318863431,15.122689763562269
PbI2,4.0,4.0,detector_qspace_per_pixel,detector_qr_band_per_qz_bin_fast,False,4,3.1613060814539744,3.1613060814539744,0,0,saved_q_group_rows_no_fit_points,+,+,0.13,81,2.3940356996382395,2.418169124029754,2.406102411833997,2420,2420.0,pixel_count,36167.14543839594,36167.14543839594,1725.4982108473778,14.94510142082477,14.94510142082477,0.7130157896063545,36167.14543839594,36167.14543839594,1725.4982108473778,14.94510142082477,,0,,,,False,14.94510142082477,0.7130157896063545,59.07272720336914,62.68724060058594,60.95305892238474,14.950836470382324
PbI2,4.0,4.0,detector_qspace_per_pixel,detector_qr_band_per_qz_bin_fast,False,4,3.1613060814539744,3.1613060814539744,0,0,saved_q_group_rows_no_fit_points,+,+,0.13,82,2.418169124029754,2.4423025484212686,2.430235836225511,2501,2501.0,pixel_count,36934.38984954264,36934.38984954264,1823.1437726020813,14.767848800296937,14.767848800296937,0.7289659226717639,36934.38984954264,36934.38984954264,1823.1437726020813,14.767848800296937,,0,,,,False,14.767848800296937,0.7289659226717639,59.33395767211914,62.946346282958984,61.22028074734084,14.767664631591131
PbI2,4.0,4.0,detector_qspace_per_pixel,detector_qr_band_per_qz_bin_fast,False,4,3.1613060814539744,3.1613060814539744,0,0,saved_q_group_rows_no_fit_points,+,+,0.13,83,2.4423025484212686,2.466435972812783,2.4543692606170255,2557,2557.0,pixel_count,37296.77687192099,37296.77687192099,1907.3431733250618,14.586146606148217,14.586146606148217,0.7459300638737043,37296.77687192099,37296.77687192099,1907.3431733250618,14.586146606148217,,0,,,,False,14.586146606148217,0.7459300638737043,59.61994934082031,63.22383499145508,61.50195585952723,14.591777171624894
PbI2,4.0,4.0,detector_qspace_per_pixel,detector_qr_band_per_qz_bin_fast,False,4,3.1613060814539744,3.1613060814539744,0,0,saved_q_group_rows_no_fit_points,+,+,0.13,84,2.466435972812783,2.4905693972042973,2.4785026850085403,2646,2646.0,pixel_count,38075.88947241837,38075.88947241837,2020.728078842163,14.389980904164162,14.389980904164162,0.7636916397740601,38075.88947241837,38075.88947241837,2020.728078842163,14.389980904164162,,0,,,,False,14.389980904164162,0.7636916397740601,59.87501907348633,63.47557830810547,61.76513109349965,14.451785695214138
PbI2,4.0,4.0,detector_qspace_per_pixel,detector_qr_band_per_qz_bin_fast,False,4,3.1613060814539744,3.1613060814539744,0,0,saved_q_group_rows_no_fit_points,+,+,0.13,85,2.4905693972042973,2.514702821595812,2.5026361094000547,2727,2727.0,pixel_count,39183.5135560813,39183.5135560813,2134.123275578022,14.368725176414118,14.368725176414118,0.7825901267246138,39183.5135560813,39183.5135560813,2134.123275578022,14.368725176414118,,0,,,,False,14.368725176414118,0.7825901267246138,60.167022705078125,63.75495910644531,62.04144605424015,14.36701398720488
PbI2,4.0,4.0,detector_qspace_per_pixel,detector_qr_band_per_qz_bin_fast,False,4,3.1613060814539744,3.1613060814539744,0,0,saved_q_group_rows_no_fit_points,+,+,0.13,86,2.514702821595812,2.5388362459873264,2.526769533791569,2813,2813.0,pixel_count,40367.15574669037,40367.15574669037,2257.584722995758,14.350215338318652,14.350215338318652,0.8025541141115385,40367.15574669037,40367.15574669037,2257.584722995758,14.350215338318652,,0,,,,False,14.350215338318652,0.8025541141115385,60.42876052856445,64.0299301147461,62.318923344170855,14.280671496588564
PbI2,4.0,4.0,detector_qspace_per_pixel,detector_qr_band_per_qz_bin_fast,False,4,3.1613060814539744,3.1613060814539744,0,0,saved_q_group_rows_no_fit_points,+,+,0.13,87,2.5388362459873264,2.5629696703788407,2.5509029581830838,2902,2902.0,pixel_count,40913.8001702494,40913.8001702494,2389.9775310754776,14.098483862939146,14.098483862939146,0.8235622091921012,40913.8001702494,40913.8001702494,2389.9775310754776,14.098483862939146,,0,,,,False,14.098483862939146,0.8235622091921012,60.713279724121094,64.300537109375,62.594584703009104,14.168456680316144
PbI2,4.0,4.0,detector_qspace_per_pixel,detector_qr_band_per_qz_bin_fast,False,4,3.1613060814539744,3.1613060814539744,0,0,saved_q_group_rows_no_fit_points,+,+,0.13,88,2.5629696703788407,2.5871030947703555,2.575036382574598,3001,3001.0,pixel_count,42216.1202317542,42216.1202317542,2538.104183077812,14.067350960264644,14.067350960264644,0.845752810089241,42216.1202317542,42216.1202317542,2538.104183077812,14.067350960264644,,0,,,,False,14.067350960264644,0.845752810089241,61.006492614746094,64.5764389038086,62.87510210890365,14.102089111198026
PbI2,4.0,4.0,detector_qspace_per_pixel,detector_qr_band_per_qz_bin_fast,False,4,3.1613060814539744,3.1613060814539744,0,0,saved_q_group_rows_no_fit_points,+,+,0.13,89,2.5871030947703555,2.61123651916187,2.5991698069661124,3096,3096.0,pixel_count,43695.3330367216,43695.3330367216,2690.7769181728363,14.11347966302377,14.11347966302377,0.8691139916578928,43695.3330367216,43695.3330367216,2690.7769181728363,14.11347966302377,,0,,,,False,14.11347966302377,0.8691139916578928,61.29550552368164,64.86734008789062,63.158186857730385,14.081309258710462
PbI2,4.0,4.0,detector_qspace_per_pixel,detector_qr_band_per_qz_bin_fast,False,4,3.1613060814539744,3.1613060814539744,0,0,saved_q_group_rows_no_fit_points,+,+,0.13,90,2.61123651916187,2.635369943553384,2.623303231357627,3200,3200.0,pixel_count,45011.76284755809,45011.76284755809,2859.405425608158,14.066175889861904,14.066175889861904,0.8935641955025494,45011.76284755809,45011.76284755809,2859.405425608158,14.066175889861904,,0,,,,False,14.066175889861904,0.8935641955025494,61.580352783203125,65.13391876220703,63.439800910709124,14.039135804674679
PbI2,4.0,4.0,detector_qspace_per_pixel,detector_qr_band_per_qz_bin_fast,False,4,3.1613060814539744,3.1613060814539744,0,0,saved_q_group_rows_no_fit_points,+,+,0.13,91,2.635369943553384,2.659503367944899,2.6474366557491416,3319,3319.0,pixel_count,46297.71586371308,46297.71586371308,3051.099558711052,13.949296735074745,13.949296735074745,0.9192827835827213,46297.71586371308,46297.71586371308,3051.099558711052,13.949296735074745,,0,,,,False,13.949296735074745,0.9192827835827213,61.861061096191406,65.42404174804688,63.726246410481814,13.958718038574755
PbI2,4.0,4.0,detector_qspace_per_pixel,detector_qr_band_per_qz_bin_fast,False,4,3.1613060814539744,3.1613060814539744,0,0,saved_q_group_rows_no_fit_points,+,+,0.13,92,2.659503367944899,2.6836367923364137,2.6715700801406563,3427,3427.0,pixel_count,47663.348746836644,47663.348746836644,3242.313529908657,13.908184635785423,13.908184635785423,0.9461084125791237,47663.348746836644,47663.348746836644,3242.313529908657,13.908184635785423,,0,,,,False,13.908184635785423,0.9461084125791237,62.14971923828125,65.69960021972656,64.01232368388848,13.83897285371897
PbI2,4.0,4.0,detector_qspace_per_pixel,detector_qr_band_per_qz_bin_fast,False,4,3.1613060814539744,3.1613060814539744,0,0,saved_q_group_rows_no_fit_points,+,+,0.13,93,2.6836367923364137,2.707770216727928,2.6957035045321707,3553,3553.0,pixel_count,48503.12247436178,48503.12247436178,3460.89464533329,13.651315078627013,13.651315078627013,0.9740767366544583,48503.12247436178,48503.12247436178,3460.89464533329,13.651315078627013,,0,,,,False,13.651315078627013,0.9740767366544583,62.434024810791016,65.97938537597656,64.30136798525675,13.669186026299329
PbI2,4.0,4.0,detector_qspace_per_pixel,detector_qr_band_per_qz_bin_fast,False,4,3.1613060814539744,3.1613060814539744,0,0,saved_q_group_rows_no_fit_points,+,+,0.13,94,2.707770216727928,2.731903641119443,2.7198369289236854,3683,3683.0,pixel_count,49583.802757810445,49583.802757810445,3694.454200923443,13.462884267665068,13.462884267665068,1.003110019256976,49583.802757810445,49583.802757810445,3694.454200923443,13.462884267665068,,0,,,,False,13.462884267665068,1.003110019256976,62.72575378417969,66.27159118652344,64.59008481642535,13.49795663644273
PbI2,4.0,4.0,detector_qspace_per_pixel,detector_qr_band_per_qz_bin_fast,False,4,3.1613060814539744,3.1613060814539744,0,0,saved_q_group_rows_no_fit_points,+,+,0.13,95,2.731903641119443,2.756037065510957,2.7439703533152002,3817,3817.0,pixel_count,51086.29196655771,51086.29196655771,3943.6284512877464,13.383885765406788,13.383885765406788,1.0331748627947988,51086.29196655771,51086.29196655771,3943.6284512877464,13.383885765406788,,0,,,,False,13.383885765406788,1.0331748627947988,63.03512191772461,66.5666275024414,64.88276254132961,13.352812339504553
PbI2,4.0,4.0,detector_qspace_per_pixel,detector_qr_band_per_qz_bin_fast,False,4,3.1613060814539744,3.1613060814539744,0,0,saved_q_group_rows_no_fit_points,+,+,0.13,96,2.756037065510957,2.7801704899024715,2.768103777706714,3976,3976.0,pixel_count,52327.561356976476,52327.561356976476,4231.149316906929,13.160855472076578,13.160855472076578,1.0641723634071754,52327.561356976476,52327.561356976476,4231.149316906929,13.160855472076578,,0,,,,False,13.160855472076578,1.0641723634071754,63.31731414794922,66.84744262695312,65.17788192719344,13.233402974401464
PbI2,4.0,4.0,detector_qspace_per_pixel,detector_qr_band_per_qz_bin_fast,False,7,4.182014854841658,4.182014854841658,0,0,saved_q_group_rows_no_fit_points,-,-,0.13,1,0.46336174831707855,0.48749517270859305,0.4754284605128358,2522,2522.0,pixel_count,32577.243058929747,32577.243058929747,976.6096322536469,12.91722563795787,12.91722563795787,0.38723617456528425,32577.243058929747,32577.243058929747,976.6096322536469,12.91722563795787,,0,,,,False,12.91722563795787,0.38723617456528425,60.263580322265625,64.53227233886719,62.54133292306955,12.899695288285862
PbI2,4.0,4.0,detector_qspace_per_pixel,detector_qr_band_per_qz_bin_fast,False,7,4.182014854841658,4.182014854841658,0,0,saved_q_group_rows_no_fit_points,-,-,0.13,2,0.48749517270859305,0.5116285971001077,0.4995618849043504,2543,2543.0,pixel_count,32695.279655047274,32695.279655047274,990.8868044316769,12.856971944572267,12.856971944572267,0.38965269541159137,32695.279655047274,32695.279655047274,990.8868044316769,12.856971944572267,,0,,,,False,12.856971944572267,0.38965269541159137,60.337467193603516,64.60272216796875,62.61496674629334,12.885595437267373
PbI2,4.0,4.0,detector_qspace_per_pixel,detector_qr_band_per_qz_bin_fast,False,7,4.182014854841658,4.182014854841658,0,0,saved_q_group_rows_no_fit_points,-,-,0.13,3,0.5116285971001077,0.5357620214916221,0.5236953092958649,2565,2565.0,pixel_count,32962.47921834138,32962.47921834138,1005.7882910966873,12.8508690909713,12.8508690909713,0.3921201914606968,32962.47921834138,32962.47921834138,1005.7882910966873,12.8508690909713,,0,,,,False,12.8508690909713,0.3921201914606968,60.410362243652344,64.67379760742188,62.68542635748611,12.92426706648731
PbI2,4.0,4.0,detector_qspace_per_pixel,detector_qr_band_per_qz_bin_fast,False,7,4.182014854841658,4.182014854841658,0,0,saved_q_group_rows_no_fit_points,-,-,0.13,4,0.5357620214916221,0.5598954458831366,0.5478287336873793,2596,2596.0,pixel_count,33883.24425911805,33883.24425911805,1024.3998434245586,13.052097172233456,13.052097172233456,0.3946070275133123,33883.24425911805,33883.24425911805,1024.3998434245586,13.052097172233456,,0,,,,False,13.052097172233456,0.3946070275133123,60.483978271484375,64.74396514892578,62.7631415789874,13.034904180761362
PbI2,4.0,4.0,detector_qspace_per_pixel,detector_qr_band_per_qz_bin_fast,False,7,4.182014854841658,4.182014854841658,0,0,saved_q_group_rows_no_fit_points,-,-,0.13,5,0.5598954458831366,0.5840288702746511,0.5719621580788938,2617,2617.0,pixel_count,34474.24916813104,34474.24916813104,1039.2754407823086,13.17319417964503,13.17319417964503,0.39712473854883784,34474.24916813104,34474.24916813104,1039.2754407823086,13.17319417964503,,0,,,,False,13.17319417964503,0.39712473854883784,60.560489654541016,64.82987213134766,62.84639931441133,13.160160359741715
PbI2,4.0,4.0,detector_qspace_per_pixel,detector_qr_band_per_qz_bin_fast,False,7,4.182014854841658,4.182014854841658,0,0,saved_q_group_rows_no_fit_points,-,-,0.13,6,0.5840288702746511,0.6081622946661657,0.5960955824704084,2648,2648.0,pixel_count,35149.0713800067,35149.0713800067,1058.4041587114334,13.273818496981383,13.273818496981383,0.39969945570673465,35149.0713800067,35149.0713800067,1058.4041587114334,13.273818496981383,,0,,,,False,13.273818496981383,0.39969945570673465,60.635589599609375,64.9161605834961,62.92503631052384,13.263419316396842
PbI2,4.0,4.0,detector_qspace_per_pixel,detector_qr_band_per_qz_bin_fast,False,7,4.182014854841658,4.182014854841658,0,0,saved_q_group_rows_no_fit_points,-,-,0.13,7,0.6081622946661657,0.6322957190576802,0.620229006861923,2671,2671.0,pixel_count,35662.519145509934,35662.519145509934,1074.540352910757,13.351748088921727,13.351748088921727,0.40229889663450286,35662.519145509934,35662.519145509934,1074.540352910757,13.351748088921727,,0,,,,False,13.351748088921727,0.40229889663450286,60.73187255859375,65.00454711914062,63.01214469817545,13.351698285128911
PbI2,4.0,4.0,detector_qspace_per_pixel,detector_qr_band_per_qz_bin_fast,False,7,4.182014854841658,4.182014854841658,0,0,saved_q_group_rows_no_fit_points,-,-,0.13,8,0.6322957190576802,0.6564291434491947,0.6443624312534375,2705,2705.0,pixel_count,36281.31028963684,36281.31028963684,1095.4056582450867,13.412684025743747,13.412684025743747,0.40495588105178804,36281.31028963684,36281.31028963684,1095.4056582450867,13.412684025743747,,0,,,,False,13.412684025743747,0.40495588105178804,60.808265686035156,65.09159088134766,63.09848709315121,13.454498851482132
PbI2,4.0,4.0,detector_qspace_per_pixel,detector_qr_band_per_qz_bin_fast,False,7,4.182014854841658,4.182014854841658,0,0,saved_q_group_rows_no_fit_points,-,-,0.13,9,0.6564291434491947,0.6805625678407091,0.6684958556449518,2728,2728.0,pixel_count,37091.8034700408,37091.8034700408,1112.090877354145,13.596702151774489,13.596702151774489,0.40765794624418805,37091.8034700408,37091.8034700408,1112.090877354145,13.596702151774489,,0,,,,False,13.596702151774489,0.40765794624418805,60.90577697753906,65.17893981933594,63.18505122082721,13.590532549165847
PbI2,4.0,4.0,detector_qspace_per_pixel,detector_qr_band_per_qz_bin_fast,False,7,4.182014854841658,4.182014854841658,0,0,saved_q_group_rows_no_fit_points,-,-,0.13,10,0.6805625678407091,0.7046959922322237,0.6926292800364664,2757,2757.0,pixel_count,37935.72648370244,37935.72648370244,1131.4795904755592,13.759784723867407,13.759784723867407,0.4104024629943994,37935.72648370244,37935.72648370244,1131.4795904755592,13.759784723867407,,0,,,,False,13.759784723867407,0.4104024629943994,60.98336410522461,65.2665786743164,63.2767482701497,13.721477870523213
PbI2,4.0,4.0,detector_qspace_per_pixel,detector_qr_band_per_qz_bin_fast,False,7,4.182014854841658,4.182014854841658,0,0,saved_q_group_rows_no_fit_points,-,-,0.13,11,0.7046959922322237,0.7288294166237382,0.716762704427981,2788,2788.0,pixel_count,38554.58273237485,38554.58273237485,1152.0134695768356,13.828759947049804,13.828759947049804,0.4132042573805006,38554.58273237485,38554.58273237485,1152.0134695768356,13.828759947049804,,0,,,,False,13.828759947049804,0.4132042573805006,61.081993103027344,65.35651397705078,63.37208479426487,13.812866422795683
PbI2,4.0,4.0,detector_qspace_per_pixel,detector_qr_band_per_qz_bin_fast,False,7,4.182014854841658,4.182014854841658,0,0,saved_q_group_rows_no_fit_points,-,-,0.13,12,0.7288294166237382,0.7529628410152527,0.7408961288194955,2821,2821.0,pixel_count,39001.82009620088,39001.82009620088,1173.7242884039879,13.825529988018744,13.825529988018744,0.41606674526904924,39001.82009620088,39001.82009620088,1173.7242884039879,13.825529988018744,,0,,,,False,13.825529988018744,0.41606674526904924,61.181129455566406,65.4598388671875,63.46415822451779,13.910372513056803
PbI2,4.0,4.0,detector_qspace_per_pixel,detector_qr_band_per_qz_bin_fast,False,7,4.182014854841658,4.182014854841658,0,0,saved_q_group_rows_no_fit_points,-,-,0.13,13,0.7529628410152527,0.7770962654067672,0.76502955321101,2852,2852.0,pixel_count,40184.46729962837,40184.46729962837,1194.9475891590118,14.089925420627058,14.089925420627058,0.4189858307009158,40184.46729962837,40184.46729962837,1194.9475891590118,14.089925420627058,,0,,,,False,14.089925420627058,0.4189858307009158,61.28074264526367,65.54822540283203,63.56463780690618,14.057185873895326
PbI2,4.0,4.0,detector_qspace_per_pixel,detector_qr_band_per_qz_bin_fast,False,7,4.182014854841658,4.182014854841658,0,0,saved_q_group_rows_no_fit_points,-,-,0.13,14,0.7770962654067672,0.8012296897982817,0.7891629776025244,2882,2882.0,pixel_count,41063.985697229575,41063.985697229575,1216.1115891635418,14.2484336215231,14.2484336215231,0.42196793517124975,41063.985697229575,41063.985697229575,1216.1115891635418,14.2484336215231,,0,,,,False,14.2484336215231,0.42196793517124975,61.38079833984375,65.6262435913086,63.6634292081066,14.181369818046383
PbI2,4.0,4.0,detector_qspace_per_pixel,detector_qr_band_per_qz_bin_fast,False,7,4.182014854841658,4.182014854841658,0,0,saved_q_group_rows_no_fit_points,-,-,0.13,15,0.8012296897982817,0.8253631141897962,0.813296401994039,2867,2867.0,pixel_count,40812.56746844015,40812.56746844015,1218.4562838673592,14.235286874237932,14.235286874237932,0.4249934718756049,40812.56746844015,40812.56746844015,1218.4562838673592,14.235286874237932,,0,,,,False,14.235286874237932,0.4249934718756049,61.48127746582031,65.65143585205078,63.728152624431814,14.228749391350078
PbI2,4.0,4.0,detector_qspace_per_pixel,detector_qr_band_per_qz_bin_fast,False,7,4.182014854841658,4.182014854841658,0,0,saved_q_group_rows_no_fit_points,+,+,0.13,1,0.46336174831707855,0.48749517270859305,0.4754284605128358,482,482.0,pixel_count,4572.201487438107,4572.201487438107,138.1586948633194,9.485895202153747,9.485895202153747,0.2866362963969282,4572.201487438107,4572.201487438107,138.1586948633194,9.485895202153747,,0,,,,False,9.485895202153747,0.2866362963969282,60.437583923339844,61.389007568359375,60.92739235504301,9.448700759471528
PbI2,4.0,4.0,detector_qspace_per_pixel,detector_qr_band_per_qz_bin_fast,False,7,4.182014854841658,4.182014854841658,0,0,saved_q_group_rows_no_fit_points,+,+,0.13,2,0.48749517270859305,0.5116285971001077,0.4995618849043504,461,461.0,pixel_count,4320.3897348521905,4320.3897348521905,133.11379036307335,9.371778166707571,9.371778166707571,0.28875008755547366,4320.3897348521905,4320.3897348521905,133.11379036307335,9.371778166707571,,0,,,,False,9.371778166707571,0.28875008755547366,60.49055862426758,61.406494140625,60.96914215668366,9.395101768719986
PbI2,4.0,4.0,detector_qspace_per_pixel,detector_qr_band_per_qz_bin_fast,False,7,4.182014854841658,4.182014854841658,0,0,saved_q_group_rows_no_fit_points,+,+,0.13,3,0.5116285971001077,0.5357620214916221,0.5236953092958649,431,431.0,pixel_count,4014.8807721862718,4014.8807721862718,125.38016858696938,9.315268612961187,9.315268612961187,0.2909052635428524,4014.8807721862718,4014.8807721862718,125.38016858696938,9.315268612961187,,0,,,,False,9.315268612961187,0.2909052635428524,60.56278991699219,61.42329025268555,61.01569863484563,9.380418999664066
PbI2,4.0,4.0,detector_qspace_per_pixel,detector_qr_band_per_qz_bin_fast,False,7,4.182014854841658,4.182014854841658,0,0,saved_q_group_rows_no_fit_points,+,+,0.13,4,0.5357620214916221,0.5598954458831366,0.5478287336873793,403,403.0,pixel_count,3787.476080979914,3787.476080979914,118.11678898334503,9.398203674888125,9.398203674888125,0.29309376918944174,3787.476080979914,3787.476080979914,118.11678898334503,9.398203674888125,,0,,,,False,9.398203674888125,0.29309376918944174,60.656036376953125,61.44312286376953,61.06354481031256,9.48235322650702
PbI2,4.0,4.0,detector_qspace_per_pixel,detector_qr_band_per_qz_bin_fast,False,7,4.182014854841658,4.182014854841658,0,0,saved_q_group_rows_no_fit_points,+,+,0.13,5,0.5598954458831366,0.5840288702746511,0.5719621580788938,371,371.0,pixel_count,3573.546002630622,3573.546002630622,109.56411883234978,9.632199468007068,9.632199468007068,0.2953210750198107,3573.546002630622,3573.546002630622,109.56411883234978,9.632199468007068,,0,,,,False,9.632199468007068,0.2953210750198107,60.729679107666016,61.46201705932617,61.113097097792426,9.714449847040118
PbI2,4.0,4.0,detector_qspace_per_pixel,detector_qr_band_per_qz_bin_fast,False,7,4.182014854841658,4.182014854841658,0,0,saved_q_group_rows_no_fit_points,+,+,0.13,6,0.5840288702746511,0.6081622946661657,0.5960955824704084,344,344.0,pixel_count,3534.941422321015,3534.941422321015,102.3705222606659,10.275992506747137,10.275992506747137,0.2975887275019357,3534.941422321015,3534.941422321015,102.3705222606659,10.275992506747137,,0,,,,False,10.275992506747137,0.2975887275019357,60.80626678466797,61.48416519165039,61.16282894192137,9.873612459994636
PbI2,4.0,4.0,detector_qspace_per_pixel,detector_qr_band_per_qz_bin_fast,False,7,4.182014854841658,4.182014854841658,0,0,saved_q_group_rows_no_fit_points,+,+,0.13,7,0.6081622946661657,0.6322957190576802,0.620229006861923,309,309.0,pixel_count,2989.640662578384,2989.640662578384,92.6678401529789,9.67521250025367,9.67521250025367,0.2998959228251744,2989.640662578384,2989.640662578384,92.6678401529789,9.67521250025367,,0,,,,False,9.67521250025367,0.2998959228251744,60.89923858642578,61.505130767822266,61.216342425428806,9.748252102764493
PbI2,4.0,4.0,detector_qspace_per_pixel,detector_qr_band_per_qz_bin_fast,False,7,4.182014854841658,4.182014854841658,0,0,saved_q_group_rows_no_fit_points,+,+,0.13,8,0.6322957190576802,0.6564291434491947,0.6443624312534375,281,281.0,pixel_count,2647.330954818145,2647.330954818145,84.93270027637482,9.421106600776318,9.421106600776318,0.3022516024070278,2647.330954818145,2647.330954818145,84.93270027637482,9.421106600776318,,0,,,,False,9.421106600776318,0.3022516024070278,60.9773063659668,61.529563903808594,61.27082679914163,9.567998228146525
PbI2,4.0,4.0,detector_qspace_per_pixel,detector_qr_band_per_qz_bin_fast,False,7,4.182014854841658,4.182014854841658,0,0,saved_q_group_rows_no_fit_points,+,+,0.13,9,0.6564291434491947,0.6805625678407091,0.6684958556449518,245,245.0,pixel_count,2340.7486349854116,2340.7486349854116,74.64041113853455,9.554076061164945,9.554076061164945,0.3046547393409573,2340.7486349854116,2340.7486349854116,74.64041113853455,9.554076061164945,,0,,,,False,9.554076061164945,0.3046547393409573,61.073875427246094,61.55518341064453,61.3251681872243,9.527116133621016
PbI2,4.0,4.0,detector_qspace_per_pixel,detector_qr_band_per_qz_bin_fast,False,7,4.182014854841658,4.182014854841658,0,0,saved_q_group_rows_no_fit_points,+,+,0.13,10,0.6805625678407091,0.7046959922322237,0.6926292800364664,210,210.0,pixel_count,1998.5259512561588,1998.5259512561588,64.48963469266891,9.516790244076947,9.516790244076947,0.3070934985365186,1998.5259512561588,1998.5259512561588,64.48963469266891,9.516790244076947,,0,,,,False,9.516790244076947,0.3070934985365186,61.170989990234375,61.57925033569336,61.386064086925884,9.552799005442075
PbI2,4.0,4.0,detector_qspace_per_pixel,detector_qr_band_per_qz_bin_fast,False,7,4.182014854841658,4.182014854841658,0,0,saved_q_group_rows_no_fit_points,+,+,0.13,11,0.7046959922322237,0.7288294166237382,0.716762704427981,176,176.0,pixel_count,1696.1626361909598,1696.1626361909598,54.487053245306015,9.637287705630454,9.637287705630454,0.30958552980287507,1696.1626361909598,1696.1626361909598,54.487053245306015,9.637287705630454,,0,,,,False,9.637287705630454,0.30958552980287507,61.24837112426758,61.60710144042969,61.44514544945814,9.579425078251983
PbI2,4.0,4.0,detector_qspace_per_pixel,detector_qr_band_per_qz_bin_fast,False,7,4.182014854841658,4.182014854841658,0,0,saved_q_group_rows_no_fit_points,+,+,0.13,12,0.7288294166237382,0.7529628410152527,0.7408961288194955,137,137.0,pixel_count,1308.6749361731954,1308.6749361731954,42.760116279125214,9.552371796884637,9.552371796884637,0.31211763707390666,1308.6749361731954,1308.6749361731954,42.760116279125214,9.552371796884637,,0,,,,False,9.552371796884637,0.31211763707390666,61.346527099609375,61.63611602783203,61.50600596614886,9.592195542296501
PbI2,4.0,4.0,detector_qspace_per_pixel,detector_qr_band_per_qz_bin_fast,False,7,4.182014854841658,4.182014854841658,0,0,saved_q_group_rows_no_fit_points,+,+,0.13,13,0.7529628410152527,0.7770962654067672,0.76502955321101,99,99.0,pixel_count,947.0878851710847,947.0878851710847,31.15302085876465,9.566544294657422,9.566544294657422,0.3146769783713601,947.0878851710847,947.0878851710847,31.15302085876465,9.566544294657422,,0,,,,False,9.566544294657422,0.3146769783713601,61.44514465332031,61.6632080078125,61.568377543460414,9.636575740138003
PbI2,4.0,4.0,detector_qspace_per_pixel,detector_qr_band_per_qz_bin_fast,False,7,4.182014854841658,4.182014854841658,0,0,saved_q_group_rows_no_fit_points,+,+,0.13,14,0.7770962654067672,0.8012296897982817,0.7891629776025244,60,60.0,pixel_count,593.6389435048462,593.6389435048462,19.035953015089035,9.893982391747437,9.893982391747437,0.3172658835848173,593.6389435048462,593.6389435048462,19.035953015089035,9.893982391747437,,0,,,,False,9.893982391747437,0.3172658835848173,61.547306060791016,61.69438934326172,61.63419575294818,9.648640295492655
PbI2,4.0,4.0,detector_qspace_per_pixel,detector_qr_band_per_qz_bin_fast,False,7,4.182014854841658,4.182014854841658,0,0,saved_q_group_rows_no_fit_points,+,+,0.13,15,0.8012296897982817,0.8253631141897962,0.813296401994039,20,20.0,pixel_count,188.13152181171074,188.13152181171074,6.393269032239914,9.406576090585537,9.406576090585537,0.3196634516119957,188.13152181171074,188.13152181171074,6.393269032239914,9.406576090585537,,0,,,,False,9.406576090585537,0.3196634516119957,61.6468620300293,61.72341537475586,61.69237631979526,9.533828384263785
PbI2,4.0,4.0,detector_qspace_per_pixel,detector_phi_two_theta_roi_per_qz_bin,False,0,0.0,0.0,0,0,original,qz,m = 0,1e-09,1,0.3476065886760247,0.3783380864115029,0.3629723375437638,132,132.0,pixel_count,16902.107748751954,16902.107748751954,203.92313408851624,128.04627082387844,128.04627082387844,1.544872227943305,16902.107748751954,16902.107748751954,203.92313408851624,128.04627082387844,,0,,,50.0,False,128.04627082387844,1.544872227943305,5.000851983093731,5.433348397116486,5.217496146557374,126.50731813827912
PbI2,4.0,4.0,detector_qspace_per_pixel,detector_phi_two_theta_roi_per_qz_bin,False,0,0.0,0.0,0,0,original,qz,m = 0,1e-09,2,0.3783380864115029,0.4090695841469811,0.393703835279242,157,157.0,pixel_count,19516.330014733747,19516.330014733747,270.016597032547,124.30783448874998,124.30783448874998,1.719850936513038,19516.330014733747,19516.330014733747,270.016597032547,124.30783448874998,,0,,,50.0,False,124.30783448874998,1.719850936513038,5.437504952966858,5.90413493693115,5.65686190513411,123.2438448716888
PbI2,4.0,4.0,detector_qspace_per_pixel,detector_phi_two_theta_roi_per_qz_bin,False,0,0.0,0.0,0,0,original,qz,m = 0,1e-09,3,0.4090695841469811,0.4398010818824593,0.4244353330147202,141,141.0,pixel_count,16541.142956625386,16541.142956625386,270.5265965461731,117.31307061436445,117.31307061436445,1.9186283442991,16541.142956625386,16541.142956625386,270.5265965461731,117.31307061436445,,0,,,50.0,False,117.31307061436445,1.9186283442991,5.891396060013331,6.35290667284247,6.075322419058869,119.06922922037694
PbI2,4.0,4.0,detector_qspace_per_pixel,detector_phi_two_theta_roi_per_qz_bin,False,0,0.0,0.0,0,0,original,qz,m = 0,1e-09,4,0.4398010818824593,0.4705325796179375,0.45516683075019837,178,178.0,pixel_count,20672.195797237582,20672.195797237582,384.2681083679199,116.13593144515495,116.13593144515495,2.1588095975725836,20672.195797237582,20672.195797237582,384.2681083679199,116.13593144515495,,0,,,50.0,False,116.13593144515495,2.1588095975725836,6.26907586313884,6.737170811358245,6.492221346754336,115.83403113940618
PbI2,4.0,4.0,detector_qspace_per_pixel,detector_phi_two_theta_roi_per_qz_bin,False,0,0.0,0.0,0,0,original,qz,m = 0,1e-09,5,0.4705325796179375,0.5012640773534157,0.4858983284856766,193,193.0,pixel_count,21720.11751504682,21720.11751504682,478.79901695251465,112.5394689898799,112.5394689898799,2.4808239220337547,21720.11751504682,21720.11751504682,478.79901695251465,112.5394689898799,,0,,,50.0,False,112.5394689898799,2.4808239220337547,6.721568668361793,7.205662327458495,6.946262574620908,113.78745839176744
PbI2,4.0,4.0,detector_qspace_per_pixel,detector_phi_two_theta_roi_per_qz_bin,False,0,0.0,0.0,0,0,original,qz,m = 0,1e-09,6,0.5012640773534157,0.531995575088894,0.5166298262211548,205,205.0,pixel_count,23037.989240338822,23037.989240338822,591.9933044910431,112.38043531872596,112.38043531872596,2.8877722170294784,23037.989240338822,23037.989240338822,591.9933044910431,112.38043531872596,,0,,,50.0,False,112.38043531872596,2.8877722170294784,7.173221426813868,7.662552445280551,7.3994938911200245,113.38161917189362
PbI2,4.0,4.0,detector_qspace_per_pixel,detector_phi_two_theta_roi_per_qz_bin,False,0,0.0,0.0,0,0,original,qz,m = 0,1e-09,7,0.531995575088894,0.5627270728243721,0.5473613239566331,218,218.0,pixel_count,24841.83166308263,24841.83166308263,744.340115070343,113.95335625267262,113.95335625267262,3.4144041975703807,24841.83166308263,24841.83166308263,744.340115070343,113.95335625267262,,0,,,50.0,False,113.95335625267262,3.4144041975703807,7.62398038434445,8.120563295379503,7.853035810122037,114.72484432179687
PbI2,4.0,4.0,detector_qspace_per_pixel,detector_phi_two_theta_roi_per_qz_bin,False,0,0.0,0.0,0,0,original,qz,m = 0,1e-09,8,0.5627270728243721,0.5934585705598503,0.5780928216921112,231,231.0,pixel_count,27438.40168584505,27438.40168584505,949.4344789981842,118.7809596789829,118.7809596789829,4.110105969689109,27438.40168584505,27438.40168584505,949.4344789981842,118.7809596789829,,0,,,50.0,False,118.7809596789829,4.110105969689109,8.073792470141685,8.575435659201734,8.305165260633133,116.17998339650481
PbI2,4.0,4.0,detector_qspace_per_pixel,detector_phi_two_theta_roi_per_qz_bin,False,0,0.0,0.0,0,0,original,qz,m = 0,1e-09,9,0.5934585705598503,0.6241900682953285,0.6088243194275894,243,243.0,pixel_count,27833.367098204268,27833.367098204268,1228.3666744232178,114.54060534240439,114.54060534240439,5.055006890630525,27833.367098204268,27833.367098204268,1228.3666744232178,114.54060534240439,,0,,,50.0,False,114.54060534240439,5.055006890630525,8.522605323654773,9.029223436307875,8.755396486478386,116.7971400557692
PbI2,4.0,4.0,detector_qspace_per_pixel,detector_phi_two_theta_roi_per_qz_bin,False,0,0.0,0.0,0,0,original,qz,m = 0,1e-09,10,0.6241900682953285,0.6549215660308068,0.6395558171630676,255,255.0,pixel_count,30056.931077833753,30056.931077833753,1628.7812366485596,117.87031795228923,117.87031795228923,6.387377398621802,30056.931077833753,30056.931077833753,1628.7812366485596,117.87031795228923,,0,,,50.0,False,117.87031795228923,6.387377398621802,8.970367322599037,9.481873502135912,9.204551049383682,118.66940153329321
PbI2,4.0,4.0,detector_qspace_per_pixel,detector_phi_two_theta_roi_per_qz_bin,False,0,0.0,0.0,0,0,original,qz,m = 0,1e-09,11,0.6549215660308068,0.685653063766285,0.6702873148985459,269,269.0,pixel_count,32858.49100231609,32858.49100231609,2248.6664185523987,122.15052417217878,122.15052417217878,8.359354715808173,32858.49100231609,32858.49100231609,2248.6664185523987,122.15052417217878,,0,,,50.0,False,122.15052417217878,8.359354715808173,9.4170276112188,9.933333619038358,9.653841567956395,122.45147421314522
PbI2,4.0,4.0,detector_qspace_per_pixel,detector_phi_two_theta_roi_per_qz_bin,False,0,0.0,0.0,0,0,original,qz,m = 0,1e-09,12,0.685653063766285,0.7163845615017632,0.7010188126340241,281,281.0,pixel_count,35541.43482564585,35541.43482564585,3213.6842107772827,126.48197446849056,126.48197446849056,11.436598614865774,35541.43482564585,35541.43482564585,3213.6842107772827,126.48197446849056,,0,,,50.0,False,126.48197446849056,11.436598614865774,9.862536128273637,10.38355245575886,10.100658347906142,127.70484261221223
PbI2,4.0,4.0,detector_qspace_per_pixel,detector_phi_two_theta_roi_per_qz_bin,False,0,0.0,0.0,0,0,original,qz,m = 0,1e-09,13,0.7163845615017632,0.7471160592372413,0.7317503103695022,293,293.0,pixel_count,39146.93587094982,39146.93587094982,4877.685490608215,133.60728966194478,133.60728966194478,16.647390752929063,39146.93587094982,39146.93587094982,4877.685490608215,133.60728966194478,,0,,,50.0,False,133.60728966194478,16.647390752929063,10.306843634390892,10.832479608389272,10.546245921191279,135.90330246290415
PbI2,4.0,4.0,detector_qspace_per_pixel,detector_phi_two_theta_roi_per_qz_bin,False,0,0.0,0.0,0,0,original,qz,m = 0,1e-09,14,0.7471160592372413,0.7778475569727196,0.7624818081049805,307,307.0,pixel_count,43806.019233266125,43806.019233266125,8152.0860023498535,142.69061639500367,142.69061639500367,26.554026066286166,43806.019233266125,43806.019233266125,8152.0860023498535,142.69061639500367,,0,,,50.0,False,142.69061639500367,26.554026066286166,10.749901738538904,11.28006562192435,10.991254516066709,160.34900401332686
PbI2,4.0,4.0,detector_qspace_per_pixel,detector_phi_two_theta_roi_per_qz_bin,False,0,0.0,0.0,0,0,original,qz,m = 0,1e-09,15,0.7778475569727196,0.8085790547081977,0.7932133058404587,319,319.0,pixel_count,52920.81073211116,52920.81073211116,15632.202056884766,165.89595840787197,165.89595840787197,49.00376820340052,52920.81073211116,52920.81073211116,15632.202056884766,165.89595840787197,,0,,,50.0,False,165.89595840787197,49.00376820340052,11.191662923447977,11.726262011801767,11.434233160298964,307.3031859602685
PbI2,4.0,4.0,detector_qspace_per_pixel,detector_phi_two_theta_roi_per_qz_bin,False,0,0.0,0.0,0,0,original,qz,m = 0,1e-09,16,0.8085790547081977,0.8393105524436759,0.8239448035759368,331,331.0,pixel_count,81286.11328696186,81286.11328696186,41674.06224822998,245.57738153160682,245.57738153160682,125.90351132395764,81286.11328696186,81286.11328696186,41674.06224822998,245.57738153160682,,0,,,50.0,False,245.57738153160682,125.90351132395764,11.63208056985481,12.171021284995716,11.875836774849617,940.5653842422357
PbI2,4.0,4.0,detector_qspace_per_pixel,detector_phi_two_theta_roi_per_qz_bin,False,0,0.0,0.0,0,0,original,qz,m = 0,1e-09,17,0.8393105524436759,0.8700420501791541,0.854676301311415,403,403.0,pixel_count,877581.7986231755,877581.7986231755,857989.9206695557,2177.6223290897656,2177.6223290897656,2129.0072473189966,877581.7986231755,877581.7986231755,857989.9206695557,2177.6223290897656,,0,,,50.0,False,2177.6223290897656,2129.0072473189966,12.071108979479742,12.685971465342567,12.352755324936311,2154.526976863466
PbI2,4.0,4.0,detector_qspace_per_pixel,detector_phi_two_theta_roi_per_qz_bin,False,0,0.0,0.0,0,0,original,qz,m = 0,1e-09,18,0.8700420501791541,0.9007735479146324,0.8854077990468933,359,359.0,pixel_count,1760593.3180250567,1760593.3180250567,1727538.2957305908,4904.159660236927,4904.159660236927,4812.084389221702,1760593.3180250567,1760593.3180250567,1727538.2957305908,4904.159660236927,,0,,,50.0,False,4904.159660236927,4812.084389221702,12.581493294385348,13.127468414421191,12.82717041081895,2637.5799739171225
PbI2,4.0,4.0,detector_qspace_per_pixel,detector_phi_two_theta_roi_per_qz_bin,False,0,0.0,0.0,0,0,original,qz,m = 0,1e-09,19,0.9007735479146324,0.9315050456501106,0.9161392967823715,372,372.0,pixel_count,202802.26240576897,202802.26240576897,180650.70092773438,545.1673720585187,545.1673720585187,485.6201637842322,202802.26240576897,202802.26240576897,180650.70092773438,545.1673720585187,,0,,,50.0,False,545.1673720585187,485.6201637842322,13.017359439885809,13.57774163637668,13.265002249664422,1564.347975268884
PbI2,4.0,4.0,detector_qspace_per_pixel,detector_phi_two_theta_roi_per_qz_bin,False,0,0.0,0.0,0,0,original,qz,m = 0,1e-09,20,0.9315050456501106,0.9622365433855888,0.9468707945178497,429,429.0,pixel_count,61177.22924216371,61177.22924216371,28391.774726867676,142.60426396774758,142.60426396774758,66.18129306962162,61177.22924216371,61177.22924216371,28391.774726867676,142.60426396774758,,0,,,50.0,False,142.60426396774758,66.18129306962162,13.4516979506738,14.088803005786287,13.72939817893773,498.95262707199856
PbI2,4.0,4.0,detector_qspace_per_pixel,detector_phi_two_theta_roi_per_qz_bin,False,0,0.0,0.0,0,0,original,qz,m = 0,1e-09,21,0.9622365433855888,0.992968041121067,0.9776022922533278,421,421.0,pixel_count,50565.51596776396,50565.51596776396,13433.808334350586,120.10811393768162,120.10811393768162,31.909283454514455,50565.51596776396,50565.51596776396,13433.808334350586,120.10811393768162,,0,,,50.0,False,120.10811393768162,31.909283454514455,13.884467182964352,14.525095922072317,14.190675222086941,167.76857004758253
PbI2,4.0,4.0,detector_qspace_per_pixel,detector_phi_two_theta_roi_per_qz_bin,False,0,0.0,0.0,0,0,original,qz,m = 0,1e-09,22,0.992968041121067,1.0236995388565453,1.008333789988806,413,413.0,pixel_count,46762.16416668054,46762.16416668054,7872.041472434998,113.22557909607879,113.22557909607879,19.060633105169487,46762.16416668054,46762.16416668054,7872.041472434998,113.22557909607879,,0,,,50.0,False,113.22557909607879,19.060633105169487,14.387327084613672,14.959675133331201,14.639870169313099,118.31005074847197
PbI2,4.0,4.0,detector_qspace_per_pixel,detector_phi_two_theta_roi_per_qz_bin,False,0,0.0,0.0,0,0,original,qz,m = 0,1e-09,23,1.0236995388565453,1.0544310365920233,1.0390652877242843,497,497.0,pixel_count,55057.43016903009,55057.43016903009,6280.166774749756,110.77953756344083,110.77953756344083,12.636150452212789,55057.43016903009,55057.43016903009,6280.166774749756,110.77953756344083,,0,,,50.0,False,110.77953756344083,12.636150452212789,14.816558220382667,15.462432319711603,15.106070097118005,112.03485122569575
PbI2,4.0,4.0,detector_qspace_per_pixel,detector_phi_two_theta_roi_per_qz_bin,False,0,0.0,0.0,0,0,original,qz,m = 0,1e-09,24,1.0544310365920233,1.0851625343275018,1.0697967854597625,439,439.0,pixel_count,48824.12777730357,48824.12777730357,3957.6448640823364,111.21669197563456,111.21669197563456,9.015136364652246,48824.12777730357,48824.12777730357,3957.6448640823364,111.21669197563456,,0,,,50.0,False,111.21669197563456,9.015136364652246,15.315183745787062,15.893174846985014,15.569693753892762,110.34933788120067
PbI2,4.0,4.0,detector_qspace_per_pixel,detector_phi_two_theta_roi_per_qz_bin,False,0,0.0,0.0,0,0,original,qz,m = 0,1e-09,25,1.0851625343275018,1.1158940320629798,1.1005282831952408,529,529.0,pixel_count,57337.54052516259,57337.54052516259,3609.8926157951355,108.38854541618637,108.38854541618637,6.823993602637307,57337.54052516259,57337.54052516259,3609.8926157951355,108.38854541618637,,0,,,50.0,False,108.38854541618637,6.823993602637307,15.740696653948453,16.391384818165086,16.031703718505565,108.93042708856089
PbI2,4.0,4.0,detector_qspace_per_pixel,detector_phi_two_theta_roi_per_qz_bin,False,0,0.0,0.0,0,0,original,qz,m = 0,1e-09,26,1.1158940320629798,1.146625529798458,1.1312597809307188,493,493.0,pixel_count,52865.18585085962,52865.18585085962,2628.7919306755066,107.2316143019465,107.2316143019465,5.332235153500013,52865.18585085962,52865.18585085962,2628.7919306755066,107.2316143019465,,0,,,50.0,False,107.2316143019465,5.332235153500013,16.234883926074296,16.897109590241378,16.508523162499007,108.02627651863128
PbI2,4.0,4.0,detector_qspace_per_pixel,detector_phi_two_theta_roi_per_qz_bin,False,0,0.0,0.0,0,0,original,qz,m = 0,1e-09,27,1.146625529798458,1.1773570275339362,1.1619912786661972,536,536.0,pixel_count,57941.230597581714,57941.230597581714,2339.967978000641,108.09931081638379,108.09931081638379,4.365611899254927,57941.230597581714,57941.230597581714,2339.967978000641,108.09931081638379,,0,,,50.0,False,108.09931081638379,4.365611899254927,16.656509285200336,17.32351340222823,16.95617732961796,107.94011139154915
PbI2,4.0,4.0,detector_qspace_per_pixel,detector_phi_two_theta_roi_per_qz_bin,False,0,0.0,0.0,0,0,original,qz,m = 0,1e-09,28,1.1773570275339362,1.2080885252694145,1.1927227764016752,579,579.0,pixel_count,62931.67751697358,62931.67751697358,2091.8260881900787,108.6902893211979,108.6902893211979,3.612825713627079,62931.67751697358,62931.67751697358,2091.8260881900787,108.6902893211979,,0,,,50.0,False,108.6902893211979,3.612825713627079,17.146067150107573,17.814229135219847,17.440472596369517,107.68118971619481
PbI2,4.0,4.0,detector_qspace_per_pixel,detector_phi_two_theta_roi_per_qz_bin,False,0,0.0,0.0,0,0,original,qz,m = 0,1e-09,29,1.2080885252694145,1.2388200230048927,1.2234542741371537,595,595.0,pixel_count,63051.628306079656,63051.628306079656,1819.8928554058075,105.96912320349522,105.96912320349522,3.058643454463542,63051.628306079656,63051.628306079656,1819.8928554058075,105.96912320349522,,0,,,50.0,False,105.96912320349522,3.058643454463542,17.633057593622656,18.302272867553583,17.92809498776339,106.87106210851287
PbI2,4.0,4.0,detector_qspace_per_pixel,detector_phi_two_theta_roi_per_qz_bin,False,0,0.0,0.0,0,0,original,qz,m = 0,1e-09,30,1.2388200230048927,1.2695515207403707,1.2541857718726317,551,551.0,pixel_count,58734.2588345306,58734.2588345306,1464.8874037265778,106.59575106085408,106.59575106085408,2.6585978289048597,58734.2588345306,58734.2588345306,1464.8874037265778,106.59575106085408,,0,,,50.0,False,106.59575106085408,2.6585978289048597,18.117430952473242,18.78759495526486,18.39479279150846,106.2457042684554
PbI2,4.0,4.0,detector_qspace_per_pixel,detector_phi_two_theta_roi_per_qz_bin,False,0,0.0,0.0,0,0,original,qz,m = 0,1e-09,31,1.2695515207403707,1.3002830184758492,1.28491726960811,611,611.0,pixel_count,64417.12129291892,64417.12129291892,1443.4272899627686,105.42900375273146,105.42900375273146,2.3624014565675426,64417.12129291892,64417.12129291892,1443.4272899627686,105.42900375273146,,0,,,50.0,False,105.42900375273146,2.3624014565675426,18.530488968754497,19.27993494217699,18.837837158898864,105.91619755362649
PbI2,4.0,4.0,detector_qspace_per_pixel,detector_phi_two_theta_roi_per_qz_bin,False,0,0.0,0.0,0,0,original,qz,m = 0,1e-09,32,1.3002830184758492,1.3310145162113272,1.3156487673435882,642,642.0,pixel_count,68050.05761300586,68050.05761300586,1355.4326293468475,105.99697447508701,105.99697447508701,2.111265777798828,68050.05761300586,68050.05761300586,1355.4326293468475,105.99697447508701,,0,,,50.0,False,105.99697447508701,2.111265777798828,19.00987718894525,19.76146286915017,19.312505530234148,105.86144536144768
PbI2,4.0,4.0,detector_qspace_per_pixel,detector_phi_two_theta_roi_per_qz_bin,False,0,0.0,0.0,0,0,original,qz,m = 0,1e-09,33,1.3310145162113272,1.3617460139468054,1.3463802650790662,666,666.0,pixel_count,70457.85647575464,70457.85647575464,1272.345789194107,105.79257729092288,105.79257729092288,1.9104291129040647,70457.85647575464,70457.85647575464,1272.345789194107,105.79257729092288,,0,,,50.0,False,105.79257729092288,1.9104291129040647,19.486517609018918,20.23822379536526,19.790836986417027,106.00961381671843
PbI2,4.0,4.0,detector_qspace_per_pixel,detector_phi_two_theta_roi_per_qz_bin,False,0,0.0,0.0,0,0,original,qz,m = 0,1e-09,34,1.3617460139468054,1.3924775116822836,1.3771117628145446,691,691.0,pixel_count,73408.88909112848,73408.88909112848,1208.2750529050827,106.2357295095926,106.2357295095926,1.74858907801025,73408.88909112848,73408.88909112848,1208.2750529050827,106.2357295095926,,0,,,50.0,False,106.2357295095926,1.74858907801025,19.960368384781162,20.71208900816207,20.27169196148965,106.22220939490748
PbI2,4.0,4.0,detector_qspace_per_pixel,detector_phi_two_theta_roi_per_qz_bin,False,0,0.0,0.0,0,0,original,qz,m = 0,1e-09,35,1.3924775116822836,1.4232090094177619,1.4078432605500226,722,722.0,pixel_count,77543.64243233856,77543.64243233856,1167.5365978479385,107.40116680379302,107.40116680379302,1.6170867006204135,77543.64243233856,77543.64243233856,1167.5365978479385,107.40116680379302,,0,,,50.0,False,107.40116680379302,1.6170867006204135,20.43138968683025,21.192591727452072,20.75471589830079,105.64610957761654
PbI2,4.0,4.0,detector_qspace_per_pixel,detector_phi_two_theta_roi_per_qz_bin,False,0,0.0,0.0,0,0,original,qz,m = 0,1e-09,36,1.4232090094177619,1.45394050715324,1.438574758285501,772,772.0,pixel_count,79997.52259542141,79997.52259542141,1164.6601268053055,103.62373393189301,103.62373393189301,1.5086271072607584,79997.52259542141,79997.52259542141,1164.6601268053055,103.62373393189301,,0,,,50.0,False,103.62373393189301,1.5086271072607584,20.899543689759504,21.66229832391933,21.241877687157526,103.40692072486783
PbI2,4.0,4.0,detector_qspace_per_pixel,detector_phi_two_theta_roi_per_qz_bin,False,0,0.0,0.0,0,0,original,qz,m = 0,1e-09,37,1.45394050715324,1.4846720048887183,1.469306256020979,735,735.0,pixel_count,73128.19132181164,73128.19132181164,1044.2436074018478,99.49413785280495,99.49413785280495,1.420739601907276,73128.19132181164,73128.19132181164,1044.2436074018478,99.49413785280495,,0,,,50.0,False,99.49413785280495,1.420739601907276,21.431019979046773,22.127133125465203,21.731648225834675,100.65707551931627
PbI2,4.0,4.0,detector_qspace_per_pixel,detector_phi_two_theta_roi_per_qz_bin,False,0,0.0,0.0,0,0,original,qz,m = 0,1e-09,38,1.4846720048887183,1.5154035026241965,1.5000377537564575,781,781.0,pixel_count,77295.8875315655,77295.8875315655,1055.3538991212845,98.9704065705064,98.9704065705064,1.3512854022039493,77295.8875315655,77295.8875315655,1055.3538991212845,98.9704065705064,,0,,,50.0,False,98.9704065705064,1.3512854022039493,21.89291163286002,22.653060355401433,22.208311030442268,98.5892303555718
PbI2,4.0,4.0,detector_qspace_per_pixel,detector_phi_two_theta_roi_per_qz_bin,False,0,0.0,0.0,0,0,original,qz,m = 0,1e-09,39,1.5154035026241965,1.5461350003596748,1.5307692514919355,850,850.0,pixel_count,82311.93413427658,82311.93413427658,1098.3029356002808,96.83756956973716,96.83756956973716,1.2921211007062126,82311.93413427658,82311.93413427658,1098.3029356002808,96.83756956973716,,0,,,50.0,False,96.83756956973716,1.2921211007062126,22.35182998802449,23.122485917559185,22.689838191356685,96.63281764425892
PbI2,4.0,4.0,detector_qspace_per_pixel,detector_phi_two_theta_roi_per_qz_bin,False,0,0.0,0.0,0,0,original,qz,m = 0,1e-09,40,1.5461350003596748,1.576866498095153,1.561500749227414,819,819.0,pixel_count,77277.93034750596,77277.93034750596,1019.4241477251053,94.35644731075209,94.35644731075209,1.2447181290904827,77277.93034750596,77277.93034750596,1019.4241477251053,94.35644731075209,,0,,,50.0,False,94.35644731075209,1.2447181290904827,22.872629329023777,23.64075533657181,23.18857715930048,94.37626198482155
PbI2,4.0,4.0,detector_qspace_per_pixel,detector_phi_two_theta_roi_per_qz_bin,False,0,0.0,0.0,0,0,original,qz,m = 0,1e-09,41,1.576866498095153,1.6075979958306312,1.592232246962892,893,893.0,pixel_count,82121.37663586158,82121.37663586158,1077.0441759824753,91.96122803567927,91.96122803567927,1.2060965016601066,82121.37663586158,82121.37663586158,1077.0441759824753,91.96122803567927,,0,,,50.0,False,91.96122803567927,1.2060965016601066,23.325078782854458,24.154982932794628,23.663049617172767,92.05638426873335
PbI2,4.0,4.0,detector_qspace_per_pixel,detector_phi_two_theta_roi_per_qz_bin,False,0,0.0,0.0,0,0,original,qz,m = 0,1e-09,42,1.6075979958306312,1.6383294935661092,1.6229637446983702,898,898.0,pixel_count,80711.51867595315,80711.51867595315,1056.0323001146317,89.8791967438231,89.8791967438231,1.1759825168314384,80711.51867595315,80711.51867595315,1056.0323001146317,89.8791967438231,,0,,,50.0,False,89.8791967438231,1.1759825168314384,23.838415239191175,24.613793561415658,24.166000834009896,89.84809953041284
PbI2,4.0,4.0,detector_qspace_per_pixel,detector_phi_two_theta_roi_per_qz_bin,False,0,0.0,0.0,0,0,original,qz,m = 0,1e-09,43,1.6383294935661092,1.6690609913015875,1.6536952424338485,935,935.0,pixel_count,81605.32699858677,81605.32699858677,1077.3454883098602,87.278424597419,87.278424597419,1.152241163967765,81605.32699858677,81605.32699858677,1077.3454883098602,87.278424597419,,0,,,50.0,False,87.278424597419,1.152241163967765,24.284278032735223,25.120169573246176,24.649943120776953,87.9943822789288
PbI2,4.0,4.0,detector_qspace_per_pixel,detector_phi_two_theta_roi_per_qz_bin,False,0,0.0,0.0,0,0,original,qz,m = 0,1e-09,44,1.6690609913015875,1.6997924890370657,1.6844267401693265,978,978.0,pixel_count,85020.98499804176,85020.98499804176,1109.2679283618927,86.93352249288525,86.93352249288525,1.134220785646107,85020.98499804176,85020.98499804176,1109.2679283618927,86.93352249288525,,0,,,50.0,False,86.93352249288525,1.134220785646107,24.79002742290747,25.631379487845777,25.143520225224457,86.61547203793995
PbI2,4.0,4.0,detector_qspace_per_pixel,detector_phi_two_theta_roi_per_qz_bin,False,0,0.0,0.0,0,0,original,qz,m = 0,1e-09,45,1.6997924890370657,1.730523986772544,1.715158237904805,1009,1009.0,pixel_count,86264.26808594167,86264.26808594167,1131.77725148201,85.4948147531632,85.4948147531632,1.1216821124697818,86264.26808594167,86264.26808594167,1131.77725148201,85.4948147531632,,0,,,50.0,False,85.4948147531632,1.1216821124697818,25.291686628371984,26.131050513095456,25.64234806287735,85.03524315070146
PbI2,4.0,4.0,detector_qspace_per_pixel,detector_phi_two_theta_roi_per_qz_bin,False,0,0.0,0.0,0,0,original,qz,m = 0,1e-09,46,1.730523986772544,1.7612554845080222,1.745889735640283,1039,1039.0,pixel_count,86455.33236671705,86455.33236671705,1157.380833029747,83.2101370228268,83.2101370228268,1.1139372791431637,86455.33236671705,86455.33236671705,1157.380833029747,83.2101370228268,,0,,,50.0,False,83.2101370228268,1.1139372791431637,25.789229087329694,26.62479104790093,26.14090818989692,82.62380284719423
PbI2,4.0,4.0,detector_qspace_per_pixel,detector_phi_two_theta_roi_per_qz_bin,False,0,0.0,0.0,0,0,original,qz,m = 0,1e-09,47,1.7612554845080222,1.7919869822435004,1.7766212333757614,1074,1074.0,pixel_count,85333.01141121611,85333.01141121611,1192.5922768115997,79.45345569014535,79.45345569014535,1.1104211143497205,85333.01141121611,85333.01141121611,1192.5922768115997,79.45345569014535,,0,,,50.0,False,79.45345569014535,1.1104211143497205,26.28263115535458,27.124738174362903,26.639535487280988,79.49964419193954
PbI2,4.0,4.0,detector_qspace_per_pixel,detector_phi_two_theta_roi_per_qz_bin,False,0,0.0,0.0,0,0,original,qz,m = 0,1e-09,48,1.7919869822435004,1.8227184799789786,1.8073527311112394,1123,1123.0,pixel_count,84904.37908025738,84904.37908025738,1247.5698206424713,75.60496801447674,75.60496801447674,1.1109259311152906,84904.37908025738,84904.37908025738,1247.5698206424713,75.60496801447674,,0,,,50.0,False,75.60496801447674,1.1109259311152906,26.771872036002094,27.668960040005544,27.14180673370477,76.57741557432394
PbI2,4.0,4.0,detector_qspace_per_pixel,detector_phi_two_theta_roi_per_qz_bin,False,0,0.0,0.0,0,0,original,qz,m = 0,1e-09,49,1.8227184799789786,1.8534499777144569,1.8380842288467178,1170,1170.0,pixel_count,87297.50373437535,87297.50373437535,1304.172422170639,74.61325105502166,74.61325105502166,1.114677283906529,87297.50373437535,87297.50373437535,1304.172422170639,74.61325105502166,,0,,,50.0,False,74.61325105502166,1.114677283906529,27.25693370911359,28.1595954135557,27.64933979439081,74.46139052322658
PbI2,4.0,4.0,detector_qspace_per_pixel,detector_phi_two_theta_roi_per_qz_bin,False,0,0.0,0.0,0,0,original,qz,m = 0,1e-09,50,1.8534499777144569,1.884181475449935,1.8688157265821959,1179,1179.0,pixel_count,85842.87980261445,85842.87980261445,1323.9239280223846,72.80990653317595,72.80990653317595,1.122921058543159,85842.87980261445,85842.87980261445,1323.9239280223846,72.80990653317595,,0,,,50.0,False,72.80990653317595,1.122921058543159,27.7976136629353,28.69355074671197,28.15823741850569,72.54520525634004
PbI2,4.0,4.0,detector_qspace_per_pixel,detector_phi_two_theta_roi_per_qz_bin,False,0,0.0,0.0,0,0,original,qz,m = 0,1e-09,51,1.884181475449935,1.914912973185413,1.899547224317674,1254,1254.0,pixel_count,88360.42335268296,88360.42335268296,1420.1995215415955,70.46285753802469,70.46285753802469,1.1325355036216869,88360.42335268296,88360.42335268296,1420.1995215415955,70.46285753802469,,0,,,50.0,False,70.46285753802469,1.1325355036216869,28.273746929112086,29.174823917380316,28.661692629772087,70.28176137662192
PbI2,4.0,4.0,detector_qspace_per_pixel,detector_phi_two_theta_roi_per_qz_bin,False,0,0.0,0.0,0,0,original,qz,m = 0,1e-09,52,1.914912973185413,1.9456444709208913,1.9302787220531523,1307,1307.0,pixel_count,88366.7119546067,88366.7119546067,1498.7103301286697,67.61033814430505,67.61033814430505,1.1466796711007419,88366.7119546067,88366.7119546067,1498.7103301286697,67.61033814430505,,0,,,50.0,False,67.61033814430505,1.1466796711007419,28.80435409746654,29.698471814922662,29.18023537641155,67.81516726519874
PbI2,4.0,4.0,detector_qspace_per_pixel,detector_phi_two_theta_roi_per_qz_bin,False,0,0.0,0.0,0,0,original,qz,m = 0,1e-09,53,1.9456444709208913,1.9763759686563696,1.9610102197886303,1310,1310.0,pixel_count,85663.65844027046,85663.65844027046,1525.61319065094,65.39210567959577,65.39210567959577,1.1645902218709465,85663.65844027046,85663.65844027046,1525.61319065094,65.39210567959577,,0,,,50.0,False,65.39210567959577,1.1645902218709465,29.329612088747528,30.226561636798838,29.69841813290101,65.50386094482536
PbI2,4.0,4.0,detector_qspace_per_pixel,detector_phi_two_theta_roi_per_qz_bin,False,0,0.0,0.0,0,0,original,qz,m = 0,1e-09,54,1.9763759686563696,2.007107466391848,1.9917417175241088,1377,1377.0,pixel_count,87101.78059852589,87101.78059852589,1629.1428549289703,63.25474262783289,63.25474262783289,1.1831102795417359,87101.78059852589,87101.78059852589,1629.1428549289703,63.25474262783289,,0,,,50.0,False,63.25474262783289,1.1831102795417359,29.7920120995616,30.74747438578728,30.205532391085477,63.474593944375485
PbI2,4.0,4.0,detector_qspace_per_pixel,detector_phi_two_theta_roi_per_qz_bin,False,0,0.0,0.0,0,0,original,qz,m = 0,1e-09,55,2.007107466391848,2.0378389641273262,2.022473215259587,1445,1445.0,pixel_count,89482.5034403447,89482.5034403447,1741.4092419147491,61.92560791719357,61.92560791719357,1.2051275030551898,89482.5034403447,89482.5034403447,1741.4092419147491,61.92560791719357,,0,,,50.0,False,61.92560791719357,1.2051275030551898,30.30715139484213,31.311238373286567,30.723615353746297,61.56307784838518
PbI2,4.0,4.0,detector_qspace_per_pixel,detector_phi_two_theta_roi_per_qz_bin,False,0,0.0,0.0,0,0,original,qz,m = 0,1e-09,56,2.0378389641273262,2.0685704618628042,2.0532047129950652,1484,1484.0,pixel_count,87812.6600108752,87812.6600108752,1827.2993414402008,59.172951489808085,59.172951489808085,1.2313337880324804,87812.6600108752,87812.6600108752,1827.2993414402008,59.172951489808085,,0,,,50.0,False,59.172951489808085,1.2313337880324804,30.816932684700177,31.82201918473461,31.249214146715154,59.66038590422174
PbI2,4.0,4.0,detector_qspace_per_pixel,detector_phi_two_theta_roi_per_qz_bin,False,0,0.0,0.0,0,0,original,qz,m = 0,1e-09,57,2.0685704618628042,2.0993019595982823,2.0839362107305432,1521,1521.0,pixel_count,88384.74307306018,88384.74307306018,1915.8112984895706,58.10962726696921,58.10962726696921,1.259573503280454,88384.74307306018,88384.74307306018,1915.8112984895706,58.10962726696921,,0,,,50.0,False,58.10962726696921,1.259573503280454,31.377076876839954,32.38091675883493,31.770034948695983,57.988755833377
PbI2,4.0,4.0,detector_qspace_per_pixel,detector_phi_two_theta_roi_per_qz_bin,False,0,0.0,0.0,0,0,original,qz,m = 0,1e-09,58,2.0993019595982823,2.1300334573337607,2.1146677084660217,1618,1618.0,pixel_count,91204.44347034954,91204.44347034954,2087.333478331566,56.368630080562134,56.368630080562134,1.290070134939163,91204.44347034954,91204.44347034954,2087.333478331566,56.368630080562134,,0,,,50.0,False,56.368630080562134,1.290070134939163,31.875562929070846,32.87062077159377,32.293332984055695,56.46410436213809
PbI2,4.0,4.0,detector_qspace_per_pixel,detector_phi_two_theta_roi_per_qz_bin,False,0,0.0,0.0,0,0,original,qz,m = 0,1e-09,59,2.1300334573337607,2.160764955069239,2.1453992062014997,1647,1647.0,pixel_count,90691.40424309857,90691.40424309857,2183.3166041374207,55.06460488348426,55.06460488348426,1.325632425098616,90691.40424309857,90691.40424309857,2183.3166041374207,55.06460488348426,,0,,,50.0,False,55.06460488348426,1.325632425098616,32.4231785956413,33.41664531291913,32.82643418994552,54.950840961182635
PbI2,4.0,4.0,detector_qspace_per_pixel,detector_phi_two_theta_roi_per_qz_bin,False,0,0.0,0.0,0,0,original,qz,m = 0,1e-09,60,2.160764955069239,2.191496452804717,2.176130703936978,1715,1715.0,pixel_count,91335.44005578104,91335.44005578104,2337.4621611833572,53.256816359056,53.256816359056,1.3629516974830072,91335.44005578104,91335.44005578104,2337.4621611833572,53.256816359056,,0,,,50.0,False,53.256816359056,1.3629516974830072,32.910415500709895,33.95589488761357,33.353960572020355,53.456933997164626
PbI2,4.0,4.0,detector_qspace_per_pixel,detector_phi_two_theta_roi_per_qz_bin,False,0,0.0,0.0,0,0,original,qz,m = 0,1e-09,61,2.191496452804717,2.222227950540195,2.206862201672456,1787,1787.0,pixel_count,93307.90051981714,93307.90051981714,2508.942085623741,52.21482961377568,52.21482961377568,1.4039966903322558,93307.90051981714,93307.90051981714,2508.942085623741,52.21482961377568,,0,,,50.0,False,52.21482961377568,1.4039966903322558,33.445569202478175,34.486940125808495,33.88599052677713,51.98624308026851
PbI2,4.0,4.0,detector_qspace_per_pixel,detector_phi_two_theta_roi_per_qz_bin,False,0,0.0,0.0,0,0,original,qz,m = 0,1e-09,62,2.222227950540195,2.252959448275673,2.237593699407934,1879,1879.0,pixel_count,94700.46324806381,94700.46324806381,2722.5113871097565,50.399395022918476,50.399395022918476,1.448915054342606,94700.46324806381,94700.46324806381,2722.5113871097565,50.399395022918476,,0,,,50.0,False,50.399395022918476,1.448915054342606,33.97420043772637,35.05576973354729,34.4235056564136,50.41463555364663
PbI2,4.0,4.0,detector_qspace_per_pixel,detector_phi_two_theta_roi_per_qz_bin,False,0,0.0,0.0,0,0,original,qz,m = 0,1e-09,63,2.252959448275673,2.2836909460111516,2.2683251971434126,1908,1908.0,pixel_count,92810.02341808286,92810.02341808286,2863.647314310074,48.642569925619945,48.642569925619945,1.500863372279913,92810.02341808286,92810.02341808286,2863.647314310074,48.642569925619945,,0,,,50.0,False,48.642569925619945,1.500863372279913,34.548197449407375,35.57434144185652,34.96800391497294,48.865256447451095
PbI2,4.0,4.0,detector_qspace_per_pixel,detector_phi_two_theta_roi_per_qz_bin,False,0,0.0,0.0,0,0,original,qz,m = 0,1e-09,64,2.2836909460111516,2.31442244374663,2.2990566948788906,2024,2024.0,pixel_count,96169.28471353743,96169.28471353743,3145.005706191063,47.5144687319849,47.5144687319849,1.5538565742050705,96169.28471353743,96169.28471353743,3145.005706191063,47.5144687319849,,0,,,50.0,False,47.5144687319849,1.5538565742050705,35.063233932645204,36.13540010324789,35.50562479351831,47.51658203365621
PbI2,4.0,4.0,detector_qspace_per_pixel,detector_phi_two_theta_roi_per_qz_bin,False,0,0.0,0.0,0,0,original,qz,m = 0,1e-09,65,2.31442244374663,2.345153941482108,2.329788192614369,2075,2075.0,pixel_count,96048.76450130437,96048.76450130437,3353.727092862129,46.288561205447884,46.288561205447884,1.6162540206564477,96048.76450130437,96048.76450130437,3353.727092862129,46.288561205447884,,0,,,50.0,False,46.288561205447884,1.6162540206564477,35.62236327547952,36.68854947523328,36.05536902966616,46.25062976991089
PbI2,4.0,4.0,detector_qspace_per_pixel,detector_phi_two_theta_roi_per_qz_bin,False,0,0.0,0.0,0,0,original,qz,m = 0,1e-09,66,2.345153941482108,2.375885439217586,2.360519690349847,2175,2175.0,pixel_count,98046.46398179606,98046.46398179606,3658.985779762268,45.07883401461888,45.07883401461888,1.682292312534376,98046.46398179606,98046.46398179606,3658.985779762268,45.07883401461888,,0,,,50.0,False,45.07883401461888,1.682292312534376,36.1239697381938,37.28152165248832,36.60081692061984,44.8887998693488
PbI2,4.0,4.0,detector_qspace_per_pixel,detector_phi_two_theta_roi_per_qz_bin,False,0,0.0,0.0,0,0,original,qz,m = 0,1e-09,67,2.375885439217586,2.4066169369530646,2.3912511880853256,2259,2259.0,pixel_count,97449.49340784177,97449.49340784177,3969.3405989408493,43.13833262852668,43.13833262852668,1.7571228857639882,97449.49340784177,97449.49340784177,3969.3405989408493,43.13833262852668,,0,,,50.0,False,43.13833262852668,1.7571228857639882,36.66842847789585,37.8183690304633,37.15301942975267,43.52393110284342
PbI2,4.0,4.0,detector_qspace_per_pixel,detector_phi_two_theta_roi_per_qz_bin,False,0,0.0,0.0,0,0,original,qz,m = 0,1e-09,68,2.4066169369530646,2.4373484346885426,2.4219826858208036,2340,2340.0,pixel_count,99232.33191681746,99232.33191681746,4309.243907690048,42.40697945163139,42.40697945163139,1.8415572255085677,99232.33191681746,99232.33191681746,4309.243907690048,42.40697945163139,,0,,,50.0,False,42.40697945163139,1.8415572255085677,37.2537222253895,38.39377194452071,37.70786055490034,42.56380957415723
PbI2,4.0,4.0,detector_qspace_per_pixel,detector_phi_two_theta_roi_per_qz_bin,False,0,0.0,0.0,0,0,original,qz,m = 0,1e-09,69,2.4373484346885426,2.468079932424021,2.4527141835562816,2456,2456.0,pixel_count,101445.38216113765,101445.38216113765,4747.5754227638245,41.305123029779175,41.305123029779175,1.9330518822328275,101445.38216113765,101445.38216113765,4747.5754227638245,41.305123029779175,,0,,,50.0,False,41.305123029779175,1.9330518822328275,37.78237280438234,38.96016137063662,38.26255906810403,42.65608574634234
PbI2,4.0,4.0,detector_qspace_per_pixel,detector_phi_two_theta_roi_per_qz_bin,False,0,0.0,0.0,0,0,original,qz,m = 0,1e-09,70,2.468079932424021,2.498811430159499,2.48344568129176,2558,2558.0,pixel_count,110813.15851118974,110813.15851118974,5214.671726465225,43.32023397622742,43.32023397622742,2.0385737789152563,110813.15851118974,110813.15851118974,5214.671726465225,43.32023397622742,,0,,,50.0,False,43.32023397622742,2.0385737789152563,38.350582155930006,39.52422724007292,38.825115478574304,44.225103254401006
PbI2,4.0,4.0,detector_qspace_per_pixel,detector_phi_two_theta_roi_per_qz_bin,False,0,0.0,0.0,0,0,original,qz,m = 0,1e-09,71,2.498811430159499,2.5295429278949775,2.5141771790272385,2664,2664.0,pixel_count,134320.03070584033,134320.03070584033,5748.46281003952,50.42043194663676,50.42043194663676,2.15783138514997,134320.03070584033,134320.03070584033,5748.46281003952,50.42043194663676,,0,,,50.0,False,50.42043194663676,2.15783138514997,38.91001287594877,40.118072041062966,39.390219912498864,44.53766071648529
PbI2,4.0,4.0,detector_qspace_per_pixel,detector_phi_two_theta_roi_per_qz_bin,False,0,0.0,0.0,0,0,original,qz,m = 0,1e-09,72,2.5295429278949775,2.5602744256304555,2.5449086767627165,2802,2802.0,pixel_count,108702.66862670518,108702.66862670518,6417.349022984505,38.79467117298543,38.79467117298543,2.29027445502659,108702.66862670518,108702.66862670518,6417.349022984505,38.79467117298543,,0,,,50.0,False,38.79467117298543,2.29027445502659,39.46076262674401,40.700492676385224,39.958011400599624,41.06868231319772
PbI2,4.0,4.0,detector_qspace_per_pixel,detector_phi_two_theta_roi_per_qz_bin,False,0,0.0,0.0,0,0,original,qz,m = 0,1e-09,73,2.5602744256304555,2.591005923365934,2.5756401744981945,2921,2921.0,pixel_count,106623.14547826163,106623.14547826163,7138.851480484009,36.50227506958632,36.50227506958632,2.4439751730516974,106623.14547826163,106623.14547826163,7138.851480484009,36.50227506958632,,0,,,50.0,False,36.50227506958632,2.4439751730516974,40.047729258149886,41.27290901681712,40.533303956669585,37.24693926268483
PbI2,4.0,4.0,detector_qspace_per_pixel,detector_phi_two_theta_roi_per_qz_bin,False,0,0.0,0.0,0,0,original,qz,m = 0,1e-09,74,2.591005923365934,2.621737421101412,2.606371672233673,3033,3033.0,pixel_count,105517.23300412297,105517.23300412297,7947.56564283371,34.78972403696768,34.78972403696768,2.6203645376965743,105517.23300412297,105517.23300412297,7947.56564283371,34.78972403696768,,0,,,50.0,False,34.78972403696768,2.6203645376965743,40.62475896644676,41.84279513259376,41.11077261297216,35.05380633729561
PbI2,4.0,4.0,detector_qspace_per_pixel,detector_phi_two_theta_roi_per_qz_bin,False,0,0.0,0.0,0,0,original,qz,m = 0,1e-09,75,2.621737421101412,2.65246891883689,2.637103169969151,3165,3165.0,pixel_count,106158.80055421498,106158.80055421498,8922.875413656235,33.54148516720852,33.54148516720852,2.8192339379640554,106158.80055421498,106158.80055421498,8922.875413656235,33.54148516720852,,0,,,50.0,False,33.54148516720852,2.8192339379640554,41.19198785588423,42.43650358717019,41.68885717822061,33.67344878248835
PbI2,4.0,4.0,detector_qspace_per_pixel,detector_phi_two_theta_roi_per_qz_bin,False,0,0.0,0.0,0,0,original,qz,m = 0,1e-09,76,2.65246891883689,2.6832004165723684,2.6678346677046294,3335,3335.0,pixel_count,108616.05708197132,108616.05708197132,10140.71210861206,32.568532858162314,32.568532858162314,3.0406932859406477,108616.05708197132,108616.05708197132,10140.71210861206,32.568532858162314,,0,,,50.0,False,32.568532858162314,3.0406932859406477,41.74955513287523,43.0250994001119,42.26955770785602,32.60466016562778
PbI2,4.0,4.0,detector_qspace_per_pixel,detector_phi_two_theta_roi_per_qz_bin,False,0,0.0,0.0,0,0,original,qz,m = 0,1e-09,77,2.6832004165723684,2.7139319143078464,2.6985661654401074,3487,3487.0,pixel_count,109889.65907520335,109889.65907520335,11507.712990760803,31.514097813364884,31.514097813364884,3.3001757931634077,109889.65907520335,109889.65907520335,11507.712990760803,31.514097813364884,,0,,,50.0,False,31.514097813364884,3.3001757931634077,42.33936992844351,43.63736620066093,42.8588847924279,31.740469249857952
PbI2,4.0,4.0,detector_qspace_per_pixel,detector_phi_two_theta_roi_per_qz_bin,False,0,0.0,0.0,0,0,original,qz,m = 0,1e-09,78,2.7139319143078464,2.744663412043325,2.7292976631755854,3680,3680.0,pixel_count,115029.90457311273,115029.90457311273,13186.979582548141,31.258126242693674,31.258126242693674,3.5834183648228644,115029.90457311273,115029.90457311273,13186.979582548141,31.258126242693674,,0,,,50.0,False,31.258126242693674,3.5834183648228644,42.918323986253,44.24309280225325,43.45032778820287,30.952047283894288
PbI2,4.0,4.0,detector_qspace_per_pixel,detector_phi_two_theta_roi_per_qz_bin,False,0,0.0,0.0,0,0,original,qz,m = 0,1e-09,79,2.744663412043325,2.775394909778803,2.760029160911064,3821,3821.0,pixel_count,114911.19332822878,114911.19332822878,14943.629858016968,30.073591554103317,30.073591554103317,3.9109211876516534,114911.19332822878,114911.19332822878,14943.629858016968,30.073591554103317,,0,,,50.0,False,30.073591554103317,3.9109211876516534,43.52678689045471,44.835524023237404,44.04933580630576,29.944317875186435
PbI2,4.0,4.0,detector_qspace_per_pixel,detector_phi_two_theta_roi_per_qz_bin,False,0,0.0,0.0,0,0,original,qz,m = 0,1e-09,80,2.775394909778803,2.8061264075142813,2.7907606586465423,4033,4033.0,pixel_count,115066.98346175067,115066.98346175067,17183.507893562317,28.531362127882637,28.531362127882637,4.260725984022394,115066.98346175067,115066.98346175067,17183.507893562317,28.531362127882637,,0,,,50.0,False,28.531362127882637,4.260725984022394,44.08382539585647,45.44866730142151,44.648033140697464,28.81938921302129
PbI2,4.0,4.0,detector_qspace_per_pixel,detector_phi_two_theta_roi_per_qz_bin,False,0,0.0,0.0,0,0,original,qz,m = 0,1e-09,81,2.8061264075142813,2.8368579052497593,2.8214921563820203,4251,4251.0,pixel_count,118531.72162045166,118531.72162045166,19714.134149312973,27.88325608573316,27.88325608573316,4.637528616634433,118531.72162045166,118531.72162045166,19714.134149312973,27.88325608573316,,0,,,50.0,False,27.88325608573316,4.637528616634433,44.7078442672562,46.090315487623876,45.254144275688,27.869199671353307
PbI2,4.0,4.0,detector_qspace_per_pixel,detector_phi_two_theta_roi_per_qz_bin,False,0,0.0,0.0,0,0,original,qz,m = 0,1e-09,82,2.8368579052497593,2.867589402985238,2.8522236541174983,4445,4445.0,pixel_count,120420.13785952888,120420.13785952888,22378.91468191147,27.091144625315835,27.091144625315835,5.034626475120691,120420.13785952888,120420.13785952888,22378.91468191147,27.091144625315835,,0,,,50.0,False,27.091144625315835,5.034626475120691,45.31869292914629,46.68198329783341,45.865373435743976,26.99675404993451
PbI2,4.0,4.0,detector_qspace_per_pixel,detector_phi_two_theta_roi_per_qz_bin,False,0,0.0,0.0,0,0,original,qz,m = 0,1e-09,83,2.867589402985238,2.898320900720716,2.882955151852977,4703,4703.0,pixel_count,122417.7443238236,122417.7443238236,25514.02129983902,26.029713868557007,26.029713868557007,5.425052370792902,122417.7443238236,122417.7443238236,25514.02129983902,26.029713868557007,,0,,,50.0,False,26.029713868557007,5.425052370792902,45.91664942934547,47.33019144151258,46.47893495873766,26.065061309738358
PbI2,4.0,4.0,detector_qspace_per_pixel,detector_phi_two_theta_roi_per_qz_bin,False,0,0.0,0.0,0,0,original,qz,m = 0,1e-09,84,2.898320900720716,2.929052398456194,2.913686649588455,4944,4944.0,pixel_count,124074.69434523024,124074.69434523024,28698.63294315338,25.096014228404176,25.096014228404176,5.804739672967917,124074.69434523024,124074.69434523024,28698.63294315338,25.096014228404176,,0,,,50.0,False,25.096014228404176,5.804739672967917,46.50199144151222,47.96287132440248,47.09962959499342,25.144086179329793
PbI2,4.0,4.0,detector_qspace_per_pixel,detector_phi_two_theta_roi_per_qz_bin,False,0,0.0,0.0,0,0,original,qz,m = 0,1e-09,85,2.929052398456194,2.9597838961916723,2.9444181473239333,5238,5238.0,pixel_count,127059.59511642344,127059.59511642344,32187.903173923492,24.257272836277863,24.257272836277863,6.145075061841064,127059.59511642344,127059.59511642344,32187.903173923492,24.257272836277863,,0,,,50.0,False,24.257272836277863,6.145075061841064,47.14576731242047,48.619108770093646,47.724268403821675,24.308400394894324
PbI2,4.0,4.0,detector_qspace_per_pixel,detector_phi_two_theta_roi_per_qz_bin,False,0,0.0,0.0,0,0,original,qz,m = 0,1e-09,86,2.9597838961916723,2.9905153939271503,2.9751496450594113,5505,5505.0,pixel_count,129443.50754765049,129443.50754765049,35448.128584861755,23.513807002297998,23.513807002297998,6.43926041505209,129443.50754765049,129443.50754765049,35448.128584861755,23.513807002297998,,0,,,50.0,False,23.513807002297998,6.43926041505209,47.77431931402925,49.25308531785267,48.35606236971656,23.582502138440173
PbI2,4.0,4.0,detector_qspace_per_pixel,detector_phi_two_theta_roi_per_qz_bin,False,0,0.0,0.0,0,0,original,qz,m = 0,1e-09,87,2.9905153939271503,3.0212468916626287,3.0058811427948893,5841,5841.0,pixel_count,133857.663255563,133857.663255563,38917.679852962494,22.916908621051704,22.916908621051704,6.662845378011042,133857.663255563,133857.663255563,38917.679852962494,22.916908621051704,,0,,,50.0,False,22.916908621051704,6.662845378011042,48.3880351177716,49.9079086565149,48.98991942457402,22.983137610576982
PbI2,4.0,4.0,detector_qspace_per_pixel,detector_phi_two_theta_roi_per_qz_bin,False,0,0.0,0.0,0,0,original,qz,m = 0,1e-09,88,3.0212468916626287,3.0519783893981067,3.0366126405303677,6205,6205.0,pixel_count,139291.40622779727,139291.40622779727,42296.23541641235,22.448252413827117,22.448252413827117,6.816476295956866,139291.40622779727,139291.40622779727,42296.23541641235,22.448252413827117,,0,,,50.0,False,22.448252413827117,6.816476295956866,49.02017416047627,50.54007808955839,49.6319543205647,22.507181470778363
PbI2,4.0,4.0,detector_qspace_per_pixel,detector_phi_two_theta_roi_per_qz_bin,False,0,0.0,0.0,0,0,original,qz,m = 0,1e-09,89,3.0519783893981067,3.082709887133585,3.067344138265846,6554,6554.0,pixel_count,145172.57847341523,145172.57847341523,45180.93117427826,22.15022558337126,22.15022558337126,6.893642229825795,145172.57847341523,145172.57847341523,45180.93117427826,22.15022558337126,,0,,,50.0,False,22.15022558337126,6.893642229825795,49.66867494123589,51.220055523404994,50.28122394503049,22.10450435758282
PbI2,4.0,4.0,detector_qspace_per_pixel,detector_phi_two_theta_roi_per_qz_bin,False,0,0.0,0.0,0,0,original,qz,m = 0,1e-09,90,3.082709887133585,3.113441384869063,3.098075636001324,6979,6979.0,pixel_count,151046.82785325125,151046.82785325125,48106.49301671982,21.643047406971093,21.643047406971093,6.893035250998684,151046.82785325125,151046.82785325125,48106.49301671982,21.643047406971093,,0,,,50.0,False,21.643047406971093,6.893035250998684,50.30033448282781,51.88052261032879,50.934030143934976,21.76802737829416
PbI2,4.0,4.0,detector_qspace_per_pixel,detector_phi_two_theta_roi_per_qz_bin,False,0,0.0,0.0,0,0,original,qz,m = 0,1e-09,91,3.113441384869063,3.1441728826045416,3.128807133736802,7426,7426.0,pixel_count,158852.81079471298,158852.81079471298,50652.067632198334,21.391436950540395,21.391436950540395,6.820908649636189,158852.81079471298,158852.81079471298,50652.067632198334,21.391436950540395,,0,,,50.0,False,21.391436950540395,6.820908649636189,50.94599848553168,52.549976027946045,51.594216279787545,21.771305374150636
PbI2,4.0,4.0,detector_qspace_per_pixel,detector_phi_two_theta_roi_per_qz_bin,False,0,0.0,0.0,0,0,original,qz,m = 0,1e-09,92,3.1441728826045416,3.1749043803400196,3.1595386314722806,7916,7916.0,pixel_count,171609.90953030065,171609.90953030065,52861.20121860504,21.678866792609984,21.678866792609984,6.677766702704022,171609.90953030065,171609.90953030065,52861.20121860504,21.678866792609984,,0,,,50.0,False,21.678866792609984,6.677766702704022,51.60370155770823,53.25354219902756,52.261121515381205,22.987614664021216
PbI2,4.0,4.0,detector_qspace_per_pixel,detector_phi_two_theta_roi_per_qz_bin,False,0,0.0,0.0,0,0,original,qz,m = 0,1e-09,93,3.1749043803400196,3.2056358780754977,3.1902701292077587,8466,8466.0,pixel_count,201757.43187286146,201757.43187286146,54766.008860588074,23.831494433364217,23.831494433364217,6.468935608385078,201757.43187286146,201757.43187286146,54766.008860588074,23.831494433364217,,0,,,50.0,False,23.831494433364217,6.468935608385078,52.271512357656114,53.939285464309386,52.936152160783614,26.33594704671311
PbI2,4.0,4.0,detector_qspace_per_pixel,detector_phi_two_theta_roi_per_qz_bin,False,0,0.0,0.0,0,0,original,qz,m = 0,1e-09,94,3.2056358780754977,3.236367375810976,3.221001626943237,9051,9051.0,pixel_count,340429.9104953576,340429.9104953576,56154.2420296669,37.61240862836787,37.61240862836787,6.204203074761562,340429.9104953576,340429.9104953576,56154.2420296669,37.61240862836787,,0,,,50.0,False,37.61240862836787,6.204203074761562,52.94754507027294,54.65363362158535,53.61781617536338,28.320553967407534
PbI2,4.0,4.0,detector_qspace_per_pixel,detector_phi_two_theta_roi_per_qz_bin,False,0,0.0,0.0,0,0,original,qz,m = 0,1e-09,95,3.236367375810976,3.267098873546454,3.251733124678715,9239,9239.0,pixel_count,194172.5891661588,194172.5891661588,54971.895738601685,21.016624003264294,21.016624003264294,5.949983303236463,194172.5891661588,194172.5891661588,54971.895738601685,21.016624003264294,,0,,,50.0,False,21.016624003264294,5.949983303236463,53.62996992866885,54.99997081620298,54.26908763099926,25.005260514040966
PbI2,4.0,4.0,detector_qspace_per_pixel,detector_phi_two_theta_roi_per_qz_bin,False,0,0.0,0.0,0,0,original,qz,m = 0,1e-09,96,3.267098873546454,3.2978303712819326,3.282464622414193,5678,5678.0,pixel_count,115893.17596248351,115893.17596248351,34227.94774675369,20.410915104347218,20.410915104347218,6.0281697334895545,115893.17596248351,115893.17596248351,34227.94774675369,20.410915104347218,,0,,,50.0,False,20.410915104347218,6.0281697334895545,54.29101391047103,54.99991579190891,54.717990521221886,21.501536615960035
