L,parratt_trace,kinematic_trace
2.014354066985642455e-01,6.855917355764606924e-01,nan
2.030303030303026723e-01,6.791523583507206308e-01,nan
2.046251993620411269e-01,6.664544801669809448e-01,nan
2.062200956937795537e-01,6.539940098467147411e-01,nan
2.078149920255180083e-01,6.478514122711528378e-01,nan
2.094098883572564351e-01,6.357387571164831996e-01,nan
2.110047846889948620e-01,6.357387571164831996e-01,nan
2.125996810207333165e-01,6.357387571164831996e-01,nan
2.141945773524717433e-01,6.357387571164831996e-01,nan
2.157894736842101702e-01,6.297676208532171360e-01,nan
2.173843700159486247e-01,6.297676208532171360e-01,nan
2.189792663476870516e-01,6.297676208532171360e-01,nan
2.205741626794255061e-01,6.297676208532171360e-01,nan
2.221690590111639330e-01,6.297676208532171360e-01,nan
2.237639553429023598e-01,6.238525681114845955e-01,nan
2.253588516746408144e-01,6.179930721303396046e-01,nan
2.269537480063792412e-01,6.064386680974027666e-01,nan
2.285486443381176680e-01,6.007427310761213057e-01,nan
2.301435406698561226e-01,6.986542336182587944e-04,nan
2.317384370015945494e-01,8.929346421914826437e-07,nan
2.333333333333329762e-01,8.929346421914826437e-07,nan
2.349282296650714308e-01,8.929346421914826437e-07,nan
2.365231259968098576e-01,8.929346421914826437e-07,nan
2.381180223285483122e-01,8.929346421914826437e-07,nan
2.397129186602867390e-01,8.929346421914826437e-07,nan
2.413078149920251658e-01,8.929346421914826437e-07,nan
2.429027113237636204e-01,8.929346421914826437e-07,nan
2.444976076555020472e-01,8.680097234317461426e-07,nan
2.460925039872404740e-01,8.437805460463764546e-07,nan
2.476874003189789286e-01,8.358553903745894960e-07,nan
2.492822966507173554e-01,8.358553903745894960e-07,nan
2.508771929824558100e-01,8.358553903745894960e-07,nan
2.524720893141942368e-01,8.358553903745894960e-07,nan
2.540669856459326637e-01,8.358553903745894960e-07,nan
2.556618819776710905e-01,8.358553903745894960e-07,nan
2.572567783094095173e-01,9.014009942968718834e-07,nan
2.588516746411479996e-01,9.014009942968718834e-07,nan
2.604465709728864264e-01,9.014009942968718834e-07,nan
2.620414673046248533e-01,9.014009942968718834e-07,nan
2.636363636363632801e-01,9.014009942968718834e-07,nan
2.652312599681017069e-01,9.014009942968718834e-07,nan
2.668261562998401892e-01,9.014009942968718834e-07,nan
2.684210526315786161e-01,9.014009942968718834e-07,nan
2.700159489633170429e-01,9.014009942968718834e-07,nan
2.716108452950554697e-01,9.014009942968718834e-07,nan
2.732057416267938965e-01,9.014009942968718834e-07,nan
2.748006379585323233e-01,8.680097234317461426e-07,nan
2.763955342902708057e-01,8.358553903745894960e-07,nan
2.779904306220092325e-01,8.358553903745894960e-07,nan
2.795853269537476593e-01,8.358553903745894960e-07,nan
2.811802232854860861e-01,8.358553903745894960e-07,nan
2.827751196172245129e-01,8.358553903745894960e-07,nan
2.843700159489629953e-01,8.358553903745894960e-07,nan
2.859649122807014221e-01,8.358553903745894960e-07,nan
2.875598086124398489e-01,8.517808440132843476e-07,nan
2.891547049441782757e-01,8.680097234317461426e-07,nan
2.907496012759167026e-01,8.680097234317461426e-07,nan
2.923444976076551849e-01,8.762397501349740215e-07,nan
2.939393939393936117e-01,8.762397501349740215e-07,nan
2.955342902711320385e-01,8.845478097653788216e-07,nan
2.971291866028704654e-01,8.845478097653788216e-07,nan
2.987240829346088922e-01,8.845478097653788216e-07,nan
3.003189792663473190e-01,8.845478097653788216e-07,nan
3.019138755980858013e-01,8.845478097653788216e-07,nan
3.035087719298242281e-01,8.845478097653788216e-07,nan
3.051036682615626550e-01,8.845478097653788216e-07,nan
3.066985645933010818e-01,8.845478097653788216e-07,nan
3.082934609250395086e-01,8.845478097653788216e-07,nan
3.098883572567779909e-01,8.845478097653788216e-07,nan
3.114832535885164178e-01,8.845478097653788216e-07,nan
3.130781499202548446e-01,8.929346421914826437e-07,nan
3.146730462519932714e-01,9.099476200466958819e-07,nan
3.162679425837316982e-01,2.770913386803352529e-01,nan
3.178628389154701250e-01,2.770913386803352529e-01,nan
3.194577352472086074e-01,2.770913386803352529e-01,nan
3.210526315789470342e-01,2.770913386803352529e-01,nan
3.226475279106854610e-01,2.770913386803352529e-01,nan
3.242424242424238878e-01,5.068950296608012041e-04,nan
3.258373205741623146e-01,5.068950296608012041e-04,nan
3.274322169059007970e-01,5.021340499983290451e-04,nan
3.290271132376392238e-01,5.021340499983290451e-04,nan
3.306220095693776506e-01,5.021340499983290451e-04,nan
3.322169059011160774e-01,5.021340499983290451e-04,nan
3.338118022328545043e-01,5.021340499983290451e-04,nan
3.354066985645929311e-01,5.021340499983290451e-04,nan
3.370015948963314134e-01,2.382589262993236034e-01,nan
3.385964912280698402e-01,2.382589262993236034e-01,nan
3.401913875598082670e-01,2.382589262993236034e-01,nan
3.417862838915466939e-01,2.382589262993236034e-01,nan
3.433811802232851207e-01,2.382589262993236034e-01,nan
3.449760765550236030e-01,2.316082890620693724e-01,nan
3.465709728867620298e-01,2.316082890620693724e-01,nan
3.481658692185004567e-01,2.316082890620693724e-01,nan
3.497607655502388835e-01,2.294329227843167618e-01,nan
3.513556618819773103e-01,2.294329227843167618e-01,nan
3.529505582137157371e-01,2.294329227843167618e-01,nan
3.545454545454542195e-01,2.294329227843167618e-01,nan
3.561403508771926463e-01,2.272779884974119591e-01,nan
3.577352472089310731e-01,2.251432942951668292e-01,nan
3.593301435406694999e-01,2.209338675153079135e-01,nan
3.609250398724079267e-01,2.168031429409508493e-01,nan
3.625199362041464091e-01,2.107514114151173845e-01,nan
3.641148325358848359e-01,2.048686048133601112e-01,nan
3.657097288676232627e-01,1.972795039377620019e-01,nan
3.673046251993616895e-01,1.899715317990558761e-01,nan
3.688995215311001163e-01,1.899715317990558761e-01,nan
3.704944178628385987e-01,1.881872361433079288e-01,nan
3.720893141945770255e-01,1.864196993722042617e-01,nan
3.736842105263154523e-01,1.846687640789756724e-01,nan
3.752791068580538791e-01,1.846687640789756724e-01,nan
3.768740031897923060e-01,1.812160756773465442e-01,nan
3.784688995215307328e-01,1.812160756773465442e-01,nan
3.800637958532692151e-01,1.812160756773465442e-01,nan
3.816586921850076419e-01,1.795140150921594457e-01,nan
3.832535885167460687e-01,1.761577032603788284e-01,nan
3.848484848484844956e-01,1.696321617735579712e-01,nan
3.864433811802229224e-01,1.648971367768035379e-01,nan
3.880382775119614047e-01,1.633483507981373095e-01,nan
3.896331738436998315e-01,1.633483507981373095e-01,nan
3.912280701754382584e-01,1.633483507981373095e-01,nan
3.928229665071766852e-01,1.633483507981373095e-01,nan
3.944178628389151120e-01,1.633483507981373095e-01,nan
3.960127591706535388e-01,1.633483507981373095e-01,nan
3.976076555023920212e-01,1.618141116942961588e-01,nan
3.992025518341304480e-01,1.602942828346739235e-01,nan
4.007974481658688748e-01,1.587887288719587175e-01,nan
4.023923444976073016e-01,1.558199105922675465e-01,nan
4.039872408293457284e-01,1.543563818892252915e-01,nan
4.055821371610842108e-01,1.514704336774397586e-01,nan
4.071770334928226376e-01,1.458594011725035944e-01,nan
4.087719298245610644e-01,1.431323180883199708e-01,nan
4.103668261562994912e-01,1.365355995234225628e-01,nan
4.119617224880379180e-01,1.327244149583560462e-01,nan
4.135566188197763449e-01,1.327244149583560462e-01,nan
4.151515151515148272e-01,1.327244149583560462e-01,nan
4.167464114832532540e-01,1.314778092444410240e-01,nan
4.183413078149916808e-01,1.302429121962335179e-01,nan
4.199362041467301077e-01,1.302429121962335179e-01,nan
4.215311004784685345e-01,1.278078052382315699e-01,nan
4.231259968102070168e-01,1.242402438379872631e-01,nan
4.247208931419454436e-01,1.230733251673325618e-01,nan
4.263157894736838704e-01,1.207722655134462614e-01,nan
4.279106858054222973e-01,1.185142279809135724e-01,nan
4.295055821371607241e-01,1.141240168396790572e-01,nan
4.311004784688991509e-01,1.078417396929039485e-01,nan
4.326953748006376332e-01,1.038468775134351180e-01,nan
4.342902711323760601e-01,1.019052881421936424e-01,nan
4.358851674641144869e-01,1.000000000000000056e-01,nan
4.374800637958529137e-01,1.000000000000000056e-01,nan
4.390749601275913405e-01,9.906075629392971371e-02,nan
4.406698564593298229e-01,9.906075629392971371e-02,nan
4.422647527910682497e-01,9.813033437525335578e-02,nan
4.438596491228066765e-01,9.813033437525335578e-02,nan
4.454545454545451033e-01,9.360767864523583670e-02,nan
4.470494417862835301e-01,9.272847441516195166e-02,nan
4.486443381180219570e-01,9.099476200466968812e-02,nan
4.502392344497604393e-01,8.929346421914831355e-02,nan
4.518341307814988661e-01,8.598569967363345334e-02,nan
4.534290271132372929e-01,8.358553903745903624e-02,nan
4.550239234449757197e-01,8.202276894681642672e-02,nan
4.566188197767141466e-01,7.973322752256319090e-02,nan
4.582137161084526289e-01,7.824248277607280533e-02,nan
4.598086124401910557e-01,7.824248277607280533e-02,nan
4.614035087719294825e-01,7.750759518112540492e-02,nan
4.629984051036679094e-01,7.677960997166025092e-02,nan
4.645933014354063362e-01,7.677960997166025092e-02,nan
4.661881977671448185e-01,7.534408799720553052e-02,nan
4.677830940988832453e-01,7.324097184108022129e-02,nan
4.693779904306216721e-01,7.052785177060789945e-02,nan
4.709728867623600990e-01,6.855917355764606924e-02,6.560544576507076897e-02
4.725677830940985258e-01,6.727734625702834481e-02,6.791523583507208528e-02
4.741626794258369526e-01,6.539940098467149354e-02,7.030634735796890966e-02
4.757575757575754349e-01,6.238525681114847482e-02,7.030634735796890966e-02
4.773524720893138618e-01,6.007427310761214584e-02,7.030634735796890966e-02
4.789473684210522886e-01,5.895108507400267234e-02,7.030634735796890966e-02
4.805422647527907154e-01,5.730555477778552509e-02,6.855917355764606924e-02
4.821371610845291422e-01,5.730555477778552509e-02,6.577074888405107234e-02
4.837320574162676245e-01,5.730555477778552509e-02,6.309573444801935826e-02
4.853269537480060514e-01,5.676731596130651231e-02,6.052951765158252895e-02
4.869218500797444782e-01,5.676731596130651231e-02,5.806767349941285156e-02
4.885167464114829050e-01,5.570595696868664570e-02,5.806767349941285156e-02
4.901116427432213318e-01,5.364239956225908684e-02,5.806767349941285156e-02
4.917065390749597587e-01,5.117011505108637337e-02,5.806767349941285156e-02
4.933014354066982410e-01,4.974177875376836755e-02,5.895108507400267234e-02
4.948963317384366678e-01,4.881177381527163073e-02,5.895108507400267234e-02
4.964912280701750946e-01,4.789915685941838891e-02,5.895108507400267234e-02
4.980861244019135214e-01,4.700360278907436684e-02,5.895108507400267234e-02
4.996810207336519483e-01,4.612479258533456333e-02,5.676731596130651231e-02
5.012759170653904306e-01,4.526241319388087797e-02,5.068950296608009526e-02
5.028708133971288019e-01,4.358572378647117967e-02,4.526241319388087797e-02
5.044657097288672842e-01,4.358572378647117967e-02,3.891920267392945387e-02
5.060606060606057666e-01,4.317634761906156970e-02,3.819154372010951509e-02
5.076555023923441379e-01,4.317634761906156970e-02,3.795202668205029800e-02
5.092503987240826202e-01,4.277081649153847975e-02,3.700888585366363115e-02
5.108452950558209915e-01,4.197114523817271903e-02,3.700888585366363115e-02
5.124401913875594738e-01,4.079958425724005550e-02,3.700888585366363115e-02
5.140350877192979562e-01,3.928821475827391774e-02,3.700888585366363115e-02
5.156299840510363275e-01,3.747748955561452239e-02,1.778279410038922759e+00
5.172248803827748098e-01,3.575021751517486190e-02,1.778279410038922759e+00
5.188197767145131811e-01,3.508180798752148777e-02,1.778279410038922759e+00
5.204146730462516635e-01,3.442589548303915531e-02,1.795140150921594735e+00
5.220095693779900348e-01,3.315063130192367341e-02,1.795140150921594735e+00
5.236044657097285171e-01,3.253082534408510695e-02,1.795140150921594735e+00
5.251993620414669994e-01,3.162277660168379134e-02,1.795140150921594735e+00
5.267942583732053707e-01,3.132576166276781343e-02,1.795140150921594735e+00
5.283891547049438531e-01,3.103153641797168696e-02,1.795140150921594735e+00
5.299840510366822244e-01,3.103153641797168696e-02,1.812160756773465442e+00
5.315789473684207067e-01,3.074007466526896409e-02,1.812160756773465442e+00
5.331738437001591890e-01,3.045135044873411787e-02,1.812160756773465442e+00
5.347687400318975603e-01,2.932331831045617912e-02,1.339828403535913592e+00
5.363636363636360427e-01,2.770913386803352391e-02,1.278078052382315644e+00
5.379585326953744140e-01,2.693567534382573445e-02,1.278078052382315644e+00
5.395534290271128963e-01,2.618380674341415013e-02,1.230733251673325590e+00
5.411483253588513787e-01,2.593787698656702806e-02,1.207722655134462642e+00
5.427432216905897500e-01,2.545292541676011377e-02,1.207722655134462642e+00
5.443381180223282323e-01,2.474244553588842224e-02,1.207722655134462642e+00
5.459330143540666036e-01,2.451005367346472189e-02,1.207722655134462642e+00
5.475279106858050859e-01,2.338042810564146951e-02,1.254182266379491706e+00
5.491228070175435683e-01,2.316082890620693377e-02,1.302429121962335179e+00
5.507177033492819396e-01,2.294329227843167757e-02,1.302429121962335179e+00
5.523125996810204219e-01,2.294329227843167757e-02,1.302429121962335179e+00
5.539074960127587932e-01,2.294329227843167757e-02,1.302429121962335179e+00
5.555023923444972755e-01,2.230286500738602393e-02,1.302429121962335179e+00
5.570972886762356469e-01,2.168031429409508423e-02,1.254182266379491706e+00
5.586921850079741292e-01,2.107514114151173845e-02,1.141240168396790766e+00
5.602870813397126115e-01,2.010382469332666275e-02,1.119902793272474995e+00
5.618819776714509828e-01,1.935910368679669147e-02,1.068288429403216222e+00
5.634768740031894652e-01,1.864196993722042409e-02,1.019052881421936396e+00
5.650717703349278365e-01,1.829342743352860984e-02,8.598569967363346445e-01
5.666666666666663188e-01,1.778279410038922925e-02,6.297676208532171360e-01
5.682615629984048011e-01,1.728641432371762557e-02,5.839739071778495827e-01
5.698564593301431724e-01,1.696321617735579643e-02,5.784889690095889048e-01
5.714513556618816548e-01,1.648971367768035587e-02,5.623413251903490728e-01
5.730462519936200261e-01,1.648971367768035587e-02,5.313856670058547671e-01
5.746411483253585084e-01,1.633483507981373095e-02,5.021340499983288908e-01
5.762360446570969907e-01,1.633483507981373095e-02,4.881177381527161963e-01
5.778309409888353620e-01,1.618141116942961935e-02,4.744926704335555856e-01
5.794258373205738444e-01,1.529065992874129032e-02,4.612479258533457305e-01
5.810207336523122157e-01,1.472423658261951332e-02,4.569156837403883786e-01
5.826156299840506980e-01,1.431323180883200055e-02,4.399898145047984044e-01
5.842105263157891804e-01,1.391369961110153208e-02,3.315063130192367757e-01
5.858054226475275517e-01,1.352531974983534405e-02,3.162277660168379412e-01
5.874003189792660340e-01,1.339828403535913391e-02,3.074007466526896826e-01
5.889952153110044053e-01,1.314778092444410761e-02,3.016533805623097808e-01
5.905901116427428876e-01,1.290196138408277252e-02,3.016533805623097808e-01
5.921850079744812589e-01,1.242402438379872423e-02,2.960134710000499880e-01
5.937799043062197413e-01,1.219173667068469864e-02,2.823707270992572016e-01
5.953748006379582236e-01,1.207722655134462787e-02,2.744887757217142066e-01
5.969696969696965949e-01,1.196379196109326887e-02,2.693567534382573792e-01
5.985645933014350772e-01,1.196379196109326887e-02,2.618380674341415637e-01
6.001594896331734486e-01,1.174010905538050605e-02,2.474244553588842155e-01
6.017543859649119309e-01,1.130521141943977882e-02,2.405179762532499155e-01
6.033492822966504132e-01,1.098964355716081608e-02,2.405179762532499155e-01
6.049441786283887845e-01,1.058254597567369164e-02,2.382589262993236034e-01
6.065390749601272669e-01,1.019052881421936112e-02,2.338042810564146257e-01
6.081339712918656382e-01,9.906075629392972065e-03,2.251432942951668292e-01
6.097288676236041205e-01,9.720865138588805771e-03,2.188587600700926672e-01
6.113237639553426028e-01,9.449521904263107758e-03,1.633483507981373095e-01
6.129186602870809741e-01,9.185752805548254990e-03,1.602942828346739235e-01
6.145135566188194565e-01,9.014009942968718644e-03,1.602942828346739235e-01
6.161084529505578278e-01,8.762397501349741130e-03,1.587887288719587175e-01
6.177033492822963101e-01,8.680097234317452060e-03,1.572973157300798230e-01
6.192982456140347924e-01,8.680097234317452060e-03,1.529065992874129309e-01
6.208931419457731637e-01,8.598569967363346028e-03,1.472423658261951540e-01
6.224880382775116461e-01,8.437805460463763951e-03,1.391369961110153208e-01
6.240829346092500174e-01,8.202276894681647876e-03,1.352531974983534613e-01
6.256778309409884997e-01,7.824248277607279839e-03,1.290196138408277182e-01
6.272727272727269821e-01,7.605846231745611724e-03,1.278078052382315699e-01
6.288676236044653534e-01,7.393540548364288534e-03,1.254182266379491595e-01
6.304625199362038357e-01,7.255306062279816282e-03,1.242402438379872631e-01
6.320574162679422070e-01,7.119656098863211269e-03,1.207722655134462614e-01
6.336523125996806893e-01,6.986542336182587944e-03,1.196379196109327164e-01
6.352472089314190606e-01,6.855917355764603975e-03,1.152060827206428523e-01
6.368421052631575430e-01,6.727734625702834134e-03,8.598569967363345334e-02
6.384370015948960253e-01,6.478514122711529627e-03,8.598569967363345334e-02
6.400318979266343966e-01,6.417665086567087181e-03,8.598569967363345334e-02
6.416267942583728789e-01,6.417665086567087181e-03,8.437805460463763951e-02
6.432216905901112503e-01,6.357387571164828909e-03,8.437805460463763951e-02
6.448165869218497326e-01,6.238525681114844186e-03,8.048921743135244167e-02
6.464114832535882149e-01,6.064386680974027770e-03,7.605846231745608255e-02
6.480063795853265862e-01,5.895108507400270703e-03,7.187161056733717968e-02
6.496012759170650686e-01,5.730555477778551988e-03,6.855917355764606924e-02
6.511961722488034399e-01,5.570595696868664570e-03,6.855917355764606924e-02
6.527910685805419222e-01,5.364239956225905562e-03,6.855917355764606924e-02
6.543859649122804045e-01,5.263946605735425610e-03,6.791523583507208528e-02
6.559808612440187758e-01,5.117011505108637510e-03,6.539940098467149354e-02
6.575757575757572582e-01,5.021340499983290885e-03,6.179930721303394936e-02
6.591706539074956295e-01,4.927458222753616779e-03,5.895108507400267234e-02
6.607655502392341118e-01,4.835331230189040576e-03,4.526241319388087797e-02
6.623604465709725941e-01,4.789915685941838544e-03,4.483728882674180294e-02
6.639553429027109654e-01,4.744926704335556897e-03,4.358572378647117967e-02
6.655502392344494478e-01,4.700360278907436858e-03,4.197114523817271903e-02
6.671451355661878191e-01,4.612479258533458588e-03,4.197114523817271903e-02
6.687400318979263014e-01,4.483728882674180467e-03,4.197114523817271903e-02
6.703349282296646727e-01,4.358572378647117794e-03,4.118642516334209552e-02
6.719298245614031551e-01,4.236909428960685189e-03,3.891920267392945387e-02
6.735247208931416374e-01,4.118642516334209379e-03,3.712548459377026933e-02
6.751196172248800087e-01,4.041637673000108601e-03,3.643136217029991492e-02
6.767145135566184910e-01,3.966072562751214725e-03,3.575021751517486190e-02
6.783094098883568623e-01,3.891920267392947295e-03,3.475230431402300674e-02
6.799043062200953447e-01,3.855365651236181222e-03,3.346494872657770209e-02
6.814992025518338270e-01,3.783283204946728991e-03,3.192260768518035557e-02
6.830940988835721983e-01,3.677678581637518727e-03,3.074007466526896409e-02
6.846889952153106806e-01,3.608918289407972001e-03,2.316082890620693377e-02
6.862838915470490520e-01,3.575021751517484369e-03,2.188587600700926672e-02
6.878787878787875343e-01,3.541443584725712749e-03,2.107514114151173845e-02
6.894736842105260166e-01,3.475230431402300760e-03,2.029443893369365509e-02
6.910685805422643879e-01,3.410255242645637581e-03,2.029443893369365509e-02
6.926634768740028703e-01,3.346494872657771770e-03,2.029443893369365509e-02
6.942583732057412416e-01,3.283926608389776871e-03,2.029443893369365509e-02
6.958532695374797239e-01,3.192260768518035818e-03,2.010382469332666275e-02
6.974481658692182062e-01,3.103153641797168783e-03,1.991500078521518668e-02
6.990430622009565775e-01,3.045135044873413174e-03,1.954265686136598401e-02
7.006379585326950599e-01,2.988201201712298565e-03,1.899715317990559316e-02
7.022328548644334312e-01,2.932331831045617565e-03,1.778279410038922925e-02
7.038277511961719135e-01,2.904790088881426067e-03,1.680389023706288509e-02
7.054226475279103958e-01,2.850480227118562526e-03,1.618141116942961935e-02
7.070175438596487671e-01,2.797185778171926845e-03,1.572973157300798508e-02
7.086124401913872495e-01,2.744887757217141528e-03,1.242402438379872423e-02
7.102073365231256208e-01,2.744887757217141528e-03,1.185142279809135724e-02
7.118022328548641031e-01,2.693567534382573358e-03,1.141240168396790572e-02
7.133971291866024744e-01,2.643206828112886798e-03,1.109384176772557941e-02
7.149920255183409568e-01,2.593787698656703847e-03,1.109384176772557941e-02
7.165869218500794391e-01,2.521386041677241546e-03,1.109384176772557941e-02
7.181818181818178104e-01,2.474244553588842311e-03,1.048315007865518143e-02
7.197767145135562927e-01,2.451005367346472275e-03,1.028715022524396595e-02
7.213716108452946640e-01,2.382589262993237058e-03,1.019052881421936112e-02
7.229665071770331464e-01,2.360210943299064466e-03,9.906075629392972065e-03
7.245614035087716287e-01,2.316082890620693203e-03,9.539117464664620752e-03
7.261562998405100000e-01,2.272779884974119539e-03,9.014009942968718644e-03
7.277511961722484823e-01,2.251432942951668830e-03,8.680097234317452060e-03
7.293460925039868537e-01,2.188587600700927886e-03,8.437805460463763951e-03
7.309409888357253360e-01,2.188587600700927886e-03,8.358553903745903971e-03
7.325358851674638183e-01,2.147668330663152821e-03,6.417665086567087181e-03
7.341307814992021896e-01,2.127496491040134757e-03,5.951002927848142443e-03
7.357256778309406720e-01,2.107514114151173758e-03,5.676731596130650884e-03
7.373205741626790433e-01,2.068110647222205691e-03,5.570595696868664570e-03
7.389154704944175256e-01,2.029443893369366897e-03,5.570595696868664570e-03
7.405103668261560079e-01,1.991500078521517628e-03,5.570595696868664570e-03
7.421052631578943792e-01,1.954265686136598228e-03,5.570595696868664570e-03
7.437001594896328616e-01,1.917727452386683382e-03,5.466444184030695187e-03
7.452950558213712329e-01,1.881872361433080008e-03,5.415100951086342443e-03
7.468899521531097152e-01,1.864196993722043493e-03,5.117011505108637510e-03
7.484848484848480865e-01,1.829342743352860247e-03,4.835331230189040576e-03
7.500797448165865688e-01,1.795140150921594423e-03,4.526241319388084848e-03
7.516746411483250512e-01,1.778279410038922752e-03,4.526241319388084848e-03
7.532695374800634225e-01,1.745031531197477684e-03,4.483728882674180467e-03
7.548644338118019048e-01,1.745031531197477684e-03,4.441615741346407326e-03
7.564593301435402761e-01,1.712405276517688264e-03,4.399898145047984217e-03
7.580542264752787585e-01,1.696321617735578819e-03,3.378224634918156662e-03
7.596491228070172408e-01,1.664606075563630555e-03,3.222528161450805093e-03
7.612440191387556121e-01,1.648971367768035587e-03,3.132576166276781170e-03
7.628389154704940944e-01,1.602942828346739720e-03,2.988201201712298565e-03
7.644338118022324657e-01,1.572973157300799202e-03,2.904790088881426067e-03
7.660287081339709481e-01,1.572973157300799202e-03,2.904790088881426067e-03
7.676236044657094304e-01,1.543563818892252585e-03,2.850480227118562526e-03
7.692185007974478017e-01,1.529065992874128858e-03,2.797185778171926845e-03
7.708133971291862840e-01,1.500477571625670470e-03,2.693567534382573358e-03
7.724082934609246553e-01,1.472423658261951939e-03,2.521386041677241546e-03
7.740031897926631377e-01,1.458594011725036863e-03,2.427984453698225475e-03
7.755980861244016200e-01,1.444894259272789822e-03,2.405179762532499727e-03
7.771929824561399913e-01,1.417879567993228767e-03,2.382589262993237058e-03
7.787878787878784737e-01,1.404562223391195774e-03,2.382589262993237058e-03
7.803827751196168450e-01,1.391369961110153208e-03,2.338042810564145563e-03
7.819776714513553273e-01,1.378301606322273384e-03,1.778279410038922752e-03
7.835725677830938096e-01,1.365355995234225931e-03,1.712405276517688264e-03
7.851674641148321809e-01,1.339828403535914042e-03,1.680389023706287599e-03
7.867623604465706633e-01,1.314778092444409937e-03,1.664606075563630555e-03
7.883572567783090346e-01,1.302429121962334893e-03,1.664606075563630555e-03
7.899521531100475169e-01,1.278078052382315699e-03,1.648971367768035587e-03
7.915470494417858882e-01,1.266073784716649020e-03,1.633483507981373139e-03
7.931419457735243705e-01,1.254182266379491985e-03,1.572973157300799202e-03
7.947368421052628529e-01,1.230733251673326190e-03,1.458594011725036863e-03
7.963317384370012242e-01,1.219173667068469084e-03,1.404562223391195774e-03
7.979266347687397065e-01,1.207722655134462354e-03,1.404562223391195774e-03
7.995215311004780778e-01,1.196379196109326930e-03,1.378301606322273384e-03
8.011164274322165602e-01,1.187493907269253834e-03,1.378301606322273384e-03
8.027113237639550425e-01,1.178674607839587688e-03,1.365355995234225931e-03
8.043062200956934138e-01,1.169920807729077058e-03,1.352531974983535012e-03
8.059011164274318961e-01,1.161232020486296142e-03,1.327244149583559725e-03
8.074960127591702674e-01,1.152607763272601961e-03,1.327244149583559725e-03
8.090909090909087498e-01,1.144047556835301425e-03,1.314778092444409937e-03
8.106858054226472321e-01,1.135550925481031365e-03,1.314778092444409937e-03
8.122807017543856034e-01,1.127117397049307241e-03,1.207722655134462354e-03
8.138755980861240857e-01,1.118746502886300417e-03,1.078417396929039467e-03
8.154704944178624570e-01,1.110437777818788253e-03,1.058254597567369728e-03
8.170653907496008284e-01,1.102190760128297399e-03,1.048315007865518751e-03
8.186602870813393107e-01,1.094004991525460027e-03,1.038468775134350659e-03
8.202551834130776820e-01,1.085880017124540072e-03,1.038468775134350659e-03
8.218500797448161643e-01,1.077815385418144645e-03,1.038468775134350659e-03
8.234449760765545356e-01,1.069810648252155763e-03,1.038468775134350659e-03
8.250398724082930180e-01,1.061865360800803675e-03,1.119902793272474495e-03
8.266347687400315003e-01,1.053979081541964614e-03,1.119902793272474495e-03
8.282296650717698716e-01,1.046151372232618799e-03,1.119902793272474495e-03
8.298245614035083539e-01,1.038381797884490145e-03,1.119902793272474495e-03
8.314194577352467252e-01,1.030669926739887854e-03,1.098964355716081608e-03
8.330143540669852076e-01,1.023015330247705650e-03,1.098964355716081608e-03
8.346092503987236899e-01,1.015417583039601420e-03,1.078417396929039467e-03
8.362041467304620612e-01,1.007876262906372234e-03,1.068288429403216463e-03
8.377990430622005436e-01,1.000390950774486575e-03,1.058254597567369728e-03
8.393939393939389149e-01,9.929612306827854777e-04,1.048315007865518751e-03
8.409888357256773972e-01,9.855866897593888124e-04,1.038468775134350659e-03
8.425837320574158795e-01,9.782669181987310118e-04,1.028715022524396118e-03
8.441786283891542508e-01,9.710015092388033430e-04,1.019052881421936198e-03
8.457735247208927332e-01,9.637900591385436307e-04,1.009481491371652575e-03
8.473684210526311045e-01,9.566321671553946809e-04,1.000000000000000021e-03
8.489633173843695868e-01,9.495274355230469117e-04,9.813033437525335925e-04
8.505582137161080691e-01,9.424754694293278933e-04,9.813033437525335925e-04
8.521531100478464404e-01,9.354758769942579872e-04,9.629562524599030813e-04
8.537480063795849228e-01,9.285282692482811932e-04,9.629562524599030813e-04
8.553429027113232941e-01,9.216322601106499528e-04,9.449521904263107758e-04
8.569377990430617764e-01,9.147874663679608732e-04,9.360767864523583020e-04
8.585326953748001477e-01,9.079935076528738991e-04,9.272847441516195643e-04
8.601275917065386301e-01,9.012500064229597447e-04,9.185752805548254990e-04
8.617224880382771124e-01,8.945565879397333756e-04,9.185752805548254990e-04
8.633173843700154837e-01,8.879128802478234491e-04,9.014009942968718428e-04
8.649122807017539660e-01,8.813185141542975547e-04,9.014009942968718428e-04
8.665071770334923373e-01,8.747731232081569150e-04,7.677960997166025483e-04
8.681020733652308197e-01,8.682763436799681303e-04,7.605846231745612375e-04
8.696969696969693020e-01,8.618278145416411818e-04,7.534408799720556955e-04
8.712918660287076733e-01,8.554271774463839424e-04,7.463642339279568782e-04
8.728867623604461556e-01,8.490740767087789865e-04,7.393540548364288100e-04
8.744816586921845269e-01,8.427681592850139224e-04,7.324097184108022563e-04
8.760765550239230093e-01,8.365090747532751133e-04,7.324097184108022563e-04
8.776714513556614916e-01,8.302964752942604450e-04,7.324097184108022563e-04
8.792663476873998629e-01,8.241300156718633961e-04,7.324097184108022563e-04
8.808612440191383453e-01,8.180093532139821183e-04,7.898433820141082060e-04
8.824561403508767166e-01,8.119341477934731476e-04,7.898433820141082060e-04
8.840510366826151989e-01,8.059040618092603745e-04,7.898433820141082060e-04
8.856459330143536812e-01,7.999187601675666372e-04,7.898433820141082060e-04
8.872408293460920525e-01,7.939779102632922234e-04,7.824248277607280056e-04
8.888357256778305349e-01,7.880811819615403911e-04,7.824248277607280056e-04
8.904306220095689062e-01,7.822282475792588985e-04,7.677960997166025483e-04
8.920255183413073885e-01,7.764187818670427541e-04,7.605846231745612375e-04
8.936204146730458708e-01,7.706524619910541706e-04,7.534408799720556955e-04
8.952153110047842421e-01,7.649289675150784760e-04,7.463642339279568782e-04
8.968102073365227245e-01,7.592479803827268271e-04,7.463642339279568782e-04
8.984051036682610958e-01,7.536091848997573169e-04,7.324097184108022563e-04
8.999999999999995781e-01,7.480122677165246693e-04,7.324097184108022563e-04
9.015948963317379494e-01,7.424569178105806366e-04,7.187161056733717404e-04
9.031897926634764318e-01,7.369428264693828187e-04,7.187161056733717404e-04
9.047846889952149141e-01,7.314696872731359708e-04,7.052785177060788991e-04
9.063795853269532854e-01,7.260371960777741492e-04,7.052785177060788991e-04
9.079744816586917677e-01,7.206450509980479166e-04,6.986542336182587944e-04
9.095693779904301390e-01,7.152929523907584561e-04,6.920921677018057301e-04
9.111642743221686214e-01,7.099806028381020579e-04,6.855917355764603541e-04
9.127591706539071037e-01,7.047077071311382045e-04,6.791523583507204408e-04
9.143540669856454750e-01,6.994739722533932893e-04,6.727734625702833917e-04
9.159489633173839573e-01,6.942791073645740571e-04,6.664544801669808555e-04
9.175438596491223286e-01,6.891228237843983551e-04,6.601948484081890953e-04
9.191387559808608110e-01,6.840048349765672636e-04,6.601948484081890953e-04
9.207336523125992933e-01,6.789248565328281915e-04,6.539940098467148877e-04
9.223285486443376646e-01,6.738826061571804357e-04,5.518274227395203240e-04
9.239234449760761470e-01,6.688778036501841738e-04,5.518274227395203240e-04
9.255183413078145183e-01,6.639101708933852495e-04,5.466444184030695621e-04
9.271132376395530006e-01,6.589794318338681100e-04,5.466444184030695621e-04
9.287081339712914829e-01,6.540853124689117440e-04,5.466444184030695621e-04
9.303030303030298542e-01,6.492275408307597844e-04,5.466444184030695621e-04
9.318979266347683366e-01,6.444058469715123688e-04,5.415100951086342226e-04
9.334928229665067079e-01,6.396199629481253346e-04,5.415100951086342226e-04
9.350877192982451902e-01,6.348696228075136061e-04,5.784889690095886558e-04
9.366826156299835615e-01,6.301545625717821933e-04,5.784889690095886558e-04
9.382775119617220438e-01,6.254745202235462024e-04,5.784889690095886558e-04
9.398724082934605262e-01,6.208292356913797582e-04,5.784889690095886558e-04
9.414673046251988975e-01,6.162184508353597953e-04,5.784889690095886558e-04
9.430622009569373798e-01,6.116419094327172918e-04,5.784889690095886558e-04
9.446570972886757511e-01,6.070993571636063577e-04,5.730555477778552422e-04
9.462519936204142335e-01,6.025905415969688402e-04,5.676731596130651534e-04
9.478468899521527158e-01,5.981152121764997604e-04,5.676731596130651534e-04
9.494417862838910871e-01,5.936731202067359152e-04,5.623413251903490971e-04
9.510366826156295694e-01,5.892640188392287218e-04,5.570595696868665221e-04
9.526315789473679407e-01,5.848876630588241811e-04,5.518274227395203240e-04
9.542264752791064231e-01,5.805438096700557072e-04,5.466444184030695621e-04
9.558213716108449054e-01,5.762322172836202225e-04,5.415100951086342226e-04
9.574162679425832767e-01,5.719526463029719985e-04,5.364239956225906212e-04
9.590111642743217590e-01,5.677048589110050749e-04,5.364239956225906212e-04
9.606060606060601303e-01,5.634886190568341247e-04,5.313856670058546240e-04
9.622009569377986127e-01,5.593036924426841730e-04,5.263946605735426044e-04
9.637958532695370950e-01,5.551498465108655345e-04,5.165528405542972644e-04
9.653907496012754663e-01,5.510268504308495812e-04,5.165528405542972644e-04
9.669856459330139486e-01,5.469344750864471843e-04,5.117011505108637944e-04
9.685805422647523200e-01,5.428724930630724832e-04,5.117011505108637944e-04
9.701754385964908023e-01,5.388406786351031480e-04,5.068950296608012041e-04
9.717703349282292846e-01,5.348388077533438581e-04,5.021340499983290451e-04
9.733652312599676559e-01,5.308666580325670844e-04,4.974177875376839357e-04
9.749601275917061383e-01,5.269240087391631596e-04,4.927458222753616779e-04
9.765550239234445096e-01,5.230106407788700368e-04,4.927458222753616779e-04
9.781499202551829919e-01,5.191263366845963977e-04,4.881177381527160232e-04
9.797448165869213632e-01,5.152708806043402798e-04,4.881177381527160232e-04
9.813397129186598455e-01,5.114440582891946561e-04,4.526241319388085065e-04
9.829346092503983279e-01,5.076456570814362815e-04,4.157693389815754178e-04
9.845295055821366992e-01,5.038754659027159123e-04,4.079958425724005485e-04
9.861244019138751815e-01,5.001332752423201912e-04,4.041637673000108275e-04
9.877192982456135528e-01,4.964188771455367490e-04,4.041637673000108275e-04
9.893141945773520352e-01,4.927320652020945489e-04,4.041637673000108275e-04
9.909090909090905175e-01,4.890726345346908593e-04,4.003676845534289135e-04
9.925039872408288888e-01,4.854403817876118475e-04,4.003676845534289135e-04
9.940988835725673711e-01,4.818351051154300970e-04,4.003676845534289135e-04
9.956937799043057424e-01,4.782566041717825189e-04,4.317634761906156862e-04
9.972886762360442248e-01,4.747046800982471421e-04,4.317634761906156862e-04
9.988835725677827071e-01,4.711791355132826796e-04,4.317634761906156862e-04
1.000478468899521189e+00,4.676797745012671354e-04,4.317634761906156862e-04
1.002073365231259450e+00,4.642064026016080782e-04,4.317634761906156862e-04
1.003668261562997932e+00,4.607588267979331460e-04,4.277081649153850100e-04
1.005263157894736414e+00,4.573368555073702678e-04,4.277081649153850100e-04
1.006858054226474897e+00,4.539402985698979794e-04,4.236909428960685732e-04
1.008452950558213379e+00,4.505689672377758076e-04,4.236909428960685732e-04
1.010047846889951639e+00,4.472226741650611737e-04,4.157693389815754178e-04
1.011642743221690122e+00,4.439012333971942758e-04,4.118642516334209270e-04
1.013237639553428604e+00,4.406044603606641794e-04,4.118642516334209270e-04
1.014832535885167086e+00,4.373321718527568716e-04,4.079958425724005485e-04
1.016427432216905569e+00,4.340841860313675565e-04,4.079958425724005485e-04
1.018022328548643829e+00,4.308603224049022324e-04,4.003676845534289135e-04
1.019617224880382311e+00,4.276604018222447028e-04,3.966072562751215050e-04
1.021212121212120794e+00,4.244842464627986665e-04,3.966072562751215050e-04
1.022807017543859276e+00,4.213316798266115038e-04,3.928821475827393747e-04
1.024401913875597758e+00,4.182025267245635474e-04,3.928821475827393747e-04
1.025996810207336019e+00,4.150966132686290198e-04,3.891920267392947621e-04
1.027591706539074501e+00,4.120137668622202371e-04,3.855365651236181113e-04
1.029186602870812983e+00,4.089538161905923656e-04,3.855365651236181113e-04
1.030781499202551466e+00,4.059165912113211995e-04,3.783283204946728882e-04
1.032376395534289726e+00,4.029019231448598679e-04,3.747748955561452737e-04
1.033971291866028208e+00,3.999096444651528432e-04,3.747748955561452737e-04
1.035566188197766690e+00,3.969395888903322930e-04,3.747748955561452737e-04
1.037161084529505173e+00,3.939915913734754740e-04,3.712548459377026521e-04
1.038755980861243655e+00,3.910654880934302129e-04,3.677678581637518836e-04
1.040350877192981915e+00,3.881611164457166615e-04,3.192260768518036034e-04
1.041945773524720398e+00,3.852783150334887908e-04,3.192260768518036034e-04
1.043540669856458880e+00,3.824169236585618593e-04,3.162277660168379394e-04
1.045135566188197362e+00,3.795767833125172929e-04,3.132576166276781170e-04
1.046730462519935845e+00,3.767577361678623176e-04,3.074007466526898079e-04
1.048325358851674105e+00,3.739596255692577875e-04,3.016533805623096182e-04
1.049920255183412587e+00,3.711822960248180054e-04,3.016533805623096182e-04
1.051515151515151070e+00,3.684255931974640469e-04,3.016533805623096182e-04
1.053110047846889552e+00,3.656893638963524379e-04,3.016533805623096182e-04
1.054704944178628034e+00,3.629734560683598311e-04,3.016533805623096182e-04
1.056299840510366295e+00,3.602777187896318662e-04,3.315063130192369076e-04
1.057894736842104777e+00,3.576020022571989808e-04,3.315063130192369076e-04
1.059489633173843259e+00,3.549461577806519059e-04,3.315063130192369076e-04
1.061084529505581742e+00,3.523100377738751666e-04,3.315063130192369076e-04
1.062679425837320224e+00,3.496934957468506217e-04,3.315063130192369076e-04
1.064274322169058484e+00,3.470963862975144014e-04,3.283926608389777196e-04
1.065869218500796967e+00,3.445185651036751550e-04,3.253082534408508896e-04
1.067464114832535449e+00,3.419598889149987075e-04,3.222528161450805310e-04
1.069059011164273931e+00,3.394202155450419924e-04,3.192260768518036034e-04
1.070653907496012414e+00,3.368994038633567529e-04,3.192260768518036034e-04
1.072248803827750674e+00,3.343973137876450684e-04,3.162277660168379394e-04
1.073843700159489156e+00,3.319138062759712589e-04,3.132576166276781170e-04
1.075438596491227639e+00,3.294487433190425286e-04,3.132576166276781170e-04
1.077033492822966121e+00,3.270019879325327056e-04,3.132576166276781170e-04
1.078628389154704603e+00,3.245734041494751005e-04,3.074007466526898079e-04
1.080223285486442864e+00,3.221628570127039906e-04,3.074007466526898079e-04
1.081818181818181346e+00,3.197702125673564945e-04,3.045135044873413500e-04
1.083413078149919828e+00,3.173953378534260009e-04,3.016533805623096182e-04
1.085007974481658310e+00,3.150381008983780466e-04,3.016533805623096182e-04
1.086602870813396793e+00,3.126983707098113523e-04,2.960134710000499156e-04
1.088197767145135053e+00,3.103760172681834222e-04,2.960134710000499156e-04
1.089792663476873535e+00,3.080709115195821683e-04,2.960134710000499156e-04
1.091387559808612018e+00,3.057829253685542380e-04,2.904790088881426175e-04
1.092982456140350500e+00,3.035119316709898834e-04,2.904790088881426175e-04
1.094577352472088982e+00,3.012578042270529330e-04,2.904790088881426175e-04
1.096172248803827243e+00,2.990204177741720209e-04,2.877507030797053778e-04
1.097767145135565725e+00,2.967996479800780033e-04,2.850480227118562526e-04
1.099362041467304207e+00,2.945953714358927117e-04,2.719106571718785917e-04
1.100956937799042690e+00,2.924074656492751142e-04,2.451005367346472275e-04
1.102551834130781172e+00,2.902358090376124726e-04,2.405179762532499944e-04
1.104146730462519432e+00,2.880802809212610997e-04,2.405179762532499944e-04
1.105741626794257915e+00,2.859407615168457198e-04,2.405179762532499944e-04
1.107336523125996397e+00,2.838171319305997559e-04,2.360210943299064304e-04
1.108931419457734879e+00,2.817092741517571728e-04,2.360210943299064304e-04
1.110526315789473140e+00,2.796170710459984737e-04,2.360210943299064304e-04
1.112121212121211622e+00,2.775404063489370857e-04,2.360210943299064304e-04
1.113716108452950104e+00,2.754791646596623390e-04,2.360210943299064304e-04
1.115311004784688587e+00,2.734332314343249472e-04,2.569425710948242841e-04
1.116905901116427069e+00,2.714024929797701933e-04,2.593787698656703955e-04
1.118500797448165329e+00,2.693868364472231563e-04,2.593787698656703955e-04
1.120095693779903812e+00,2.673861498260163305e-04,2.593787698656703955e-04
1.121690590111642294e+00,2.654003219373624566e-04,2.593787698656703955e-04
1.123285486443380776e+00,2.634292424281811824e-04,2.545292541676010033e-04
1.124880382775119259e+00,2.614728017649639970e-04,2.545292541676010033e-04
1.126475279106857519e+00,2.595308912276860012e-04,2.545292541676010033e-04
1.128070175438596001e+00,2.576034029037681489e-04,2.497704081975053269e-04
1.129665071770334484e+00,2.556902296820761874e-04,2.497704081975053269e-04
1.131259968102072966e+00,2.537912652469722372e-04,2.497704081975053269e-04
1.132854864433811448e+00,2.519064040724051305e-04,2.451005367346472275e-04
1.134449760765549708e+00,2.500355414160449321e-04,2.451005367346472275e-04
1.136044657097288191e+00,2.481785733134646765e-04,2.451005367346472275e-04
1.137639553429026673e+00,2.463353965723628718e-04,2.405179762532499944e-04
1.139234449760765155e+00,2.445059087668264978e-04,2.405179762532499944e-04
1.140829346092503638e+00,2.426900082316426309e-04,2.405179762532499944e-04
1.142424242424241898e+00,2.408875940566470404e-04,2.382589262993237112e-04
1.144019138755980380e+00,2.390985660811154750e-04,2.360210943299064304e-04
1.145614035087718863e+00,2.373228248882008385e-04,2.360210943299064304e-04
1.147208931419457345e+00,2.355602717994048428e-04,2.338042810564145780e-04
1.148803827751195827e+00,2.338108088690977993e-04,2.316082890620693203e-04
1.150398724082934088e+00,2.320743388790743526e-04,2.316082890620693203e-04
1.151993620414672570e+00,2.303507653331489217e-04,2.294329227843167681e-04
1.153588516746411052e+00,2.286399924517974378e-04,2.272779884974119756e-04
1.155183413078149535e+00,2.269419251668326103e-04,2.272779884974119756e-04
1.156778309409888017e+00,2.252564691161196612e-04,2.251432942951668722e-04
1.158373205741626277e+00,2.235835306383355354e-04,2.168031429409507469e-04
1.159968102073364760e+00,2.219230167677626437e-04,1.954265686136598282e-04
1.161562998405103242e+00,2.202748352291213107e-04,1.954265686136598282e-04
1.163157894736841724e+00,2.186388944324452936e-04,1.935910368679669147e-04
1.164752791068580207e+00,2.170151034679884173e-04,1.917727452386683220e-04
1.166347687400318467e+00,2.154033721011760409e-04,1.917727452386683220e-04
1.167942583732056949e+00,2.138036107675885900e-04,1.881872361433079845e-04
1.169537480063795432e+00,2.122157305679842282e-04,1.881872361433079845e-04
1.171132376395533914e+00,2.106396432633610757e-04,1.881872361433079845e-04
1.172727272727272396e+00,2.090752612700504077e-04,1.881872361433079845e-04
1.174322169059010657e+00,2.075224976548526259e-04,1.881872361433079845e-04
1.175917065390749139e+00,2.059812661302046167e-04,2.048686048133601517e-04
1.177511961722487621e+00,2.044514810493855720e-04,2.048686048133601517e-04
1.179106858054226104e+00,2.029330574017559593e-04,2.048686048133601517e-04
1.180701754385964586e+00,2.014259108080364985e-04,2.048686048133601517e-04
1.182296650717702846e+00,1.999299575156151122e-04,2.048686048133601517e-04
1.183891547049441328e+00,1.984451143938968361e-04,2.029443893369366734e-04
1.185486443381179811e+00,1.969712989296821637e-04,2.010382469332665136e-04
1.187081339712918293e+00,1.955084292225808167e-04,2.010382469332665136e-04
1.188676236044656553e+00,1.940564239804632731e-04,1.991500078521517790e-04
1.190271132376395036e+00,1.926152025149401048e-04,1.972795039377619553e-04
1.191866028708133518e+00,1.911846847368810242e-04,1.972795039377619553e-04
1.193460925039872000e+00,1.897647911519630148e-04,1.954265686136598282e-04
1.195055821371610483e+00,1.883554428562515294e-04,1.935910368679669147e-04
1.196650717703348743e+00,1.869565615318183891e-04,1.935910368679669147e-04
1.198245614035087225e+00,1.855680694423884132e-04,1.935910368679669147e-04
1.199840510366825708e+00,1.841898894290177084e-04,1.917727452386683220e-04
1.201435406698564190e+00,1.828219449058095518e-04,1.899715317990559240e-04
1.203030303030302672e+00,1.814641598556563230e-04,1.899715317990559240e-04
1.204625199362040933e+00,1.801164588260143948e-04,1.864196993722043330e-04
1.206220095693779415e+00,1.787787669247139089e-04,1.864196993722043330e-04
1.207814992025517897e+00,1.774510098157938947e-04,1.864196993722043330e-04
1.209409888357256380e+00,1.761331137153740066e-04,1.864196993722043330e-04
1.211004784688994862e+00,1.748250053875532583e-04,1.829342743352860084e-04
1.212599681020733122e+00,1.735266121403393588e-04,1.829342743352860084e-04
1.214194577352471605e+00,1.722378618216107099e-04,1.829342743352860084e-04
1.215789473684210087e+00,1.709586828151067009e-04,1.795140150921594585e-04
1.217384370015948569e+00,1.696890040364464102e-04,1.795140150921594585e-04
1.218979266347687052e+00,1.684287549291806183e-04,1.587887288719587854e-04
1.220574162679425312e+00,1.671778654608698693e-04,1.572973157300799202e-04
1.222169059011163794e+00,1.659362661191917786e-04,1.558199105922674623e-04
1.223763955342902277e+00,1.647038879080805953e-04,1.558199105922674623e-04
1.225358851674640759e+00,1.634806623438903462e-04,1.529065992874128967e-04
1.226953748006379241e+00,1.622665214515915091e-04,1.529065992874128967e-04
1.228548644338117501e+00,1.610613977609928662e-04,1.529065992874128967e-04
1.230143540669855984e+00,1.598652243029904084e-04,1.514704336774397558e-04
1.231738437001594466e+00,1.586779346058488202e-04,1.514704336774397558e-04
1.233333333333332948e+00,1.574994626915060579e-04,1.514704336774397558e-04
1.234928229665071431e+00,1.563297430719060629e-04,1.514704336774397558e-04
1.236523125996809691e+00,1.551687107453615341e-04,1.648971367768035370e-04
1.238118022328548173e+00,1.540163011929407161e-04,1.633483507981373193e-04
1.239712918660286656e+00,1.528724503748812651e-04,1.633483507981373193e-04
1.241307814992025138e+00,1.517370947270336046e-04,1.633483507981373193e-04
1.242902711323763620e+00,1.506101711573261826e-04,1.633483507981373193e-04
1.244497607655501881e+00,1.494916170422617909e-04,1.633483507981373193e-04
1.246092503987240363e+00,1.483813702234360022e-04,1.633483507981373193e-04
1.247687400318978845e+00,1.472793690040830104e-04,1.602942828346739829e-04
1.249282296650717328e+00,1.461855521456482780e-04,1.602942828346739829e-04
1.250877192982455810e+00,1.450998588643847914e-04,1.602942828346739829e-04
1.252472089314194070e+00,1.440222288279744431e-04,1.587887288719587854e-04
1.254066985645932553e+00,1.429526021521769800e-04,1.572973157300799202e-04
1.255661881977671035e+00,1.418909193975015023e-04,1.572973157300799202e-04
1.257256778309409517e+00,1.408371215659023575e-04,1.558199105922674623e-04
1.258851674641148000e+00,1.397911500975027629e-04,1.543563818892252639e-04
1.260446570972886260e+00,1.387529468673384041e-04,1.543563818892252639e-04
1.262041467304624742e+00,1.377224541821287895e-04,1.543563818892252639e-04
1.263636363636363225e+00,1.366996147770713189e-04,1.529065992874128967e-04
1.265231259968101707e+00,1.356843718126575504e-04,1.514704336774397558e-04
1.266826156299839967e+00,1.346766688715167904e-04,1.514704336774397558e-04
1.268421052631578450e+00,1.336764499552786558e-04,1.500477571625670416e-04
1.270015948963316932e+00,1.326836594814632844e-04,1.486384430473179988e-04
1.271610845295055414e+00,1.316982422803913858e-04,1.486384430473179988e-04
1.273205741626793897e+00,1.307201435921190389e-04,1.472423658261951939e-04
1.274800637958532157e+00,1.297493090633935239e-04,1.472423658261951939e-04
1.276395534290270639e+00,1.287856847446350111e-04,1.458594011725036646e-04
1.277990430622009121e+00,1.278292170869358693e-04,1.458594011725036646e-04
1.279585326953747604e+00,1.268798529390875122e-04,1.404562223391195937e-04
1.281180223285486086e+00,1.259375395446255409e-04,1.314778092444410045e-04
1.282775119617224346e+00,1.250022245388973294e-04,1.302429121962334839e-04
1.284370015948962829e+00,1.240738559461539506e-04,1.302429121962334839e-04
1.285964912280701311e+00,1.231523821766598284e-04,1.290196138408277154e-04
1.287559808612439793e+00,1.222377520238276797e-04,1.290196138408277154e-04
1.289154704944178276e+00,1.213299146613720770e-04,1.290196138408277154e-04
1.290749601275916536e+00,1.204288196404844103e-04,1.290196138408277154e-04
1.292344497607655018e+00,1.195344168870309432e-04,1.278078052382315536e-04
1.293939393939393501e+00,1.186466566987690014e-04,1.278078052382315536e-04
1.295534290271131983e+00,1.177654897425849817e-04,1.278078052382315536e-04
1.297129186602870465e+00,1.168908670517538408e-04,1.339828403535914204e-04
1.298724082934608726e+00,1.160227400232174635e-04,1.339828403535914204e-04
1.300318979266347208e+00,1.151610604148829936e-04,1.339828403535914204e-04
1.301913875598085690e+00,1.143057803429437024e-04,1.339828403535914204e-04
1.303508771929824173e+00,1.134568522792161609e-04,1.339828403535914204e-04
1.305103668261562655e+00,1.126142290485007637e-04,1.327244149583559779e-04
1.306698564593300915e+00,1.117778638259595448e-04,1.314778092444410045e-04
1.308293460925039398e+00,1.109477101345129950e-04,1.314778092444410045e-04
1.309888357256777880e+00,1.101237218422594031e-04,1.302429121962334839e-04
1.311483253588516362e+00,1.093058531599100809e-04,1.290196138408277154e-04
1.313078149920254845e+00,1.084940586382443473e-04,1.290196138408277154e-04
1.314673046251993105e+00,1.076882931655851811e-04,1.290196138408277154e-04
1.316267942583731587e+00,1.068885119652917317e-04,1.278078052382315536e-04
1.317862838915470070e+00,1.060946705932703843e-04,1.266073784716649129e-04
1.319457735247208552e+00,1.053067249355065329e-04,1.266073784716649129e-04
1.321052631578947034e+00,1.045246312056113833e-04,1.266073784716649129e-04
1.322647527910685294e+00,1.037483459423902906e-04,1.242402438379873074e-04
1.324242424242423777e+00,1.029778260074270082e-04,1.242402438379873074e-04
1.325837320574162259e+00,1.022130285826854590e-04,1.242402438379873074e-04
1.327432216905900741e+00,1.014539111681324194e-04,1.230733251673326407e-04
1.329027113237639224e+00,1.007004315793736738e-04,1.219173667068469138e-04
1.330622009569377484e+00,9.995254794531150094e-05,1.219173667068469138e-04
1.332216905901115966e+00,9.921021870581660717e-05,1.219173667068469138e-04
1.333811802232854449e+00,9.847340260941968391e-05,1.196379196109326849e-04
1.335406698564592931e+00,9.774205871101781856e-05,1.196379196109326849e-04
1.337001594896331413e+00,9.701614636960062446e-05,1.196379196109326849e-04
1.338596491228069674e+00,9.629562524599030271e-05,1.185142279809135772e-04
1.340191387559808156e+00,9.629562524599030271e-05,1.174010905538050512e-04
1.341786283891546638e+00,9.539117464664620698e-05,1.098964355716081526e-04
1.343381180223285121e+00,9.449521904263116973e-05,1.048315007865518751e-04
1.344976076555023381e+00,9.449521904263116973e-05,1.048315007865518751e-04
1.346570972886761863e+00,9.402082198299142218e-05,1.028715022524396010e-04
1.348165869218500346e+00,9.354880655252290945e-05,1.028715022524396010e-04
1.349760765550238828e+00,9.307916079466395495e-05,1.028715022524396010e-04
1.351355661881977310e+00,9.261187281287917969e-05,1.019052881421936117e-04
1.352950558213715571e+00,9.214693077035827028e-05,1.000000000000000048e-04
1.354545454545454053e+00,9.168432288971444877e-05,1.000000000000000048e-04
1.356140350877192535e+00,9.122403745268825505e-05,1.000000000000000048e-04
1.357735247208931018e+00,9.076606279984897113e-05,1.000000000000000048e-04
1.359330143540669500e+00,9.031038733030081588e-05,1.078417396929039603e-04
1.360925039872407760e+00,8.985699950138756776e-05,1.088642402173062448e-04
1.362519936204146243e+00,8.940588782840148355e-05,1.088642402173062448e-04
1.364114832535884725e+00,8.895704088429164807e-05,1.088642402173062448e-04
1.365709728867623207e+00,8.851044729937470896e-05,1.088642402173062448e-04
1.367304625199361690e+00,8.806609576104702103e-05,1.078417396929039603e-04
1.368899521531099950e+00,8.762397501349740046e-05,1.078417396929039603e-04
1.370494417862838432e+00,8.762397501349740046e-05,1.068288429403216572e-04
1.372089314194576914e+00,8.680097234317461384e-05,1.068288429403216572e-04
1.373684210526315397e+00,8.598569967363345432e-05,1.058254597567369782e-04
1.375279106858053879e+00,8.598569967363345432e-05,1.058254597567369782e-04
1.376874003189792139e+00,8.598569967363345432e-05,1.048315007865518751e-04
1.378468899521530622e+00,8.555402319825729468e-05,1.048315007865518751e-04
1.380063795853269104e+00,8.512451388067697748e-05,1.038468775134350659e-04
1.381658692185007586e+00,8.469716084104819535e-05,1.038468775134350659e-04
1.383253588516746069e+00,8.427195325414688965e-05,1.038468775134350659e-04
1.384848484848484329e+00,8.384888034909516422e-05,1.038468775134350659e-04
1.386443381180222811e+00,8.342793140908864912e-05,1.019052881421936117e-04
1.388038277511961294e+00,8.300909577112433884e-05,1.019052881421936117e-04
1.389633173843699776e+00,8.259236282573168301e-05,1.019052881421936117e-04
1.391228070175438258e+00,8.217772201670251169e-05,8.598569967363345432e-05
1.392822966507176519e+00,8.176516284082475526e-05,8.598569967363345432e-05
1.394417862838915001e+00,8.135467484761594757e-05,8.598569967363345432e-05
1.396012759170653483e+00,8.094624763905781321e-05,8.517808440132844535e-05
1.397607655502391966e+00,8.053987086933467668e-05,8.517808440132844535e-05
1.399202551834130448e+00,8.013553424456914740e-05,8.437805460463763572e-05
1.400797448165868708e+00,7.973322752256328002e-05,8.437805460463763572e-05
1.402392344497607191e+00,7.898433820141082060e-05,8.358553903745894918e-05
1.403987240829345673e+00,7.824248277607287645e-05,8.358553903745894918e-05
1.405582137161084155e+00,7.824248277607287645e-05,8.358553903745894918e-05
1.407177033492822638e+00,7.824248277607287645e-05,8.358553903745894918e-05
1.408771929824560898e+00,7.750759518112541500e-05,8.280046712286478279e-05
1.410366826156299380e+00,7.677960997166016809e-05,8.280046712286478279e-05
1.411961722488037863e+00,7.646971319818970372e-05,8.202276894681638552e-05
1.413556618819776345e+00,7.616106722568358862e-05,8.202276894681638552e-05
1.415151515151514827e+00,7.585366700567686723e-05,8.125237525193892496e-05
1.416746411483253087e+00,7.554750751008094413e-05,8.125237525193892496e-05
1.418341307814991570e+00,7.524258373110156409e-05,8.125237525193892496e-05
1.419936204146730052e+00,7.493889068115680574e-05,8.125237525193892496e-05
1.421531100478468534e+00,7.463642339279576642e-05,7.973322752256328002e-05
1.423125996810206795e+00,7.433517691861658296e-05,7.973322752256328002e-05
1.424720893141945277e+00,7.403514633118652593e-05,7.973322752256328002e-05
1.426315789473683759e+00,7.373632672296088781e-05,7.973322752256328002e-05
1.427910685805422242e+00,7.343871320620211504e-05,7.898433820141082060e-05
1.429505582137160724e+00,7.314230091290151506e-05,7.898433820141082060e-05
1.431100478468898984e+00,7.284708499469739909e-05,7.898433820141082060e-05
1.432695374800637467e+00,7.255306062279817149e-05,7.898433820141082060e-05
1.434290271132375949e+00,7.187161056733710356e-05,7.898433820141082060e-05
1.435885167464114431e+00,7.119656098863210835e-05,7.750759518112541500e-05
1.437480063795852914e+00,7.119656098863210835e-05,7.750759518112541500e-05
1.439074960127591174e+00,7.119656098863210835e-05,7.750759518112541500e-05
1.440669856459329656e+00,7.052785177060781944e-05,7.750759518112541500e-05
1.442264752791068139e+00,6.986542336182588486e-05,7.677960997166016809e-05
1.443859649122806621e+00,6.986542336182588486e-05,7.677960997166016809e-05
1.445454545454545103e+00,6.958343353034613125e-05,7.605846231745612375e-05
1.447049441786283364e+00,6.930258186222719116e-05,7.534408799720549907e-05
1.448644338118021846e+00,6.902286376363038164e-05,7.534408799720549907e-05
1.450239234449760328e+00,6.874427465925804243e-05,7.534408799720549907e-05
1.451834130781498811e+00,6.846680999228024387e-05,7.534408799720549907e-05
1.453429027113237293e+00,6.819046522425829641e-05,7.534408799720549907e-05
1.455023923444975553e+00,6.791523583507204137e-05,7.534408799720549907e-05
1.456618819776714036e+00,6.764111732284537972e-05,7.463642339279576642e-05
1.458213716108452518e+00,6.736810520387205852e-05,7.393540548364288100e-05
1.459808612440191000e+00,6.709619501254385600e-05,7.393540548364288100e-05
1.461403508771929483e+00,6.682538230127560907e-05,7.393540548364288100e-05
1.462998405103667743e+00,6.655566264043400826e-05,7.324097184108029068e-05
1.464593301435406225e+00,6.628703161826441411e-05,7.324097184108029068e-05
1.466188197767144707e+00,6.601948484081883906e-05,7.255306062279817149e-05
1.467783094098883190e+00,6.478514122711523176e-05,7.187161056733710356e-05
1.469377990430621672e+00,6.478514122711523176e-05,7.187161056733710356e-05
1.470972886762359932e+00,6.478514122711523176e-05,7.119656098863210835e-05
1.472567783094098415e+00,6.478514122711523176e-05,7.119656098863210835e-05
1.474162679425836897e+00,6.357387571164829288e-05,7.052785177060781944e-05
1.475757575757575379e+00,6.357387571164829288e-05,7.052785177060781944e-05
1.477352472089313862e+00,6.331727973561604970e-05,7.052785177060781944e-05
1.478947368421052122e+00,6.306171942862494795e-05,6.986542336182588486e-05
1.480542264752790604e+00,6.280719061052280510e-05,6.986542336182588486e-05
1.482137161084529087e+00,6.255368911802836984e-05,6.986542336182588486e-05
1.483732057416267569e+00,6.230121080466475203e-05,6.986542336182588486e-05
1.485326953748006051e+00,6.204975154069081980e-05,6.920921677018049441e-05
1.486921850079744312e+00,6.179930721303400617e-05,6.920921677018049441e-05
1.488516746411482794e+00,6.154987372522249215e-05,6.920921677018049441e-05
1.490111642743221276e+00,6.130144699731893490e-05,7.393540548364288100e-05
1.491706539074959759e+00,6.105402296585326076e-05,7.393540548364288100e-05
1.493301435406698019e+00,6.080759758375633918e-05,7.255306062279817149e-05
1.494896331738436501e+00,6.056216682029384637e-05,7.255306062279817149e-05
1.496491228070174984e+00,6.031772666099978339e-05,7.255306062279817149e-05
1.498086124401913466e+00,6.007427310761214909e-05,7.255306062279817149e-05
1.499681020733651948e+00,6.007427310761214909e-05,7.255306062279817149e-05
1.501275917065390209e+00,5.895108507400270486e-05,7.119656098863210835e-05
1.502870813397128691e+00,5.895108507400270486e-05,7.119656098863210835e-05
1.504465709728867173e+00,5.895108507400270486e-05,7.119656098863210835e-05
1.506060606060605656e+00,5.895108507400270486e-05,6.539940098467149419e-05
1.507655502392344138e+00,5.784889690095892386e-05,6.539940098467149419e-05
1.509250398724082398e+00,5.761540800325471313e-05,6.539940098467149419e-05
1.510845295055820880e+00,5.738286151012987754e-05,6.417665086567086530e-05
1.512440191387559363e+00,5.715125361786452512e-05,6.417665086567086530e-05
1.514035087719297845e+00,5.692058053809082274e-05,6.357387571164829288e-05
1.515629984051036327e+00,5.669083849773230108e-05,6.357387571164829288e-05
1.517224880382774588e+00,5.646202373894041528e-05,6.297676208532175675e-05
1.518819776714513070e+00,5.623413251903490700e-05,6.297676208532175675e-05
1.520414673046251552e+00,5.600716111044098174e-05,6.238525681114844403e-05
1.522009569377990035e+00,5.578110580062904070e-05,6.179930721303400617e-05
1.523604465709728517e+00,5.555596289205460924e-05,6.179930721303400617e-05
1.525199362041466777e+00,5.533172870209629337e-05,6.121886110964048437e-05
1.526794258373205260e+00,5.510839956299736164e-05,6.121886110964048437e-05
1.528389154704943742e+00,5.488597182180400655e-05,6.121886110964048437e-05
1.529984051036682224e+00,5.466444184030689929e-05,6.064386680974021861e-05
1.531578947368420707e+00,5.466444184030689929e-05,6.064386680974021861e-05
1.533173843700158967e+00,5.466444184030689929e-05,6.007427310761214909e-05
1.534768740031897449e+00,5.364239956225905806e-05,5.951002927848136372e-05
1.536363636363635932e+00,5.364239956225905806e-05,5.951002927848136372e-05
1.537958532695374414e+00,5.364239956225905806e-05,5.895108507400270486e-05
1.539553429027112896e+00,5.364239956225905806e-05,5.895108507400270486e-05
1.541148325358851157e+00,5.337309708450232846e-05,5.839739071778493211e-05
1.542743221690589639e+00,5.310514659370203523e-05,5.839739071778493211e-05
1.544338118022328121e+00,5.283854130243948133e-05,5.839739071778493211e-05
1.545933014354066604e+00,5.257327445737050602e-05,5.784889690095892386e-05
1.547527910685805086e+00,5.230933933905559713e-05,5.784889690095892386e-05
1.549122807017543346e+00,5.204672926178872938e-05,5.784889690095892386e-05
1.550717703349281829e+00,5.178543757342807984e-05,5.784889690095892386e-05
1.552312599681020311e+00,5.152545765522821368e-05,5.730555477778552016e-05
1.553907496012758793e+00,5.126678292167153824e-05,5.730555477778552016e-05
1.555502392344497276e+00,5.100940682030234550e-05,5.730555477778552016e-05
1.557097288676235536e+00,5.075332283156000084e-05,5.623413251903490700e-05
1.558692185007974018e+00,5.049852446861440177e-05,5.623413251903490700e-05
1.560287081339712500e+00,5.024500527720177556e-05,5.570595696868658851e-05
1.561881977671450983e+00,4.999275883546027349e-05,5.570595696868658851e-05
1.563476874003189465e+00,4.974177875376839086e-05,5.518274227395203512e-05
1.565071770334927725e+00,4.974177875376839086e-05,5.518274227395203512e-05
1.566666666666666208e+00,4.974177875376839086e-05,5.518274227395203512e-05
1.568261562998404690e+00,4.927458222753616508e-05,5.518274227395203512e-05
1.569856459330143172e+00,4.881177381527165653e-05,5.415100951086342091e-05
1.571451355661881433e+00,4.881177381527165653e-05,5.415100951086342091e-05
1.573046251993619915e+00,4.881177381527165653e-05,5.415100951086342091e-05
1.574641148325358397e+00,4.858200225699906157e-05,5.415100951086342091e-05
1.576236044657096880e+00,4.835331230189040576e-05,5.313856670058551796e-05
1.577830940988835362e+00,4.812569885851732511e-05,5.313856670058551796e-05
1.579425837320573622e+00,4.789915685941843586e-05,5.313856670058551796e-05
1.581020733652312105e+00,4.767368126098631311e-05,5.263946605735425773e-05
1.582615629984050587e+00,4.744926704335556734e-05,5.214505318550160590e-05
1.584210526315789069e+00,4.722590921029053460e-05,5.214505318550160590e-05
1.585805422647527552e+00,4.700360278907432196e-05,5.165528405542973051e-05
1.587400318979265812e+00,4.678234283039836794e-05,5.165528405542973051e-05
1.588995215311004294e+00,4.656212440825171166e-05,5.165528405542973051e-05
1.590590111642742777e+00,4.634294261981167809e-05,5.165528405542973051e-05
1.592185007974481259e+00,4.612479258533454306e-05,5.117011505108632659e-05
1.593779904306219741e+00,4.590766944804728245e-05,5.068950296608012312e-05
1.595374800637958002e+00,4.569156837403886060e-05,5.068950296608012312e-05
1.596969696969696484e+00,4.547648455215290105e-05,5.021340499983285301e-05
1.598564593301434966e+00,4.526241319388085200e-05,5.021340499983285301e-05
1.600159489633173449e+00,4.526241319388085200e-05,5.021340499983285301e-05
1.601754385964911931e+00,4.526241319388085200e-05,4.974177875376839086e-05
1.603349282296650191e+00,4.497855142534215074e-05,4.927458222753616508e-05
1.604944178628388674e+00,4.469646988675496721e-05,4.927458222753616508e-05
1.606539074960127156e+00,4.441615741346407542e-05,4.881177381527165653e-05
1.608133971291865638e+00,4.423688554847974127e-05,4.881177381527165653e-05
1.609728867623604120e+00,4.405833725805562709e-05,4.881177381527165653e-05
1.611323763955342381e+00,4.388050962171070331e-05,4.881177381527165653e-05
1.612918660287080863e+00,4.370339973075093235e-05,4.835331230189040576e-05
1.614513556618819345e+00,4.352700468822263437e-05,4.835331230189040576e-05
1.616108452950557828e+00,4.335132160886472145e-05,4.744926704335556734e-05
1.617703349282296310e+00,4.317634761906152119e-05,4.744926704335556734e-05
1.619298245614034570e+00,4.300207985679592562e-05,4.700360278907432196e-05
1.620893141945773053e+00,4.282851547160217425e-05,4.700360278907432196e-05
1.622488038277511535e+00,4.265565162451978218e-05,4.700360278907432196e-05
1.624082934609250017e+00,4.248348548804677040e-05,4.700360278907432196e-05
1.625677830940988500e+00,4.231201424609345161e-05,4.700360278907432196e-05
1.627272727272726760e+00,4.214123509393641944e-05,4.656212440825171166e-05
1.628867623604465242e+00,4.197114523817274087e-05,4.656212440825171166e-05
1.630462519936203725e+00,4.197114523817274087e-05,4.656212440825171166e-05
1.632057416267942207e+00,4.170792455075890127e-05,4.612479258533454306e-05
1.633652312599680689e+00,4.144635464342010889e-05,4.569156837403886060e-05
1.635247208931418950e+00,4.118642516334213607e-05,4.569156837403886060e-05
1.636842105263157432e+00,4.118642516334213607e-05,4.526241319388085200e-05
1.638437001594895914e+00,4.106998934325369971e-05,4.483728882674184506e-05
1.640031897926634397e+00,4.095388269230646041e-05,4.483728882674184506e-05
1.641626794258372879e+00,4.083810427992488917e-05,4.441615741346407542e-05
1.643221690590111139e+00,4.072265317816424642e-05,4.441615741346407542e-05
1.644816586921849622e+00,4.060752846170322306e-05,4.441615741346407542e-05
1.646411483253588104e+00,4.049272920783616807e-05,4.441615741346407542e-05
1.648006379585326586e+00,4.037825449646631221e-05,4.399898145047988852e-05
1.649601275917064847e+00,4.026410341009760267e-05,4.399898145047988852e-05
1.651196172248803329e+00,4.015027503382830623e-05,4.317634761906152119e-05
1.652791068580541811e+00,4.003676845534289135e-05,4.317634761906152119e-05
1.654385964912280294e+00,3.992358276490483174e-05,4.277081649153850236e-05
1.655980861244018776e+00,3.981071705534977589e-05,4.277081649153850236e-05
1.657575757575757036e+00,3.969817042207757142e-05,4.277081649153850236e-05
1.659170653907495518e+00,3.958594196304599026e-05,4.277081649153850236e-05
1.660765550239234001e+00,3.947403077876231929e-05,4.277081649153850236e-05
1.662360446570972483e+00,3.936243597227717363e-05,4.236909428960680988e-05
1.663955342902710965e+00,3.925115664917656839e-05,4.236909428960680988e-05
1.665550239234449226e+00,3.914019191757521022e-05,4.157693389815754042e-05
1.667145135566187708e+00,3.902954088810944990e-05,4.157693389815754042e-05
1.668740031897926190e+00,3.891920267392943555e-05,4.157693389815754042e-05
1.670334928229664673e+00,3.880917639069286480e-05,4.157693389815754042e-05
1.671929824561403155e+00,3.869946115655720573e-05,4.118642516334213607e-05
1.673524720893141415e+00,3.859005609217315769e-05,4.118642516334213607e-05
1.675119617224879898e+00,3.848096032067730593e-05,4.079958425724005485e-05
1.676714513556618380e+00,3.837217296768517582e-05,4.079958425724005485e-05
1.678309409888356862e+00,3.826369316128428052e-05,4.041637673000104345e-05
1.679904306220095345e+00,3.815552003202683638e-05,4.003676845534289135e-05
1.681499202551833605e+00,3.804765271292325781e-05,4.003676845534289135e-05
1.683094098883572087e+00,3.794009033943491344e-05,3.966072562751211391e-05
1.684688995215310570e+00,3.783283204946732948e-05,3.966072562751211391e-05
1.686283891547049052e+00,3.772587698336296629e-05,3.966072562751211391e-05
1.687878787878787534e+00,3.761922428389481476e-05,3.966072562751211391e-05
1.689473684210525795e+00,3.751287309625922029e-05,3.928821475827393611e-05
1.691068580542264277e+00,3.740682256806907935e-05,3.891920267392943555e-05
1.692663476874002759e+00,3.730107184934709720e-05,3.891920267392943555e-05
1.694258373205741242e+00,3.719562009251868627e-05,3.855365651236185043e-05
1.695853269537479724e+00,3.709046645240568463e-05,3.855365651236185043e-05
1.697448165869217984e+00,3.698561008621891561e-05,3.855365651236185043e-05
1.699043062200956467e+00,3.688105015355224505e-05,3.819154372010949802e-05
1.700637958532694949e+00,3.677678581637518836e-05,3.819154372010949802e-05
1.702232854864433431e+00,3.667281623902624948e-05,3.819154372010949802e-05
1.703827751196171914e+00,3.656914058820669351e-05,3.783283204946732948e-05
1.705422647527910174e+00,3.646575803297318085e-05,3.783283204946732948e-05
1.707017543859648656e+00,3.636266774473200745e-05,3.783283204946732948e-05
1.708612440191387138e+00,3.625986889723141368e-05,3.712548459377022997e-05
1.710207336523125621e+00,3.615736066655586523e-05,3.712548459377022997e-05
1.711802232854864103e+00,3.605514223111876859e-05,3.677678581637518836e-05
1.713397129186602363e+00,3.595321277165635884e-05,3.677678581637518836e-05
1.714992025518340846e+00,3.585157147122117416e-05,3.677678581637518836e-05
1.716586921850079328e+00,3.575021751517484586e-05,3.677678581637518836e-05
1.718181818181817810e+00,3.564915009118240630e-05,3.643136217029989844e-05
1.719776714513556293e+00,3.554836838920510608e-05,3.608918289407972272e-05
1.721371610845294553e+00,3.544787160149441026e-05,3.608918289407972272e-05
1.722966507177033035e+00,3.534765892258526953e-05,3.575021751517484586e-05
1.724561403508771518e+00,3.524772954928970307e-05,3.575021751517484586e-05
1.726156299840510000e+00,3.514808268069046280e-05,3.541443584725716706e-05
1.727751196172248260e+00,3.504871751813431124e-05,3.508180798752146522e-05
1.729346092503986743e+00,3.494963326522605170e-05,3.508180798752146522e-05
1.730940988835725225e+00,3.485082912782185363e-05,3.508180798752146522e-05
1.732535885167463707e+00,3.475230431402304555e-05,3.508180798752146522e-05
1.734130781499202190e+00,3.465405803416946756e-05,3.475230431402304555e-05
1.735725677830940450e+00,3.455608950083358951e-05,3.475230431402304555e-05
1.737320574162678932e+00,3.445839792881388386e-05,3.475230431402304555e-05
1.738915470494417415e+00,3.436098253512863215e-05,3.442589548303915748e-05
1.740510366826155897e+00,3.426384253900971791e-05,3.442589548303915748e-05
1.742105263157894379e+00,3.416697716189606054e-05,3.410255242645633840e-05
1.743700159489632640e+00,3.407038562742789606e-05,3.410255242645633840e-05
1.745295055821371122e+00,3.397406716143992636e-05,3.410255242645633840e-05
1.746889952153109604e+00,3.387802099195584397e-05,3.410255242645633840e-05
1.748484848484848087e+00,3.378224634918156256e-05,3.378224634918156256e-05
1.750079744816586569e+00,3.368674246549909797e-05,3.346494872657768273e-05
1.751674641148324829e+00,3.359150857546082196e-05,3.315063130192368669e-05
1.753269537480063311e+00,3.349654391578272660e-05,3.315063130192368669e-05
1.754864433811801794e+00,3.340184772533911166e-05,3.283926608389776925e-05
1.756459330143540276e+00,3.330741924515553731e-05,3.283926608389776925e-05
1.758054226475278758e+00,3.321325771840356574e-05,3.283926608389776925e-05
1.759649122807017019e+00,3.311936239039406620e-05,3.283926608389776925e-05
1.761244019138755501e+00,3.302573250857157718e-05,3.283926608389776925e-05
1.762838915470493983e+00,3.293236732250836359e-05,3.253082534408511742e-05
1.764433811802232466e+00,3.283926608389776925e-05,3.253082534408511742e-05
1.766028708133970948e+00,3.274642804654896532e-05,3.192260768518039152e-05
1.767623604465709208e+00,3.265385246638037050e-05,3.192260768518039152e-05
1.769218500797447691e+00,3.256153860141416229e-05,3.162277660168379530e-05
1.770813397129186173e+00,3.246948571177004283e-05,3.162277660168379530e-05
1.772408293460924655e+00,3.237769305965940451e-05,3.162277660168379530e-05
1.774003189792663138e+00,3.228615990937944819e-05,3.162277660168379530e-05
1.775598086124401398e+00,3.219488552730705747e-05,3.162277660168379530e-05
1.777192982456139880e+00,3.210386918189328276e-05,3.132576166276777782e-05
1.778787878787878363e+00,3.201311014365724273e-05,3.132576166276777782e-05
1.780382775119616845e+00,3.192260768518039152e-05,3.074007466526894962e-05
1.781977671451355327e+00,3.183236108110042687e-05,3.074007466526894962e-05
1.783572567783093588e+00,3.174236960810587597e-05,3.045135044873413296e-05
1.785167464114832070e+00,3.165263254493003061e-05,3.045135044873413296e-05
1.786762360446570552e+00,3.156314917234524163e-05,3.045135044873413296e-05
1.788357256778309035e+00,3.147391877315721325e-05,3.045135044873413296e-05
1.789952153110047517e+00,3.138494063219898582e-05,3.045135044873413296e-05
1.791547049441785777e+00,3.129621403632567737e-05,3.016533805623096114e-05
1.793141945773524260e+00,3.120773827440816140e-05,3.016533805623096114e-05
1.794736842105262742e+00,3.111951263732810663e-05,2.960134710000499495e-05
1.796331738437001224e+00,3.103153641797168864e-05,2.960134710000499495e-05
1.797926634768739707e+00,3.094380891122398592e-05,2.960134710000499495e-05
1.799521531100477967e+00,3.085632941396375530e-05,2.932331831045620669e-05
1.801116427432216449e+00,3.076909722505715046e-05,2.932331831045620669e-05
1.802711323763954931e+00,3.068211164535293101e-05,2.932331831045620669e-05
1.804306220095693414e+00,3.059537197767594379e-05,2.904790088881426040e-05
1.805901116427431674e+00,3.050887752682221682e-05,2.904790088881426040e-05
1.807496012759170156e+00,3.042262759955316224e-05,2.904790088881426040e-05
1.809090909090908639e+00,3.033662150458975884e-05,2.850480227118562526e-05
1.810685805422647121e+00,3.025085855260769015e-05,2.850480227118562526e-05
1.812280701754385603e+00,3.016533805623096114e-05,2.823707270992570730e-05
1.813875598086123864e+00,3.008005933002712439e-05,2.823707270992570730e-05
1.815470494417862346e+00,2.999502169050123225e-05,2.823707270992570730e-05
1.817065390749600828e+00,2.991022445609073092e-05,2.823707270992570730e-05
1.818660287081339311e+00,2.982566694716006658e-05,2.823707270992570730e-05
1.820255183413077793e+00,2.974134848599466123e-05,2.797185778171926805e-05
1.821850079744816053e+00,2.965726839679618633e-05,2.797185778171926805e-05
1.823444976076554536e+00,2.957342600567656909e-05,2.744887757217144482e-05
1.825039872408293018e+00,2.948982064065303914e-05,2.744887757217144482e-05
1.826634768740031500e+00,2.940645163164248380e-05,2.744887757217144482e-05
1.828229665071769983e+00,2.932331831045620669e-05,2.719106571718785714e-05
1.829824561403508243e+00,2.924042001079433053e-05,2.719106571718785714e-05
1.831419457735246725e+00,2.915775606824081998e-05,2.693567534382576258e-05
1.833014354066985208e+00,2.907532582025790477e-05,2.693567534382576258e-05
1.834609250398723690e+00,2.899312860618084162e-05,2.693567534382576258e-05
1.836204146730462172e+00,2.891116376721267962e-05,2.693567534382576258e-05
1.837799043062200433e+00,2.882943064641872740e-05,2.643206828112884237e-05
1.839393939393938915e+00,2.874792858872172842e-05,2.643206828112884237e-05
1.840988835725677397e+00,2.866665694089604692e-05,2.618380674341416474e-05
1.842583732057415880e+00,2.858561505156310414e-05,2.618380674341416474e-05
1.844178628389154362e+00,2.850480227118562526e-05,2.618380674341416474e-05
1.845773524720892622e+00,2.842421795206248605e-05,2.618380674341416474e-05
1.847368421052631104e+00,2.834386144832386784e-05,2.618380674341416474e-05
1.848963317384369587e+00,2.826373211592557561e-05,2.593787698656701448e-05
1.850558213716108069e+00,2.818382931264454874e-05,2.593787698656701448e-05
1.852153110047846551e+00,2.810415239807292499e-05,2.545292541676009830e-05
1.853748006379584812e+00,2.802470073361352753e-05,2.545292541676009830e-05
1.855342902711323294e+00,2.794547368247452519e-05,2.521386041677244121e-05
1.856937799043061776e+00,2.786647060966409282e-05,2.521386041677244121e-05
1.858532695374800259e+00,2.778769088198595249e-05,2.521386041677244121e-05
1.860127591706538741e+00,2.770913386803350862e-05,2.521386041677244121e-05
1.861722488038277001e+00,2.770913386803350862e-05,2.497704081975053541e-05
1.863317384370015484e+00,2.770913386803350862e-05,2.497704081975053541e-05
1.864912280701753966e+00,2.719106571718785714e-05,2.474244553588844710e-05
1.866507177033492448e+00,2.719106571718785714e-05,2.474244553588844710e-05
1.868102073365230931e+00,2.719106571718785714e-05,2.474244553588844710e-05
1.869696969696969191e+00,2.719106571718785714e-05,2.451005367346472140e-05
1.871291866028707673e+00,2.719106571718785714e-05,2.451005367346472140e-05
1.872886762360446156e+00,2.706306927181030152e-05,2.451005367346472140e-05
1.874481658692184638e+00,2.693567534382576258e-05,2.451005367346472140e-05
1.876076555023923120e+00,2.680888109700535539e-05,2.427984453698223022e-05
1.877671451355661381e+00,2.668268370847132483e-05,2.405179762532499809e-05
1.879266347687399863e+00,2.655708036863389083e-05,2.405179762532499809e-05
1.880861244019138345e+00,2.643206828112884237e-05,2.382589262993234808e-05
1.882456140350876828e+00,2.630764466275544320e-05,2.382589262993234808e-05
1.884051036682615088e+00,2.618380674341416474e-05,2.360210943299066608e-05
1.885645933014353570e+00,2.606055176604520502e-05,2.338042810564145847e-05
1.887240829346092053e+00,2.593787698656701448e-05,2.338042810564145847e-05
1.888835725677830535e+00,2.581577967381541117e-05,2.338042810564145847e-05
1.890430622009569017e+00,2.569425710948245551e-05,2.316082890620695711e-05
1.892025518341307277e+00,2.557330658805610088e-05,2.316082890620695711e-05
1.893620414673045760e+00,2.545292541676009830e-05,2.294329227843167545e-05
1.895215311004784242e+00,2.545292541676009830e-05,2.294329227843167545e-05
1.896810207336522724e+00,2.545292541676009830e-05,2.272779884974117316e-05
1.898405103668261207e+00,2.521386041677244121e-05,2.272779884974117316e-05
1.899999999999999467e+00,2.521386041677244121e-05,2.251432942951668722e-05
1.901594896331737949e+00,2.497704081975053541e-05,2.251432942951668722e-05
1.903189792663476432e+00,2.497704081975053541e-05,2.251432942951668722e-05
1.904784688995214914e+00,2.487622884162589960e-05,2.251432942951668722e-05
1.906379585326953396e+00,2.477582375937833269e-05,2.230286500738599902e-05
1.907974481658691657e+00,2.467582393070066090e-05,2.230286500738599902e-05
1.909569377990430139e+00,2.457622771991402111e-05,2.209338675153079827e-05
1.911164274322168621e+00,2.447703349794165360e-05,2.209338675153079827e-05
1.912759170653907104e+00,2.437823964228200038e-05,2.188587600700925623e-05
1.914354066985645586e+00,2.427984453698223022e-05,2.168031429409509570e-05
1.915948963317383846e+00,2.418184657261183840e-05,2.168031429409509570e-05
1.917543859649122329e+00,2.408424414623613457e-05,2.147668330663152821e-05
1.919138755980860811e+00,2.398703566139032351e-05,2.147668330663152821e-05
1.920733652312599293e+00,2.389021952805318275e-05,2.127496491040136613e-05
1.922328548644337776e+00,2.379379416262111967e-05,2.127496491040136613e-05
1.923923444976076036e+00,2.369775798788225225e-05,2.127496491040136613e-05
1.925518341307814518e+00,2.360210943299066608e-05,2.107514114151173758e-05
1.927113237639553001e+00,2.360210943299066608e-05,2.107514114151173758e-05
1.928708133971291483e+00,2.360210943299066608e-05,2.087719420479464092e-05
1.930303030303029965e+00,2.338042810564145847e-05,2.087719420479464092e-05
1.931897926634768226e+00,2.338042810564145847e-05,2.068110647222205800e-05
1.933492822966506708e+00,2.316082890620695711e-05,2.068110647222205800e-05
1.935087719298245190e+00,2.316082890620695711e-05,2.068110647222205800e-05
1.936682615629983673e+00,2.316082890620695711e-05,2.048686048133599552e-05
1.938277511961722155e+00,2.306734749686418761e-05,2.048686048133599552e-05
1.939872408293460415e+00,2.297424339586077877e-05,2.048686048133599552e-05
1.941467304625198897e+00,2.288151508031015030e-05,2.029443893369366802e-05
1.943062200956937380e+00,2.278916103347239266e-05,2.010382469332665001e-05
1.944657097288675862e+00,2.269717974472947275e-05,2.010382469332665001e-05
1.946251993620414344e+00,2.260556970956031076e-05,1.991500078521519688e-05
1.947846889952152605e+00,2.251432942951668722e-05,1.991500078521519688e-05
1.949441786283891087e+00,2.242345741219810978e-05,1.972795039377619620e-05
1.951036682615629569e+00,2.233295217122768979e-05,1.972795039377619620e-05
1.952631578947368052e+00,2.224281222622812373e-05,1.972795039377619620e-05
1.954226475279106312e+00,2.215303610279680072e-05,1.954265686136600315e-05
1.955821371610844794e+00,2.206362233248244803e-05,1.954265686136600315e-05
1.957416267942583277e+00,2.197456945276041472e-05,1.935910368679669282e-05
1.959011164274321759e+00,2.188587600700925623e-05,1.935910368679669282e-05
1.960606060606060241e+00,2.168031429409509570e-05,1.917727452386681390e-05
1.962200956937798502e+00,2.168031429409509570e-05,1.917727452386681390e-05
1.963795853269536984e+00,2.168031429409509570e-05,1.899715317990559308e-05
1.965390749601275466e+00,2.168031429409509570e-05,1.899715317990559308e-05
1.966985645933013949e+00,2.168031429409509570e-05,1.899715317990559308e-05
1.968580542264752431e+00,2.155477558832082880e-05,1.899715317990559308e-05
1.970175438596490691e+00,2.147668330663152821e-05,1.881872361433078016e-05
1.971770334928229174e+00,2.147668330663152821e-05,1.881872361433078016e-05
1.973365231259967656e+00,2.142996380773928730e-05,1.881872361433078016e-05
1.974960127591706138e+00,2.130587474312892093e-05,1.846687640789755743e-05
1.976555023923444621e+00,2.118250420964129497e-05,1.846687640789755743e-05
1.978149920255182881e+00,2.105984804666026933e-05,1.829342743352862049e-05
1.979744816586921363e+00,2.093790211766142161e-05,1.829342743352862049e-05
1.981339712918659846e+00,2.081666231007259831e-05,1.829342743352862049e-05
1.982934609250398328e+00,2.069612453513553342e-05,1.829342743352862049e-05
1.984529505582136810e+00,2.057628472776744659e-05,1.829342743352862049e-05
1.986124401913875070e+00,2.045713884642424055e-05,1.812160756773464976e-05
1.987719298245613553e+00,2.033868287296429820e-05,1.812160756773464976e-05
1.989314194577352035e+00,2.029443893369366802e-05,1.778279410038922901e-05
1.990909090909090517e+00,2.029443893369366802e-05,1.778279410038922901e-05
1.992503987240829000e+00,2.022091281251265919e-05,1.761577032603786502e-05
1.994098883572567260e+00,2.010382469332665001e-05,1.761577032603786502e-05
1.995693779904305742e+00,2.010382469332665001e-05,1.761577032603786502e-05
1.997288676236044225e+00,1.991500078521519688e-05,1.745031531197477630e-05
1.998883572567782707e+00,1.991500078521519688e-05,1.745031531197477630e-05
2.000478468899521189e+00,1.991500078521519688e-05,1.745031531197477630e-05
2.002073365231259672e+00,1.991500078521519688e-05,1.745031531197477630e-05
2.003668261562998154e+00,1.982125494469859752e-05,1.712405276517688224e-05
2.005263157894736192e+00,1.972795039377619620e-05,1.712405276517688224e-05
2.006858054226474675e+00,1.963508505516638856e-05,1.696321617735578792e-05
2.008452950558213157e+00,1.954265686136600315e-05,1.696321617735578792e-05
2.010047846889951639e+00,1.945066375460417207e-05,1.696321617735578792e-05
2.011642743221690122e+00,1.935910368679669282e-05,1.696321617735578792e-05
2.013237639553428604e+00,1.926797461950017671e-05,1.696321617735578792e-05
2.014832535885167086e+00,1.917727452386681390e-05,1.680389023706289496e-05
2.016427432216905569e+00,1.908700138059928416e-05,1.680389023706289496e-05
2.018022328548644051e+00,1.899715317990559308e-05,1.648971367768037267e-05
2.019617224880382533e+00,1.890772792145447404e-05,1.648971367768037267e-05
2.021212121212120572e+00,1.881872361433078016e-05,1.648971367768037267e-05
2.022807017543859054e+00,1.873013827699129957e-05,1.633483507981372989e-05
2.024401913875597536e+00,1.864196993722043533e-05,1.633483507981372989e-05
2.025996810207336019e+00,1.864196993722043533e-05,1.618141116942960236e-05
2.027591706539074501e+00,1.864196993722043533e-05,1.618141116942960236e-05
2.029186602870812983e+00,1.864196993722043533e-05,1.602942828346739829e-05
2.030781499202551466e+00,1.864196993722043533e-05,1.602942828346739829e-05
2.032376395534289948e+00,1.850713607513839492e-05,1.587887288719586296e-05
2.033971291866028430e+00,1.846687640789755743e-05,1.587887288719586296e-05
2.035566188197766913e+00,1.846687640789755743e-05,1.572973157300799134e-05
2.037161084529504951e+00,1.837327744101912826e-05,1.572973157300799134e-05
2.038755980861243433e+00,1.829342743352862049e-05,1.572973157300799134e-05
2.040350877192981915e+00,1.824038698122218096e-05,1.558199105922674894e-05
2.041945773524720398e+00,1.810845769312486206e-05,1.543563818892254266e-05
2.043540669856458880e+00,1.797748262475302235e-05,1.543563818892254266e-05
2.045135566188197362e+00,1.784745487441487187e-05,1.543563818892254266e-05
2.046730462519935845e+00,1.771836759033718604e-05,1.543563818892254266e-05
2.048325358851674327e+00,1.759021397030455092e-05,1.543563818892254266e-05
2.049920255183412809e+00,1.746298726130046861e-05,1.529065992874128967e-05
2.051515151515151292e+00,1.745031531197477630e-05,1.529065992874128967e-05
2.053110047846889330e+00,1.733668075915182022e-05,1.500477571625670382e-05
2.054704944178627812e+00,1.728641432371761454e-05,1.500477571625670382e-05
2.056299840510366295e+00,1.728641432371761454e-05,1.486384430473178531e-05
2.057894736842104777e+00,1.721128780817547018e-05,1.486384430473178531e-05
2.059489633173843259e+00,1.712405276517688224e-05,1.486384430473178531e-05
2.061084529505581742e+00,1.712405276517688224e-05,1.472423658261951939e-05
2.062679425837320224e+00,1.712405276517688224e-05,1.472423658261951939e-05
2.064274322169058706e+00,1.728641432371761454e-05,1.458594011725035257e-05
2.065869218500797189e+00,1.728641432371761454e-05,1.458594011725035257e-05
2.067464114832535671e+00,1.728641432371761454e-05,1.458594011725035257e-05
2.069059011164273709e+00,1.717384707628000611e-05,1.458594011725035257e-05
2.070653907496012192e+00,1.717384707628000611e-05,1.444894259272791320e-05
2.072248803827750674e+00,1.717384707628000611e-05,1.444894259272791320e-05
2.073843700159489156e+00,1.717384707628000611e-05,1.417879567993230183e-05
2.075438596491227639e+00,1.717384707628000611e-05,1.417879567993230183e-05
2.077033492822966121e+00,1.702489684923446311e-05,1.404562223391195835e-05
2.078628389154704603e+00,1.687723848009579328e-05,1.404562223391195835e-05
2.080223285486443086e+00,1.673086076447116182e-05,1.404562223391195835e-05
2.081818181818181568e+00,1.658575259514448325e-05,1.404562223391195835e-05
2.083413078149919606e+00,1.644190296123339328e-05,1.404562223391195835e-05
2.085007974481658088e+00,1.629930094735383711e-05,1.391369961110154638e-05
2.086602870813396571e+00,1.615793573279191518e-05,1.391369961110154638e-05
2.088197767145135053e+00,1.602942828346739829e-05,1.365355995234224495e-05
2.089792663476873535e+00,1.602942828346739829e-05,1.365355995234224495e-05
2.091387559808612018e+00,1.601779659068258986e-05,1.365355995234224495e-05
2.092982456140350500e+00,1.587887288719586296e-05,1.352531974983535181e-05
2.094577352472088982e+00,1.587887288719586296e-05,1.352531974983535181e-05
2.096172248803827465e+00,1.587887288719586296e-05,1.339828403535912747e-05
2.097767145135565947e+00,1.587887288719586296e-05,1.339828403535912747e-05
2.099362041467303985e+00,1.587887288719586296e-05,1.327244149583561032e-05
2.100956937799042468e+00,1.587887288719586296e-05,1.327244149583561032e-05
2.102551834130780950e+00,1.587887288719586296e-05,1.327244149583561032e-05
2.104146730462519432e+00,1.572973157300799134e-05,1.314778092444409977e-05
2.105741626794257915e+00,1.558199105922674894e-05,1.314778092444409977e-05
2.107336523125996397e+00,1.543563818892254266e-05,1.314778092444409977e-05
2.108931419457734879e+00,1.529065992874128967e-05,1.290196138408277290e-05
2.110526315789473362e+00,1.514704336774399083e-05,1.290196138408277290e-05
2.112121212121211844e+00,1.500477571625670382e-05,1.278078052382314351e-05
2.113716108452950326e+00,1.486384430473178531e-05,1.266073784716649061e-05
2.115311004784688365e+00,1.472423658261951939e-05,1.266073784716649061e-05
2.116905901116426847e+00,1.472423658261951939e-05,1.266073784716649061e-05
2.118500797448165329e+00,1.472423658261951939e-05,1.254182266379490704e-05
2.120095693779903812e+00,1.472423658261951939e-05,1.254182266379490704e-05
2.121690590111642294e+00,1.472423658261951939e-05,1.254182266379490704e-05
2.123285486443380776e+00,1.486384430473178531e-05,1.254182266379490704e-05
2.124880382775119259e+00,1.486384430473178531e-05,1.254182266379490704e-05
2.126475279106857741e+00,1.486384430473178531e-05,1.242402438379873006e-05
2.128070175438596223e+00,1.500477571625670382e-05,1.230733251673324984e-05
2.129665071770334706e+00,1.500477571625670382e-05,1.230733251673324984e-05
2.131259968102072744e+00,1.500477571625670382e-05,1.230733251673324984e-05
2.132854864433811226e+00,1.500477571625670382e-05,1.219173667068470324e-05
2.134449760765549708e+00,1.489624899583440088e-05,1.219173667068470324e-05
2.136044657097288191e+00,1.486384430473178531e-05,1.196379196109328170e-05
2.137639553429026673e+00,1.476705256941920490e-05,1.196379196109328170e-05
2.139234449760765155e+00,1.476705256941920490e-05,1.185142279809135806e-05
2.140829346092503638e+00,1.476705256941920490e-05,1.174010905538049394e-05
2.142424242424242120e+00,1.463897667452862884e-05,1.174010905538049394e-05
2.144019138755980602e+00,1.451201159269806849e-05,1.174010905538049394e-05
2.145614035087719085e+00,1.438614768975194914e-05,1.162984081999205681e-05
2.147208931419457123e+00,1.426137541507280229e-05,1.162984081999205681e-05
2.148803827751195605e+00,1.413768530087639006e-05,1.162984081999205681e-05
2.150398724082934088e+00,1.413768530087639006e-05,1.162984081999205681e-05
2.151993620414672570e+00,1.413768530087639006e-05,1.152060827206427689e-05
2.153588516746411052e+00,1.401506796149339077e-05,1.141240168396791096e-05
2.155183413078149535e+00,1.391369961110154638e-05,1.141240168396791096e-05
2.156778309409888017e+00,1.391369961110154638e-05,1.141240168396791096e-05
2.158373205741626499e+00,1.391369961110154638e-05,1.141240168396791096e-05
2.159968102073364982e+00,1.391369961110154638e-05,1.130521141943977168e-05
2.161562998405103020e+00,1.391369961110154638e-05,1.130521141943977168e-05
2.163157894736841502e+00,1.391369961110154638e-05,1.119902793272475606e-05
2.164752791068579985e+00,1.391369961110154638e-05,1.109384176772557518e-05
2.166347687400318467e+00,1.378301606322273445e-05,1.109384176772557518e-05
2.167942583732056949e+00,1.242402438379873006e-05,1.109384176772557518e-05
2.169537480063795432e+00,1.162984081999205681e-05,1.109384176772557518e-05
2.171132376395533914e+00,1.162984081999205681e-05,1.088642402173062380e-05
2.172727272727272396e+00,1.162984081999205681e-05,1.088642402173062380e-05
2.174322169059010879e+00,1.162984081999205681e-05,1.088642402173062380e-05
2.175917065390749361e+00,1.162984081999205681e-05,1.088642402173062380e-05
2.177511961722487399e+00,1.179563462095259357e-05,1.068288429403216504e-05
2.179106858054225881e+00,1.196379196109328170e-05,1.068288429403216504e-05
2.180701754385964364e+00,1.213434653478278173e-05,1.058254597567368630e-05
2.182296650717702846e+00,1.230733251673324984e-05,1.068288429403216504e-05
2.183891547049441328e+00,1.248278456884790801e-05,1.058254597567368630e-05
2.185486443381179811e+00,1.266073784716649061e-05,1.048315007865518784e-05
2.187081339712918293e+00,1.284122800890957355e-05,1.038468775134350659e-05
2.188676236044656775e+00,1.302429121962336329e-05,1.048315007865518784e-05
2.190271132376395258e+00,1.314778092444409977e-05,1.038468775134350659e-05
2.191866028708133740e+00,1.314778092444409977e-05,1.028715022524397060e-05
2.193460925039871778e+00,1.314778092444409977e-05,1.019052881421936185e-05
2.195055821371610261e+00,1.314778092444409977e-05,1.028715022524397060e-05
2.196650717703348743e+00,1.314778092444409977e-05,1.019052881421936185e-05
2.198245614035087225e+00,1.314778092444409977e-05,1.009481491371653788e-05
2.199840510366825708e+00,1.308589040347537136e-05,9.999999999999999124e-06
2.201435406698564190e+00,1.302429121962336329e-05,9.999999999999999124e-06
2.203030303030302672e+00,1.302429121962336329e-05,9.999999999999999124e-06
2.204625199362041155e+00,1.296298200147746109e-05,9.906075629392960938e-06
2.206220095693779637e+00,1.290196138408277290e-05,9.813033437525335722e-06
2.207814992025518119e+00,1.284122800890957355e-05,9.813033437525335722e-06
2.209409888357256158e+00,1.278078052382314351e-05,9.813033437525335722e-06
2.211004784688994640e+00,1.272061758305374144e-05,9.720865138588796243e-06
2.212599681020733122e+00,1.266073784716649061e-05,9.629562524599030271e-06
2.214194577352471605e+00,1.260113998303165301e-05,9.629562524599030271e-06
2.215789473684210087e+00,1.254182266379490704e-05,9.629562524599030271e-06
2.217384370015948569e+00,1.248278456884790801e-05,9.539117464664620698e-06
2.218979266347687052e+00,1.242402438379873006e-05,9.449521904263116973e-06
2.220574162679425534e+00,1.242402438379873006e-05,9.449521904263116973e-06
2.222169059011164016e+00,1.236554080044270453e-05,9.449521904263116973e-06
2.223763955342902054e+00,1.230733251673324984e-05,9.449521904263116973e-06
2.225358851674640537e+00,1.230733251673324984e-05,9.360767864523582952e-06
2.226953748006379019e+00,1.230733251673324984e-05,9.360767864523582952e-06
2.228548644338117501e+00,1.230733251673324984e-05,9.272847441516205604e-06
2.230143540669855984e+00,1.230733251673324984e-05,9.185752805548254787e-06
2.231738437001594466e+00,1.230733251673324984e-05,9.099476200466959878e-06
2.233333333333332948e+00,1.230733251673324984e-05,9.185752805548254787e-06
2.234928229665071431e+00,1.230733251673324984e-05,9.099476200466959878e-06
2.236523125996809913e+00,1.221831589559570825e-05,9.014009942968718834e-06
2.238118022328548395e+00,1.211234540926962745e-05,8.845478097653788216e-06
2.239712918660286434e+00,1.211234540926962745e-05,9.014009942968718834e-06
2.241307814992024916e+00,1.200729401392696278e-05,8.845478097653788216e-06
2.242902711323763398e+00,1.190315373821394646e-05,8.845478097653788216e-06
2.244497607655501881e+00,1.179991667991300531e-05,8.680097234317462061e-06
2.246092503987240363e+00,1.169757500534324263e-05,8.845478097653788216e-06
2.247687400318978845e+00,1.159612094876586516e-05,8.680097234317462061e-06
2.249282296650717328e+00,1.152060827206427689e-05,8.680097234317462061e-06
2.250877192982455810e+00,1.149554681179501408e-05,8.517808440132844535e-06
2.252472089314194292e+00,1.141240168396791096e-05,8.680097234317462061e-06
2.254066985645932775e+00,1.141240168396791096e-05,8.517808440132844535e-06
2.255661881977670813e+00,1.141240168396791096e-05,8.517808440132844535e-06
2.257256778309409295e+00,1.139584496281357987e-05,8.358553903745895595e-06
2.258851674641147778e+00,1.130521141943977168e-05,8.517808440132844535e-06
2.260446570972886260e+00,1.130521141943977168e-05,8.358553903745895595e-06
2.262041467304624742e+00,1.130521141943977168e-05,8.280046712286477940e-06
2.263636363636363225e+00,1.119902793272475606e-05,8.202276894681639229e-06
2.265231259968101707e+00,1.119902793272475606e-05,8.202276894681639229e-06
2.266826156299840189e+00,1.115382657492103894e-05,8.125237525193892835e-06
2.268421052631578672e+00,1.110880765819699264e-05,8.125237525193892835e-06
2.270015948963317154e+00,1.106397044618653870e-05,8.125237525193892835e-06
2.271610845295055192e+00,1.101931420549562044e-05,8.125237525193892835e-06
2.273205741626793674e+00,1.097483820569045291e-05,8.125237525193892835e-06
2.274800637958532157e+00,1.093054171928523753e-05,8.048921743135239738e-06
2.276395534290270639e+00,1.088642402173062380e-05,8.048921743135239738e-06
2.277990430622009121e+00,1.084248439140154251e-05,7.898433820141081721e-06
2.279585326953747604e+00,1.079872210958553873e-05,7.898433820141081721e-06
2.281180223285486086e+00,1.075513646047114542e-05,7.750759518112540483e-06
2.282775119617224568e+00,1.071172673113586743e-05,7.898433820141081721e-06
2.284370015948963051e+00,1.066849221153487359e-05,7.750759518112540483e-06
2.285964912280701533e+00,1.062543219448905189e-05,7.750759518112540483e-06
2.287559808612439571e+00,1.058254597567368630e-05,7.750759518112540483e-06
2.289154704944178054e+00,1.058254597567368630e-05,7.750759518112540483e-06
2.290749601275916536e+00,1.058254597567368630e-05,7.677960997166017487e-06
2.292344497607655018e+00,1.048315007865518784e-05,7.605846231745612375e-06
2.293939393939393501e+00,1.048315007865518784e-05,7.605846231745612375e-06
2.295534290271131983e+00,1.038468775134350659e-05,7.463642339279576304e-06
2.297129186602870465e+00,1.038468775134350659e-05,7.463642339279576304e-06
2.298724082934608948e+00,1.028715022524397060e-05,7.324097184108029577e-06
2.300318979266347430e+00,1.028715022524397060e-05,7.463642339279576304e-06
2.301913875598085468e+00,1.028715022524397060e-05,7.324097184108029577e-06
2.303508771929823951e+00,1.028715022524397060e-05,7.324097184108029577e-06
2.305103668261562433e+00,1.028715022524397060e-05,7.255306062279816471e-06
2.306698564593300915e+00,1.028715022524397060e-05,7.255306062279816471e-06
2.308293460925039398e+00,1.028715022524397060e-05,7.187161056733709848e-06
2.309888357256777880e+00,1.028715022524397060e-05,7.119656098863211682e-06
2.311483253588516362e+00,1.028715022524397060e-05,7.119656098863211682e-06
2.313078149920254845e+00,1.028715022524397060e-05,7.052785177060782621e-06
2.314673046251993327e+00,1.028715022524397060e-05,7.052785177060782621e-06
2.316267942583731809e+00,1.028715022524397060e-05,6.920921677018050119e-06
2.317862838915469847e+00,1.028715022524397060e-05,6.920921677018050119e-06
2.319457735247208330e+00,1.028715022524397060e-05,6.855917355764610961e-06
2.321052631578946812e+00,1.028715022524397060e-05,6.855917355764610961e-06
2.322647527910685294e+00,1.028715022524397060e-05,6.855917355764610961e-06
2.324242424242423777e+00,1.028715022524397060e-05,6.855917355764610961e-06
2.325837320574162259e+00,1.028715022524397060e-05,6.791523583507204815e-06
2.327432216905900741e+00,1.028715022524397060e-05,6.791523583507204815e-06
2.329027113237639224e+00,1.028715022524397060e-05,6.664544801669808758e-06
2.330622009569377706e+00,1.028715022524397060e-05,6.601948484081883906e-06
2.332216905901116188e+00,1.028715022524397060e-05,6.601948484081883906e-06
2.333811802232854227e+00,1.028715022524397060e-05,6.601948484081883906e-06
2.335406698564592709e+00,1.028715022524397060e-05,6.601948484081883906e-06
2.337001594896331191e+00,1.028715022524397060e-05,6.601948484081883906e-06
2.338596491228069674e+00,1.028715022524397060e-05,6.539940098467149080e-06
2.340191387559808156e+00,1.028715022524397060e-05,6.417665086567087038e-06
2.341786283891546638e+00,1.028715022524397060e-05,6.417665086567087038e-06
2.343381180223285121e+00,1.028715022524397060e-05,6.357387571164828610e-06
2.344976076555023603e+00,1.028715022524397060e-05,6.357387571164828610e-06
2.346570972886762085e+00,1.028715022524397060e-05,6.357387571164828610e-06
2.348165869218500568e+00,1.028715022524397060e-05,6.357387571164828610e-06
2.349760765550238606e+00,1.028715022524397060e-05,6.297676208532175506e-06
2.351355661881977088e+00,1.028715022524397060e-05,6.179930721303401125e-06
2.352950558213715571e+00,1.028715022524397060e-05,6.179930721303401125e-06
2.354545454545454053e+00,1.028715022524397060e-05,6.121886110964048437e-06
2.356140350877192535e+00,1.028715022524397060e-05,6.121886110964048437e-06
2.357735247208931018e+00,1.028715022524397060e-05,6.121886110964048437e-06
2.359330143540669500e+00,1.028715022524397060e-05,6.121886110964048437e-06
2.360925039872407982e+00,1.028715022524397060e-05,6.064386680974021692e-06
2.362519936204146465e+00,1.028715022524397060e-05,5.951002927848136202e-06
2.364114832535884947e+00,1.028715022524397060e-05,5.895108507400270656e-06
2.365709728867622985e+00,1.028715022524397060e-05,5.895108507400270656e-06
2.367304625199361467e+00,1.028715022524397060e-05,5.839739071778493719e-06
2.368899521531099950e+00,1.028715022524397060e-05,5.839739071778493719e-06
2.370494417862838432e+00,1.028715022524397060e-05,5.839739071778493719e-06
2.372089314194576914e+00,1.028715022524397060e-05,5.784889690095892555e-06
2.373684210526315397e+00,1.028715022524397060e-05,5.784889690095892555e-06
2.375279106858053879e+00,1.028715022524397060e-05,5.730555477778552016e-06
2.376874003189792361e+00,1.028715022524397060e-05,5.676731596130657430e-06
2.378468899521530844e+00,1.028715022524397060e-05,5.623413251903491208e-06
2.380063795853268882e+00,1.028715022524397060e-05,5.623413251903491208e-06
2.381658692185007364e+00,1.028715022524397060e-05,5.570595696868659529e-06
2.383253588516745847e+00,1.028715022524397060e-05,5.570595696868659529e-06
2.384848484848484329e+00,1.028715022524397060e-05,5.570595696868659529e-06
2.386443381180222811e+00,1.028715022524397060e-05,5.518274227395203512e-06
2.388038277511961294e+00,1.028715022524397060e-05,5.518274227395203512e-06
2.389633173843699776e+00,1.028715022524397060e-05,5.466444184030689759e-06
2.391228070175438258e+00,1.028715022524397060e-05,5.415100951086342091e-06
2.392822966507176741e+00,1.028715022524397060e-05,5.364239956225906145e-06
2.394417862838915223e+00,1.028715022524397060e-05,5.313856670058551796e-06
2.396012759170653261e+00,1.028715022524397060e-05,5.313856670058551796e-06
2.397607655502391744e+00,1.028715022524397060e-05,5.263946605735425434e-06
2.399202551834130226e+00,1.028715022524397060e-05,5.263946605735425434e-06
2.400797448165868708e+00,1.028715022524397060e-05,5.263946605735425434e-06
2.402392344497607191e+00,1.028715022524397060e-05,5.214505318550160421e-06
2.403987240829345673e+00,1.028715022524397060e-05,5.214505318550160421e-06
2.405582137161084155e+00,1.028715022524397060e-05,5.165528405542973051e-06
2.407177033492822638e+00,1.028715022524397060e-05,5.117011505108631981e-06
2.408771929824561120e+00,1.028715022524397060e-05,5.068950296608012312e-06
2.410366826156299602e+00,1.028715022524397060e-05,5.021340499983285132e-06
2.411961722488037640e+00,1.028715022524397060e-05,5.021340499983285132e-06
2.413556618819776123e+00,1.028715022524397060e-05,4.974177875376839086e-06
2.415151515151514605e+00,1.028715022524397060e-05,4.974177875376839086e-06
2.416746411483253087e+00,1.028715022524397060e-05,4.974177875376839086e-06
2.418341307814991570e+00,1.028715022524397060e-05,4.927458222753616338e-06
2.419936204146730052e+00,1.028715022524397060e-05,4.927458222753616338e-06
2.421531100478468534e+00,1.028715022524397060e-05,4.835331230189040068e-06
2.423125996810207017e+00,1.028715022524397060e-05,4.789915685941843586e-06
2.424720893141945499e+00,1.028715022524397060e-05,4.789915685941843586e-06
2.426315789473683981e+00,1.028715022524397060e-05,4.744926704335556734e-06
2.427910685805422020e+00,1.028715022524397060e-05,4.744926704335556734e-06
2.429505582137160502e+00,1.028715022524397060e-05,4.744926704335556734e-06
2.431100478468898984e+00,1.028715022524397060e-05,4.744926704335556734e-06
2.432695374800637467e+00,1.028715022524397060e-05,4.700360278907431518e-06
2.434290271132375949e+00,1.028715022524397060e-05,4.656212440825170827e-06
2.435885167464114431e+00,1.028715022524397060e-05,4.656212440825170827e-06
2.437480063795852914e+00,1.028715022524397060e-05,4.612479258533453967e-06
2.439074960127591396e+00,1.028715022524397060e-05,4.569156837403885890e-06
2.440669856459329878e+00,1.028715022524397060e-05,4.526241319388085539e-06
2.442264752791068361e+00,1.028715022524397060e-05,4.483728882674184337e-06
2.443859649122806399e+00,1.028715022524397060e-05,4.483728882674184337e-06
2.445454545454544881e+00,1.028715022524397060e-05,4.441615741346407034e-06
2.447049441786283364e+00,1.028715022524397060e-05,4.441615741346407034e-06
2.448644338118021846e+00,1.028715022524397060e-05,4.441615741346407034e-06
2.450239234449760328e+00,1.028715022524397060e-05,4.399898145047988175e-06
2.451834130781498811e+00,1.028715022524397060e-05,4.399898145047988175e-06
2.453429027113237293e+00,1.028715022524397060e-05,4.399898145047988175e-06
2.455023923444975775e+00,1.028715022524397060e-05,4.358572378647117543e-06
2.456618819776714258e+00,1.028715022524397060e-05,4.317634761906152627e-06
2.458213716108452296e+00,1.028715022524397060e-05,4.236909428960680988e-06
2.459808612440190778e+00,1.028715022524397060e-05,4.197114523817273579e-06
2.461403508771929260e+00,1.028715022524397060e-05,4.157693389815754211e-06
2.462998405103667743e+00,1.028715022524397060e-05,4.157693389815754211e-06
2.464593301435406225e+00,1.028715022524397060e-05,4.157693389815754211e-06
2.466188197767144707e+00,1.028715022524397060e-05,4.157693389815754211e-06
2.467783094098883190e+00,1.028715022524397060e-05,4.118642516334213268e-06
2.469377990430621672e+00,1.028715022524397060e-05,4.118642516334213268e-06
2.470972886762360154e+00,1.028715022524397060e-05,4.079958425724005823e-06
2.472567783094098637e+00,1.028715022524397060e-05,4.041637673000104345e-06
2.474162679425836675e+00,1.028715022524397060e-05,4.003676845534288966e-06
2.475757575757575157e+00,1.028715022524397060e-05,3.966072562751210883e-06
2.477352472089313640e+00,1.028715022524397060e-05,3.966072562751210883e-06
2.478947368421052122e+00,1.028715022524397060e-05,3.928821475827394120e-06
2.480542264752790604e+00,1.028715022524397060e-05,3.928821475827394120e-06
2.482137161084529087e+00,1.028715022524397060e-05,3.928821475827394120e-06
2.483732057416267569e+00,1.028715022524397060e-05,3.928821475827394120e-06
2.485326953748006051e+00,1.028715022524397060e-05,3.891920267392943555e-06
2.486921850079744534e+00,1.028715022524397060e-05,3.855365651236185382e-06
2.488516746411483016e+00,1.028715022524397060e-05,3.855365651236185382e-06
2.490111642743221054e+00,1.028715022524397060e-05,3.783283204946732863e-06
2.491706539074959537e+00,1.028715022524397060e-05,3.747748955561452348e-06
2.493301435406698019e+00,1.028715022524397060e-05,3.747748955561452348e-06
2.494896331738436501e+00,1.028715022524397060e-05,3.712548459377022997e-06
2.496491228070174984e+00,1.028715022524397060e-05,3.712548459377022997e-06
2.498086124401913466e+00,1.028715022524397060e-05,3.712548459377022997e-06
2.499681020733651948e+00,1.028715022524397060e-05,3.712548459377022997e-06
2.501275917065390431e+00,1.028715022524397060e-05,3.712548459377022997e-06
2.502870813397128913e+00,1.028715022524397060e-05,3.712548459377022997e-06
2.504465709728867395e+00,1.028715022524397060e-05,3.747748955561452348e-06
2.506060606060605433e+00,1.028715022524397060e-05,3.747748955561452348e-06
2.507655502392343916e+00,1.028715022524397060e-05,3.855365651236185382e-06
2.509250398724082398e+00,1.028715022524397060e-05,3.855365651236185382e-06
2.510845295055820880e+00,1.028715022524397060e-05,3.855365651236185382e-06
2.512440191387559363e+00,1.028715022524397060e-05,3.855365651236185382e-06
2.514035087719297845e+00,1.028715022524397060e-05,3.855365651236185382e-06
2.515629984051036327e+00,1.028715022524397060e-05,3.855365651236185382e-06
2.517224880382774810e+00,1.028715022524397060e-05,3.855365651236185382e-06
2.518819776714513292e+00,1.028715022524397060e-05,3.855365651236185382e-06
2.520414673046251774e+00,1.028715022524397060e-05,3.855365651236185382e-06
2.522009569377989813e+00,1.028715022524397060e-05,3.855365651236185382e-06
2.523604465709728295e+00,1.028715022524397060e-05,3.855365651236185382e-06
2.525199362041466777e+00,1.028715022524397060e-05,3.855365651236185382e-06
2.526794258373205260e+00,1.028715022524397060e-05,3.855365651236185382e-06
2.528389154704943742e+00,1.028715022524397060e-05,3.855365651236185382e-06
2.529984051036682224e+00,1.028715022524397060e-05,3.855365651236185382e-06
2.531578947368420707e+00,1.028715022524397060e-05,3.855365651236185382e-06
2.533173843700159189e+00,1.028715022524397060e-05,3.855365651236185382e-06
2.534768740031897671e+00,1.028715022524397060e-05,3.855365651236185382e-06
2.536363636363635710e+00,1.028715022524397060e-05,3.855365651236185382e-06
2.537958532695374192e+00,1.028715022524397060e-05,3.855365651236185382e-06
2.539553429027112674e+00,1.028715022524397060e-05,3.855365651236185382e-06
2.541148325358851157e+00,1.028715022524397060e-05,3.855365651236185382e-06
2.542743221690589639e+00,1.028715022524397060e-05,3.855365651236185382e-06
2.544338118022328121e+00,1.028715022524397060e-05,3.855365651236185382e-06
2.545933014354066604e+00,1.028715022524397060e-05,3.855365651236185382e-06
2.547527910685805086e+00,1.028715022524397060e-05,3.855365651236185382e-06
2.549122807017543568e+00,1.028715022524397060e-05,3.855365651236185382e-06
2.550717703349282051e+00,1.028715022524397060e-05,3.855365651236185382e-06
2.552312599681020089e+00,1.028715022524397060e-05,3.855365651236185382e-06
2.553907496012758571e+00,1.028715022524397060e-05,3.855365651236185382e-06
2.555502392344497054e+00,1.028715022524397060e-05,3.855365651236185382e-06
2.557097288676235536e+00,1.028715022524397060e-05,3.855365651236185382e-06
2.558692185007974018e+00,1.028715022524397060e-05,3.855365651236185382e-06
2.560287081339712500e+00,1.028715022524397060e-05,3.855365651236185382e-06
2.561881977671450983e+00,1.028715022524397060e-05,3.855365651236185382e-06
2.563476874003189465e+00,1.028715022524397060e-05,3.855365651236185382e-06
2.565071770334927947e+00,1.028715022524397060e-05,3.855365651236185382e-06
2.566666666666666430e+00,1.028715022524397060e-05,3.855365651236185382e-06
2.568261562998404468e+00,1.028715022524397060e-05,3.855365651236185382e-06
2.569856459330142950e+00,1.028715022524397060e-05,3.855365651236185382e-06
2.571451355661881433e+00,1.028715022524397060e-05,3.855365651236185382e-06
2.573046251993619915e+00,1.028715022524397060e-05,3.855365651236185382e-06
2.574641148325358397e+00,1.028715022524397060e-05,3.855365651236185382e-06
2.576236044657096880e+00,1.028715022524397060e-05,3.855365651236185382e-06
2.577830940988835362e+00,1.028715022524397060e-05,3.855365651236185382e-06
2.579425837320573844e+00,1.028715022524397060e-05,3.855365651236185382e-06
2.581020733652312327e+00,1.028715022524397060e-05,3.855365651236185382e-06
2.582615629984050809e+00,1.028715022524397060e-05,3.855365651236185382e-06
2.584210526315788847e+00,1.028715022524397060e-05,3.855365651236185382e-06
2.585805422647527330e+00,1.028715022524397060e-05,3.855365651236185382e-06
2.587400318979265812e+00,1.028715022524397060e-05,3.855365651236185382e-06
2.588995215311004294e+00,1.028715022524397060e-05,3.855365651236185382e-06
2.590590111642742777e+00,1.028715022524397060e-05,3.855365651236185382e-06
2.592185007974481259e+00,1.028715022524397060e-05,3.855365651236185382e-06
2.593779904306219741e+00,1.028715022524397060e-05,3.855365651236185382e-06
2.595374800637958224e+00,1.028715022524397060e-05,3.855365651236185382e-06
2.596969696969696706e+00,1.028715022524397060e-05,3.855365651236185382e-06
2.598564593301435188e+00,1.028715022524397060e-05,3.855365651236185382e-06
2.600159489633173227e+00,1.028715022524397060e-05,3.855365651236185382e-06
2.601754385964911709e+00,1.028715022524397060e-05,3.855365651236185382e-06
2.603349282296650191e+00,1.028715022524397060e-05,3.855365651236185382e-06
2.604944178628388674e+00,1.028715022524397060e-05,3.855365651236185382e-06
2.606539074960127156e+00,1.028715022524397060e-05,3.855365651236185382e-06
2.608133971291865638e+00,1.028715022524397060e-05,3.855365651236185382e-06
2.609728867623604120e+00,1.028715022524397060e-05,3.855365651236185382e-06
2.611323763955342603e+00,1.028715022524397060e-05,3.855365651236185382e-06
2.612918660287081085e+00,1.028715022524397060e-05,3.855365651236185382e-06
2.614513556618819123e+00,1.028715022524397060e-05,3.855365651236185382e-06
2.616108452950557606e+00,1.028715022524397060e-05,3.855365651236185382e-06
2.617703349282296088e+00,1.028715022524397060e-05,3.855365651236185382e-06
2.619298245614034570e+00,1.028715022524397060e-05,3.855365651236185382e-06
2.620893141945773053e+00,1.028715022524397060e-05,3.855365651236185382e-06
2.622488038277511535e+00,1.028715022524397060e-05,3.855365651236185382e-06
2.624082934609250017e+00,1.028715022524397060e-05,3.855365651236185382e-06
2.625677830940988500e+00,1.028715022524397060e-05,3.855365651236185382e-06
2.627272727272726982e+00,1.028715022524397060e-05,3.855365651236185382e-06
2.628867623604465464e+00,1.028715022524397060e-05,3.855365651236185382e-06
2.630462519936203503e+00,1.028715022524397060e-05,3.855365651236185382e-06
2.632057416267941985e+00,1.028715022524397060e-05,3.855365651236185382e-06
2.633652312599680467e+00,1.028715022524397060e-05,3.855365651236185382e-06
2.635247208931418950e+00,1.028715022524397060e-05,3.855365651236185382e-06
2.636842105263157432e+00,1.028715022524397060e-05,3.855365651236185382e-06
2.638437001594895914e+00,1.028715022524397060e-05,3.855365651236185382e-06
2.640031897926634397e+00,1.028715022524397060e-05,3.855365651236185382e-06
2.641626794258372879e+00,1.028715022524397060e-05,3.855365651236185382e-06
2.643221690590111361e+00,1.028715022524397060e-05,3.855365651236185382e-06
2.644816586921849844e+00,1.028715022524397060e-05,3.855365651236185382e-06
2.646411483253587882e+00,1.028715022524397060e-05,3.855365651236185382e-06
2.648006379585326364e+00,1.028715022524397060e-05,3.855365651236185382e-06
2.649601275917064847e+00,1.028715022524397060e-05,3.855365651236185382e-06
2.651196172248803329e+00,1.028715022524397060e-05,3.855365651236185382e-06
2.652791068580541811e+00,1.028715022524397060e-05,3.855365651236185382e-06
2.654385964912280294e+00,1.028715022524397060e-05,3.855365651236185382e-06
2.655980861244018776e+00,1.028715022524397060e-05,3.855365651236185382e-06
2.657575757575757258e+00,1.028715022524397060e-05,3.855365651236185382e-06
2.659170653907495740e+00,1.028715022524397060e-05,3.855365651236185382e-06
2.660765550239234223e+00,1.028715022524397060e-05,3.855365651236185382e-06
2.662360446570972261e+00,1.028715022524397060e-05,3.855365651236185382e-06
2.663955342902710743e+00,1.028715022524397060e-05,3.855365651236185382e-06
2.665550239234449226e+00,1.028715022524397060e-05,3.855365651236185382e-06
2.667145135566187708e+00,1.028715022524397060e-05,3.855365651236185382e-06
2.668740031897926190e+00,1.028715022524397060e-05,3.855365651236185382e-06
2.670334928229664673e+00,1.028715022524397060e-05,3.855365651236185382e-06
2.671929824561403155e+00,1.028715022524397060e-05,3.855365651236185382e-06
2.673524720893141637e+00,1.028715022524397060e-05,3.855365651236185382e-06
2.675119617224880120e+00,1.028715022524397060e-05,3.855365651236185382e-06
2.676714513556618602e+00,1.028715022524397060e-05,3.855365651236185382e-06
2.678309409888356640e+00,1.028715022524397060e-05,3.855365651236185382e-06
2.679904306220095123e+00,1.028715022524397060e-05,3.855365651236185382e-06
2.681499202551833605e+00,1.028715022524397060e-05,3.855365651236185382e-06
2.683094098883572087e+00,1.028715022524397060e-05,3.855365651236185382e-06
2.684688995215310570e+00,1.028715022524397060e-05,3.855365651236185382e-06
2.686283891547049052e+00,1.028715022524397060e-05,3.855365651236185382e-06
2.687878787878787534e+00,1.028715022524397060e-05,3.855365651236185382e-06
2.689473684210526017e+00,1.028715022524397060e-05,3.855365651236185382e-06
2.691068580542264499e+00,1.028715022524397060e-05,3.855365651236185382e-06
2.692663476874002537e+00,1.028715022524397060e-05,3.855365651236185382e-06
2.694258373205741020e+00,1.028715022524397060e-05,3.855365651236185382e-06
2.695853269537479502e+00,1.028715022524397060e-05,3.855365651236185382e-06
2.697448165869217984e+00,1.028715022524397060e-05,3.855365651236185382e-06
2.699043062200956467e+00,1.028715022524397060e-05,3.855365651236185382e-06
