sample_name,tilt_deg,theta_initial_deg_used_for_q,qz_map_source,qr_integration_source,solid_angle_corrected,m,qr,qr_original,qr_fit_count,qr_fit_sample_count,qr_fit_method,branch,phi_window,delta_qr,qz_bin,qz_min,qz_max,qz_center,pixel_count,acceptance_sum,acceptance_source,background_sum_raw,background_sum,fit_sum,background_mean_raw,background_mean,fit_mean,background_weighted_sum_raw,background_weighted_sum,fit_weighted_sum,background_density_raw,qr_sideband_background_density,qr_sideband_pixel_count,qr_sideband_inner_delta_qr,qr_sideband_outer_delta_qr,qr_sideband_percentile,qr_transverse_background_subtracted,background_density,fit_density,two_theta_min,two_theta_max,two_theta_mean,smoothed_background_density
PbI2,4.0,4.0,detector_qspace_per_pixel,detector_qr_band_per_qz_bin_fast,False,1,1.5806530407269872,1.5806530407269872,0,2,saved_q_group_rows_insufficient_detector_rotation_anchors,-,-,0.13,1,0.7713458887701282,0.7923603826605471,0.7818531357153377,269,269.0,pixel_count,33623.45842532138,33623.45842532138,28090.31287765503,124.99426923911295,124.99426923911295,104.42495493552056,33623.45842532138,33623.45842532138,28090.31287765503,124.99426923911295,,0,,,,False,124.99426923911295,104.42495493552056,23.64946174621582,27.14099884033203,25.40100455315509,133.46339421128386
PbI2,4.0,4.0,detector_qspace_per_pixel,detector_qr_band_per_qz_bin_fast,False,1,1.5806530407269872,1.5806530407269872,0,2,saved_q_group_rows_insufficient_detector_rotation_anchors,-,-,0.13,2,0.7923603826605471,0.8133748765509662,0.8028676296057566,268,268.0,pixel_count,39549.134211313525,39549.134211313525,31629.72243499756,147.57139631087136,147.57139631087136,118.02135236939388,39549.134211313525,39549.134211313525,31629.72243499756,147.57139631087136,,0,,,,False,147.57139631087136,118.02135236939388,23.85700798034668,27.242889404296875,25.583989578046435,150.40095511392605
PbI2,4.0,4.0,detector_qspace_per_pixel,detector_qr_band_per_qz_bin_fast,False,1,1.5806530407269872,1.5806530407269872,0,2,saved_q_group_rows_insufficient_detector_rotation_anchors,-,-,0.13,3,0.8133748765509662,0.8343893704413853,0.8238821234961757,275,275.0,pixel_count,47885.30330606369,47885.30330606369,35777.90121459961,174.1283756584134,174.1283756584134,130.1014589621804,47885.30330606369,47885.30330606369,35777.90121459961,174.1283756584134,,0,,,,False,174.1283756584134,130.1014589621804,23.980127334594727,27.427061080932617,25.706885832829624,172.9275991729308
PbI2,4.0,4.0,detector_qspace_per_pixel,detector_qr_band_per_qz_bin_fast,False,1,1.5806530407269872,1.5806530407269872,0,2,saved_q_group_rows_insufficient_detector_rotation_anchors,-,-,0.13,4,0.8343893704413853,0.8554038643318043,0.8448966173865948,270,270.0,pixel_count,54694.09798892615,54694.09798892615,39069.35032272339,202.5707332923191,202.5707332923191,144.7012974915681,54694.09798892615,54694.09798892615,39069.35032272339,202.5707332923191,,0,,,,False,202.5707332923191,144.7012974915681,24.136964797973633,27.532732009887695,25.864434771568547,189.6272666360718
PbI2,4.0,4.0,detector_qspace_per_pixel,detector_qr_band_per_qz_bin_fast,False,1,1.5806530407269872,1.5806530407269872,0,2,saved_q_group_rows_insufficient_detector_rotation_anchors,-,-,0.13,5,0.8554038643318043,0.8764183582222234,0.8659111112770138,277,277.0,pixel_count,54267.57763425616,54267.57763425616,41759.97546005249,195.91183261464317,195.91183261464317,150.75803415181403,54267.57763425616,54267.57763425616,41759.97546005249,195.91183261464317,,0,,,,False,195.91183261464317,150.75803415181403,24.31945037841797,27.72069549560547,26.043109468854514,192.0071523155166
PbI2,4.0,4.0,detector_qspace_per_pixel,detector_qr_band_per_qz_bin_fast,False,1,1.5806530407269872,1.5806530407269872,0,2,saved_q_group_rows_insufficient_detector_rotation_anchors,-,-,0.13,6,0.8764183582222234,0.8974328521126425,0.8869256051674329,279,279.0,pixel_count,51342.993690003816,51342.993690003816,40295.96537590027,184.02506698926098,184.02506698926098,144.42998342616585,51342.993690003816,51342.993690003816,40295.96537590027,184.02506698926098,,0,,,,False,184.02506698926098,144.42998342616585,24.481361389160156,27.857511520385742,26.18448006545603,184.7267874840012
PbI2,4.0,4.0,detector_qspace_per_pixel,detector_qr_band_per_qz_bin_fast,False,1,1.5806530407269872,1.5806530407269872,0,2,saved_q_group_rows_insufficient_detector_rotation_anchors,-,-,0.13,7,0.8974328521126425,0.9184473460030615,0.907940099057852,273,273.0,pixel_count,47901.46774134418,47901.46774134418,37015.78307914734,175.46325179979553,175.46325179979553,135.58894900786572,47901.46774134418,47901.46774134418,37015.78307914734,175.46325179979553,,0,,,,False,175.46325179979553,135.58894900786572,24.666776657104492,28.049419403076172,26.366847250537656,175.77715809702102
PbI2,4.0,4.0,detector_qspace_per_pixel,detector_qr_band_per_qz_bin_fast,False,1,1.5806530407269872,1.5806530407269872,0,2,saved_q_group_rows_insufficient_detector_rotation_anchors,-,-,0.13,8,0.9184473460030615,0.9394618398934804,0.928954592948271,282,282.0,pixel_count,46884.39394452003,46884.39394452003,34834.931131362915,166.25671611531925,166.25671611531925,123.52812457930112,46884.39394452003,46884.39394452003,34834.931131362915,166.25671611531925,,0,,,,False,166.25671611531925,123.52812457930112,24.83340835571289,28.16242790222168,26.506283330437714,168.17830872380677
PbI2,4.0,4.0,detector_qspace_per_pixel,detector_qr_band_per_qz_bin_fast,False,1,1.5806530407269872,1.5806530407269872,0,2,saved_q_group_rows_insufficient_detector_rotation_anchors,-,-,0.13,9,0.9394618398934804,0.9604763337838995,0.94996908683869,281,281.0,pixel_count,45866.247111595294,45866.247111595294,32009.737142562866,163.2250786889512,163.2250786889512,113.91365531161162,45866.247111595294,45866.247111595294,32009.737142562866,163.2250786889512,,0,,,,False,163.2250786889512,113.91365531161162,25.002822875976562,28.357563018798828,26.702193287623285,162.06061420900284
PbI2,4.0,4.0,detector_qspace_per_pixel,detector_qr_band_per_qz_bin_fast,False,1,1.5806530407269872,1.5806530407269872,0,2,saved_q_group_rows_insufficient_detector_rotation_anchors,-,-,0.13,10,0.9604763337838995,0.9814908276743186,0.9709835807291091,282,282.0,pixel_count,43743.27455129325,43743.27455129325,29825.264421463013,155.11799486274202,155.11799486274202,105.76334901228019,43743.27455129325,43743.27455129325,29825.264421463013,155.11799486274202,,0,,,,False,155.11799486274202,105.76334901228019,25.192485809326172,28.50298500061035,26.869209264700665,156.47185306777686
PbI2,4.0,4.0,detector_qspace_per_pixel,detector_qr_band_per_qz_bin_fast,False,1,1.5806530407269872,1.5806530407269872,0,2,saved_q_group_rows_insufficient_detector_rotation_anchors,-,-,0.13,11,0.9814908276743186,1.0025053215647375,0.991998074619528,287,287.0,pixel_count,43560.9182029751,43560.9182029751,28036.21318244934,151.78020279782265,151.78020279782265,97.68715394581652,43560.9182029751,43560.9182029751,28036.21318244934,151.78020279782265,,0,,,,False,151.78020279782265,97.68715394581652,25.366098403930664,28.701459884643555,27.034656194232785,151.74906588681637
PbI2,4.0,4.0,detector_qspace_per_pixel,detector_qr_band_per_qz_bin_fast,False,1,1.5806530407269872,1.5806530407269872,0,2,saved_q_group_rows_insufficient_detector_rotation_anchors,-,-,0.13,12,1.0025053215647375,1.0235198154551566,1.013012568509947,285,285.0,pixel_count,41788.76576920109,41788.76576920109,26021.259159088135,146.6272483129863,146.6272483129863,91.30266371609872,41788.76576920109,41788.76576920109,26021.259159088135,146.6272483129863,,0,,,,False,146.6272483129863,91.30266371609872,25.593305587768555,28.850990295410156,27.224780321348273,148.5895810058257
PbI2,4.0,4.0,detector_qspace_per_pixel,detector_qr_band_per_qz_bin_fast,False,1,1.5806530407269872,1.5806530407269872,0,2,saved_q_group_rows_insufficient_detector_rotation_anchors,-,-,0.13,13,1.0235198154551566,1.0445343093455757,1.0340270624003662,288,288.0,pixel_count,42316.96104923206,42316.96104923206,24478.31587600708,146.93389253205575,146.93389253205575,84.99415234724681,42316.96104923206,42316.96104923206,24478.31587600708,146.93389253205575,,0,,,,False,146.93389253205575,84.99415234724681,25.735483169555664,29.052499771118164,27.396975736566283,147.6639013343546
PbI2,4.0,4.0,detector_qspace_per_pixel,detector_qr_band_per_qz_bin_fast,False,1,1.5806530407269872,1.5806530407269872,0,2,saved_q_group_rows_insufficient_detector_rotation_anchors,-,-,0.13,14,1.0445343093455757,1.0655488032359945,1.055041556290785,289,289.0,pixel_count,42871.42744620038,42871.42744620038,22979.992040634155,148.3440396062297,148.3440396062297,79.51554339319777,42871.42744620038,42871.42744620038,22979.992040634155,148.3440396062297,,0,,,,False,148.3440396062297,79.51554339319777,25.915294647216797,29.175010681152344,27.57795652223507,148.3663256915131
PbI2,4.0,4.0,detector_qspace_per_pixel,detector_qr_band_per_qz_bin_fast,False,1,1.5806530407269872,1.5806530407269872,0,2,saved_q_group_rows_insufficient_detector_rotation_anchors,-,-,0.13,15,1.0655488032359945,1.0865632971264136,1.076056050181204,294,294.0,pixel_count,44003.32026961951,44003.32026961951,21579.500247955322,149.67115737965818,149.67115737965818,73.39966070733102,44003.32026961951,44003.32026961951,21579.500247955322,149.67115737965818,,0,,,,False,149.67115737965818,73.39966070733102,26.146888732910156,29.378952026367188,27.77206495166498,149.49746032359235
PbI2,4.0,4.0,detector_qspace_per_pixel,detector_qr_band_per_qz_bin_fast,False,1,1.5806530407269872,1.5806530407269872,0,2,saved_q_group_rows_insufficient_detector_rotation_anchors,-,-,0.13,16,1.0865632971264136,1.1075777910168327,1.0970705440716233,296,296.0,pixel_count,44447.22713828087,44447.22713828087,20336.27018737793,150.15955114284077,150.15955114284077,68.70361549789841,44447.22713828087,44447.22713828087,20336.27018737793,150.15955114284077,,0,,,,False,150.15955114284077,68.70361549789841,26.33051300048828,29.535436630249023,27.941123420157474,150.73097539339153
PbI2,4.0,4.0,detector_qspace_per_pixel,detector_qr_band_per_qz_bin_fast,False,1,1.5806530407269872,1.5806530407269872,0,2,saved_q_group_rows_insufficient_detector_rotation_anchors,-,-,0.13,17,1.1075777910168327,1.1285922849072516,1.1180850379620422,295,295.0,pixel_count,45109.16305789807,45109.16305789807,19283.496898651123,152.91241714541718,152.91241714541718,65.36778609712245,45109.16305789807,45109.16305789807,19283.496898651123,152.91241714541718,,0,,,,False,152.91241714541718,65.36778609712245,26.564647674560547,29.741865158081055,28.16220894206434,151.52440704669584
PbI2,4.0,4.0,detector_qspace_per_pixel,detector_qr_band_per_qz_bin_fast,False,1,1.5806530407269872,1.5806530407269872,0,2,saved_q_group_rows_insufficient_detector_rotation_anchors,-,-,0.13,18,1.1285922849072516,1.1496067787976707,1.139099531852461,298,298.0,pixel_count,45687.74024991135,45687.74024991135,18224.55838394165,153.31456459701795,153.31456459701795,61.15623618772366,45687.74024991135,45687.74024991135,18224.55838394165,153.31456459701795,,0,,,,False,153.31456459701795,61.15623618772366,26.71415901184082,29.90162467956543,28.33737644649262,149.3839872435815
PbI2,4.0,4.0,detector_qspace_per_pixel,detector_qr_band_per_qz_bin_fast,False,1,1.5806530407269872,1.5806530407269872,0,2,saved_q_group_rows_insufficient_detector_rotation_anchors,-,-,0.13,19,1.1496067787976707,1.1706212726880898,1.1601140257428804,302,302.0,pixel_count,43169.32114507708,43169.32114507708,17556.48032951355,142.9447720035665,142.9447720035665,58.13404082620381,43169.32114507708,43169.32114507708,17556.48032951355,142.9447720035665,,0,,,,False,142.9447720035665,58.13404082620381,26.902740478515625,30.11026382446289,28.535831010729524,143.01347705951878
PbI2,4.0,4.0,detector_qspace_per_pixel,detector_qr_band_per_qz_bin_fast,False,1,1.5806530407269872,1.5806530407269872,0,2,saved_q_group_rows_insufficient_detector_rotation_anchors,-,-,0.13,20,1.1706212726880898,1.191635766578509,1.1811285196332992,303,303.0,pixel_count,40763.56053401061,40763.56053401061,16933.902465820312,134.53320308254328,134.53320308254328,55.88746688389542,40763.56053401061,40763.56053401061,16933.902465820312,134.53320308254328,,0,,,,False,134.53320308254328,55.88746688389542,27.140071868896484,30.352338790893555,28.72808964830584,135.08847624516778
PbI2,4.0,4.0,detector_qspace_per_pixel,detector_qr_band_per_qz_bin_fast,False,1,1.5806530407269872,1.5806530407269872,0,2,saved_q_group_rows_insufficient_detector_rotation_anchors,-,-,0.13,21,1.191635766578509,1.212650260468928,1.2021430135237186,308,308.0,pixel_count,38952.30138349881,38952.30138349881,16515.733856201172,126.46851098538575,126.46851098538575,53.622512520133675,38952.30138349881,38952.30138349881,16515.733856201172,126.46851098538575,,0,,,,False,126.46851098538575,53.622512520133675,27.331628799438477,30.516599655151367,28.944813158715508,128.53320185252701
PbI2,4.0,4.0,detector_qspace_per_pixel,detector_qr_band_per_qz_bin_fast,False,1,1.5806530407269872,1.5806530407269872,0,2,saved_q_group_rows_insufficient_detector_rotation_anchors,-,-,0.13,22,1.212650260468928,1.233664754359347,1.2231575074141374,306,306.0,pixel_count,37961.45513399815,37961.45513399815,16012.804471969604,124.05704292156257,124.05704292156257,52.32942637898564,37961.45513399815,37961.45513399815,16012.804471969604,124.05704292156257,,0,,,,False,124.05704292156257,52.32942637898564,27.570707321166992,30.728055953979492,29.138911904416233,124.26871191302021
PbI2,4.0,4.0,detector_qspace_per_pixel,detector_qr_band_per_qz_bin_fast,False,1,1.5806530407269872,1.5806530407269872,0,2,saved_q_group_rows_insufficient_detector_rotation_anchors,-,-,0.13,23,1.233664754359347,1.2546792482497662,1.2441720013045567,313,313.0,pixel_count,37985.114329454715,37985.114329454715,15923.380262374878,121.35819274586171,121.35819274586171,50.87341936860983,37985.114329454715,37985.114329454715,15923.380262374878,121.35819274586171,,0,,,,False,121.35819274586171,50.87341936860983,27.764917373657227,30.894912719726562,29.338277539250218,121.14823826898134
PbI2,4.0,4.0,detector_qspace_per_pixel,detector_qr_band_per_qz_bin_fast,False,1,1.5806530407269872,1.5806530407269872,0,2,saved_q_group_rows_insufficient_detector_rotation_anchors,-,-,0.13,24,1.2546792482497662,1.275693742140185,1.2651864951949756,311,311.0,pixel_count,36671.84706237273,36671.84706237273,15661.163223266602,117.91590695296699,117.91590695296699,50.35743801693441,36671.84706237273,36671.84706237273,15661.163223266602,117.91590695296699,,0,,,,False,117.91590695296699,50.35743801693441,28.00544548034668,31.107925415039062,29.55307581852678,118.18424717082414
PbI2,4.0,4.0,detector_qspace_per_pixel,detector_qr_band_per_qz_bin_fast,False,1,1.5806530407269872,1.5806530407269872,0,2,saved_q_group_rows_insufficient_detector_rotation_anchors,-,-,0.13,25,1.275693742140185,1.2967082360306041,1.2862009890853945,316,316.0,pixel_count,36419.824343370594,36419.824343370594,15629.387510299683,115.25260868155252,115.25260868155252,49.460087057910386,36419.824343370594,36419.824343370594,15629.387510299683,115.25260868155252,,0,,,,False,115.25260868155252,49.460087057910386,28.202007293701172,31.277135848999023,29.75305807851045,115.42547438517559
PbI2,4.0,4.0,detector_qspace_per_pixel,detector_qr_band_per_qz_bin_fast,False,1,1.5806530407269872,1.5806530407269872,0,2,saved_q_group_rows_insufficient_detector_rotation_anchors,-,-,0.13,26,1.2967082360306041,1.3177227299210232,1.3072154829758138,319,319.0,pixel_count,36120.56804069059,36120.56804069059,15659.478382110596,113.23062081721187,113.23062081721187,49.089273925111584,36120.56804069059,36120.56804069059,15659.478382110596,113.23062081721187,,0,,,,False,113.23062081721187,49.089273925111584,28.3998966217041,31.52564239501953,29.98040043150629,112.68599076187267
PbI2,4.0,4.0,detector_qspace_per_pixel,detector_qr_band_per_qz_bin_fast,False,1,1.5806530407269872,1.5806530407269872,0,2,saved_q_group_rows_insufficient_detector_rotation_anchors,-,-,0.13,27,1.3177227299210232,1.3387372238114421,1.3282299768662327,319,319.0,pixel_count,34929.86482678775,34929.86482678775,15517.619859695435,109.4980088614036,109.4980088614036,48.64457636268161,34929.86482678775,34929.86482678775,15517.619859695435,109.4980088614036,,0,,,,False,109.4980088614036,48.64457636268161,28.64232635498047,31.697214126586914,30.17699380417853,109.6641796077588
PbI2,4.0,4.0,detector_qspace_per_pixel,detector_qr_band_per_qz_bin_fast,False,1,1.5806530407269872,1.5806530407269872,0,2,saved_q_group_rows_insufficient_detector_rotation_anchors,-,-,0.13,28,1.3387372238114421,1.3597517177018612,1.3492444707566515,326,326.0,pixel_count,34600.62441606084,34600.62441606084,15732.636974334717,106.13688471184307,106.13688471184307,48.25962262065864,34600.62441606084,34600.62441606084,15732.636974334717,106.13688471184307,,0,,,,False,106.13688471184307,48.25962262065864,28.84213638305664,31.912803649902344,30.39640738608843,106.95316814804917
PbI2,4.0,4.0,detector_qspace_per_pixel,detector_qr_band_per_qz_bin_fast,False,1,1.5806530407269872,1.5806530407269872,0,2,saved_q_group_rows_insufficient_detector_rotation_anchors,-,-,0.13,29,1.3597517177018612,1.3807662115922803,1.3702589646470709,326,326.0,pixel_count,34199.64138442337,34199.64138442337,15743.34718132019,104.90687541234162,104.90687541234162,48.292476016319604,34199.64138442337,34199.64138442337,15743.34718132019,104.90687541234162,,0,,,,False,104.90687541234162,48.292476016319604,29.085338592529297,32.16336441040039,30.62335769325019,105.27510802017113
PbI2,4.0,4.0,detector_qspace_per_pixel,detector_qr_band_per_qz_bin_fast,False,1,1.5806530407269872,1.5806530407269872,0,2,saved_q_group_rows_insufficient_detector_rotation_anchors,-,-,0.13,30,1.3807662115922803,1.4017807054826992,1.3912734585374897,331,331.0,pixel_count,34381.71901251598,34381.71901251598,15816.564018249512,103.8722628776918,103.8722628776918,47.78418132401665,34381.71901251598,34381.71901251598,15816.564018249512,103.8722628776918,,0,,,,False,103.8722628776918,47.78418132401665,29.32721710205078,32.33765411376953,30.83540881292506,104.62612972012305
PbI2,4.0,4.0,detector_qspace_per_pixel,detector_qr_band_per_qz_bin_fast,False,1,1.5806530407269872,1.5806530407269872,0,2,saved_q_group_rows_insufficient_detector_rotation_anchors,-,-,0.13,31,1.4017807054826992,1.4227951993731183,1.4122879524279086,329,329.0,pixel_count,34802.45487245022,34802.45487245022,15707.436527252197,105.78253760623166,105.78253760623166,47.74296816793981,34802.45487245022,34802.45487245022,15707.436527252197,105.78253760623166,,0,,,,False,105.78253760623166,47.74296816793981,29.571043014526367,32.55437469482422,31.060441060669326,104.04906781365148
PbI2,4.0,4.0,detector_qspace_per_pixel,detector_qr_band_per_qz_bin_fast,False,1,1.5806530407269872,1.5806530407269872,0,2,saved_q_group_rows_insufficient_detector_rotation_anchors,-,-,0.13,32,1.4227951993731183,1.4438096932635374,1.433302446318328,338,338.0,pixel_count,34559.87257737911,34559.87257737911,15821.10525894165,102.24814372005653,102.24814372005653,46.80800372467944,34559.87257737911,34559.87257737911,15821.10525894165,102.24814372005653,,0,,,,False,102.24814372005653,46.80800372467944,29.774089813232422,32.765480041503906,31.279705235056046,102.2426780729779
PbI2,4.0,4.0,detector_qspace_per_pixel,detector_qr_band_per_qz_bin_fast,False,1,1.5806530407269872,1.5806530407269872,0,2,saved_q_group_rows_insufficient_detector_rotation_anchors,-,-,0.13,33,1.4438096932635374,1.4648241871539562,1.4543169402087468,338,338.0,pixel_count,33697.126610800646,33697.126610800646,15813.432618141174,99.69564086035695,99.69564086035695,46.78530360396797,33697.126610800646,33697.126610800646,15813.432618141174,99.69564086035695,,0,,,,False,99.69564086035695,46.78530360396797,29.977985382080078,32.98285675048828,31.513515211458113,99.54994587977433
PbI2,4.0,4.0,detector_qspace_per_pixel,detector_qr_band_per_qz_bin_fast,False,1,1.5806530407269872,1.5806530407269872,0,2,saved_q_group_rows_insufficient_detector_rotation_anchors,-,-,0.13,34,1.4648241871539562,1.4858386810443753,1.4753314340991657,343,343.0,pixel_count,33147.26094069772,33147.26094069772,15848.064609527588,96.63924472506623,96.63924472506623,46.204269998622706,33147.26094069772,33147.26094069772,15848.064609527588,96.63924472506623,,0,,,,False,96.63924472506623,46.204269998622706,30.263324737548828,33.23571014404297,31.740947816475778,96.66486416306168
PbI2,4.0,4.0,detector_qspace_per_pixel,detector_qr_band_per_qz_bin_fast,False,1,1.5806530407269872,1.5806530407269872,0,2,saved_q_group_rows_insufficient_detector_rotation_anchors,-,-,0.13,35,1.4858386810443753,1.5068531749347944,1.496345927989585,346,346.0,pixel_count,32348.097777554554,32348.097777554554,15717.856533050537,93.4916120738571,93.4916120738571,45.427331020377274,32348.097777554554,32348.097777554554,15717.856533050537,93.4916120738571,,0,,,,False,93.4916120738571,45.427331020377274,30.4683895111084,33.449241638183594,31.968388142036996,93.98392934862153
PbI2,4.0,4.0,detector_qspace_per_pixel,detector_qr_band_per_qz_bin_fast,False,1,1.5806530407269872,1.5806530407269872,0,2,saved_q_group_rows_insufficient_detector_rotation_anchors,-,-,0.13,36,1.5068531749347944,1.5278676688252135,1.5173604218800039,347,347.0,pixel_count,31828.59977025433,31828.59977025433,15585.099601745605,91.72507138401825,91.72507138401825,44.91383170531875,31828.59977025433,31828.59977025433,15585.099601745605,91.72507138401825,,0,,,,False,91.72507138401825,44.91383170531875,30.75393295288086,33.667022705078125,32.199518203014854,91.87096993009558
PbI2,4.0,4.0,detector_qspace_per_pixel,detector_qr_band_per_qz_bin_fast,False,1,1.5806530407269872,1.5806530407269872,0,2,saved_q_group_rows_insufficient_detector_rotation_anchors,-,-,0.13,37,1.5278676688252135,1.5488821627156326,1.5383749157704232,353,353.0,pixel_count,31694.28782374344,31694.28782374344,15535.579062461853,89.78551791428737,89.78551791428737,44.01013898714406,31694.28782374344,31694.28782374344,15535.579062461853,89.78551791428737,,0,,,,False,89.78551791428737,44.01013898714406,30.95990562438965,33.88194274902344,32.42822939252483,90.52558755884893
PbI2,4.0,4.0,detector_qspace_per_pixel,detector_qr_band_per_qz_bin_fast,False,1,1.5806530407269872,1.5806530407269872,0,2,saved_q_group_rows_insufficient_detector_rotation_anchors,-,-,0.13,38,1.5488821627156326,1.5698966566060517,1.559389409660842,357,357.0,pixel_count,32024.74719710829,32024.74719710829,15481.799509048462,89.70517422159185,89.70517422159185,43.36638517940746,32024.74719710829,32024.74719710829,15481.799509048462,89.70517422159185,,0,,,,False,89.70517422159185,43.36638517940746,31.166427612304688,34.13580322265625,32.6838939355784,90.33336207765674
PbI2,4.0,4.0,detector_qspace_per_pixel,detector_qr_band_per_qz_bin_fast,False,1,1.5806530407269872,1.5806530407269872,0,2,saved_q_group_rows_insufficient_detector_rotation_anchors,-,-,0.13,39,1.5698966566060517,1.5909111504964706,1.5804039035512611,358,358.0,pixel_count,32385.220137504184,32385.220137504184,15177.46763420105,90.46150876397817,90.46150876397817,42.39516098938841,32385.220137504184,32385.220137504184,15177.46763420105,90.46150876397817,,0,,,,False,90.46150876397817,42.39516098938841,31.45201873779297,34.38953399658203,32.89321098896597,91.73049469860283
PbI2,4.0,4.0,detector_qspace_per_pixel,detector_qr_band_per_qz_bin_fast,False,1,1.5806530407269872,1.5806530407269872,0,2,saved_q_group_rows_insufficient_detector_rotation_anchors,-,-,0.13,40,1.5909111504964706,1.6119256443868897,1.6014183974416802,365,365.0,pixel_count,34474.11385234013,34474.11385234013,15184.398122787476,94.4496269927127,94.4496269927127,41.601090747362946,34474.11385234013,34474.11385234013,15184.398122787476,94.4496269927127,,0,,,,False,94.4496269927127,41.601090747362946,31.700563430786133,34.569881439208984,33.1480436976233,94.84491901655105
PbI2,4.0,4.0,detector_qspace_per_pixel,detector_qr_band_per_qz_bin_fast,False,1,1.5806530407269872,1.5806530407269872,0,2,saved_q_group_rows_insufficient_detector_rotation_anchors,-,-,0.13,41,1.6119256443868897,1.6329401382773088,1.6224328913320991,367,367.0,pixel_count,36320.23272103901,36320.23272103901,14939.333490371704,98.96521177394824,98.96521177394824,40.706630763955594,36320.23272103901,36320.23272103901,14939.333490371704,98.96521177394824,,0,,,,False,98.96521177394824,40.706630763955594,31.944246292114258,34.82360076904297,33.38940845184843,99.20668354980734
PbI2,4.0,4.0,detector_qspace_per_pixel,detector_qr_band_per_qz_bin_fast,False,1,1.5806530407269872,1.5806530407269872,0,2,saved_q_group_rows_insufficient_detector_rotation_anchors,-,-,0.13,42,1.6329401382773088,1.6539546321677276,1.6434473852225182,374,374.0,pixel_count,38503.319216835196,38503.319216835196,14751.31669998169,102.95005138191229,102.95005138191229,39.442023261983124,38503.319216835196,38503.319216835196,14751.31669998169,102.95005138191229,,0,,,,False,102.95005138191229,39.442023261983124,32.19318389892578,35.04084396362305,33.61858559744948,105.17979874987066
PbI2,4.0,4.0,detector_qspace_per_pixel,detector_qr_band_per_qz_bin_fast,False,1,1.5806530407269872,1.5806530407269872,0,2,saved_q_group_rows_insufficient_detector_rotation_anchors,-,-,0.13,43,1.6539546321677276,1.6749691260581465,1.664461879112937,373,373.0,pixel_count,42121.884127244106,42121.884127244106,14437.246307373047,112.92730329019868,112.92730329019868,38.70575417526286,42121.884127244106,42121.884127244106,14437.246307373047,112.92730329019868,,0,,,,False,112.92730329019868,38.70575417526286,32.47763442993164,35.294368743896484,33.88162611003851,113.60151117721213
PbI2,4.0,4.0,detector_qspace_per_pixel,detector_qr_band_per_qz_bin_fast,False,1,1.5806530407269872,1.5806530407269872,0,2,saved_q_group_rows_insufficient_detector_rotation_anchors,-,-,0.13,44,1.6749691260581465,1.6959836199485658,1.6854763730033562,378,378.0,pixel_count,47044.5835546781,47044.5835546781,14273.968830108643,124.45657025047117,124.45657025047117,37.761822301874716,47044.5835546781,47044.5835546781,14273.968830108643,124.45657025047117,,0,,,,False,124.45657025047117,37.761822301874716,32.68523406982422,35.51224899291992,34.114848295776156,122.66726347306853
PbI2,4.0,4.0,detector_qspace_per_pixel,detector_qr_band_per_qz_bin_fast,False,1,1.5806530407269872,1.5806530407269872,0,2,saved_q_group_rows_insufficient_detector_rotation_anchors,-,-,0.13,45,1.6959836199485658,1.7169981138389847,1.7064908668937753,387,387.0,pixel_count,51271.65185015468,51271.65185015468,14113.63557434082,132.48488850169167,132.48488850169167,36.46934256935612,51271.65185015468,51271.65185015468,14113.63557434082,132.48488850169167,,0,,,,False,132.48488850169167,36.46934256935612,32.93459701538086,35.76534652709961,34.36528757693963,128.21792629310806
PbI2,4.0,4.0,detector_qspace_per_pixel,detector_qr_band_per_qz_bin_fast,False,1,1.5806530407269872,1.5806530407269872,0,2,saved_q_group_rows_insufficient_detector_rotation_anchors,-,-,0.13,46,1.7169981138389847,1.7380126077294036,1.7275053607841941,386,386.0,pixel_count,50602.93581666284,50602.93581666284,13713.169937133789,131.09568864420424,131.09568864420424,35.52634698739324,50602.93581666284,50602.93581666284,13713.169937133789,131.09568864420424,,0,,,,False,131.09568864420424,35.52634698739324,33.21782684326172,36.0179328918457,34.61787581074398,126.81633789564422
PbI2,4.0,4.0,detector_qspace_per_pixel,detector_qr_band_per_qz_bin_fast,False,1,1.5806530407269872,1.5806530407269872,0,2,saved_q_group_rows_insufficient_detector_rotation_anchors,-,-,0.13,47,1.7380126077294036,1.759027101619823,1.7485198546746132,395,395.0,pixel_count,47365.61712480805,47365.61712480805,13605.423824310303,119.9129547463495,119.9129547463495,34.44411094762102,47365.61712480805,47365.61712480805,13605.423824310303,119.9129547463495,,0,,,,False,119.9129547463495,34.44411094762102,33.46701431274414,36.23609161376953,34.85718320127936,118.7179230831625
PbI2,4.0,4.0,detector_qspace_per_pixel,detector_qr_band_per_qz_bin_fast,False,1,1.5806530407269872,1.5806530407269872,0,2,saved_q_group_rows_insufficient_detector_rotation_anchors,-,-,0.13,48,1.759027101619823,1.7800415955102418,1.7695343485650323,397,397.0,pixel_count,42459.64830532966,42459.64830532966,13223.08524608612,106.9512551771528,106.9512551771528,33.30751951155194,42459.64830532966,42459.64830532966,13223.08524608612,106.9512551771528,,0,,,,False,106.9512551771528,33.30751951155194,33.716270446777344,36.52431106567383,35.12194125918721,107.589723151223
PbI2,4.0,4.0,detector_qspace_per_pixel,detector_qr_band_per_qz_bin_fast,False,1,1.5806530407269872,1.5806530407269872,0,2,saved_q_group_rows_insufficient_detector_rotation_anchors,-,-,0.13,49,1.7800415955102418,1.8010560894006606,1.7905488424554512,403,403.0,pixel_count,38512.77579313015,38512.77579313015,13025.864857673645,95.56520047923115,95.56520047923115,32.32224530440111,38512.77579313015,38512.77579313015,13025.864857673645,95.56520047923115,,0,,,,False,95.56520047923115,32.32224530440111,33.99773406982422,36.742576599121094,35.371966560962086,96.96110708369108
PbI2,4.0,4.0,detector_qspace_per_pixel,detector_qr_band_per_qz_bin_fast,False,1,1.5806530407269872,1.5806530407269872,0,2,saved_q_group_rows_insufficient_detector_rotation_anchors,-,-,0.13,50,1.8010560894006606,1.82207058329108,1.8115633363458703,412,412.0,pixel_count,36144.43445602573,36144.43445602573,12818.62537574768,87.72920984472265,87.72920984472265,31.11316838773709,36144.43445602573,36144.43445602573,12818.62537574768,87.72920984472265,,0,,,,False,87.72920984472265,31.11316838773709,34.24645233154297,36.99347686767578,35.62351970272169,88.13466521731661
PbI2,4.0,4.0,detector_qspace_per_pixel,detector_qr_band_per_qz_bin_fast,False,1,1.5806530407269872,1.5806530407269872,0,2,saved_q_group_rows_insufficient_detector_rotation_anchors,-,-,0.13,51,1.82207058329108,1.8430850771814988,1.8325778302362894,413,413.0,pixel_count,33011.4738064155,33011.4738064155,12416.31367301941,79.93092931335472,79.93092931335472,30.063713493993728,33011.4738064155,33011.4738064155,12416.31367301941,79.93092931335472,,0,,,,False,79.93092931335472,30.063713493993728,34.49506378173828,37.27992630004883,35.882268594255954,80.85105243258936
PbI2,4.0,4.0,detector_qspace_per_pixel,detector_qr_band_per_qz_bin_fast,False,1,1.5806530407269872,1.5806530407269872,0,2,saved_q_group_rows_insufficient_detector_rotation_anchors,-,-,0.13,52,1.8430850771814988,1.864099571071918,1.8535923241267085,417,417.0,pixel_count,31162.038578740638,31162.038578740638,12057.09505367279,74.7291093015363,74.7291093015363,28.913897011205734,31162.038578740638,31162.038578740638,12057.09505367279,74.7291093015363,,0,,,,False,74.7291093015363,28.913897011205734,34.77431106567383,37.497703552246094,36.14498603495728,74.80918859324403
PbI2,4.0,4.0,detector_qspace_per_pixel,detector_qr_band_per_qz_bin_fast,False,1,1.5806530407269872,1.5806530407269872,0,2,saved_q_group_rows_insufficient_detector_rotation_anchors,-,-,0.13,53,1.864099571071918,1.885114064962337,1.8746068180171274,425,425.0,pixel_count,29110.366608389122,29110.366608389122,11840.73368358612,68.49498025503323,68.49498025503323,27.86054984373205,29110.366608389122,29110.366608389122,11840.73368358612,68.49498025503323,,0,,,,False,68.49498025503323,27.86054984373205,35.022064208984375,37.7828483581543,36.39731755432908,70.11862082935555
PbI2,4.0,4.0,detector_qspace_per_pixel,detector_qr_band_per_qz_bin_fast,False,1,1.5806530407269872,1.5806530407269872,0,2,saved_q_group_rows_insufficient_detector_rotation_anchors,-,-,0.13,54,1.885114064962337,1.9061285588527561,1.8956213119075467,428,428.0,pixel_count,28614.503462964076,28614.503462964076,11456.906247138977,66.85631650225251,66.85631650225251,26.76847254004434,28614.503462964076,28614.503462964076,11456.906247138977,66.85631650225251,,0,,,,False,66.85631650225251,26.76847254004434,35.31077194213867,38.00019073486328,36.66387103967779,67.2234984033645
PbI2,4.0,4.0,detector_qspace_per_pixel,detector_qr_band_per_qz_bin_fast,False,1,1.5806530407269872,1.5806530407269872,0,2,saved_q_group_rows_insufficient_detector_rotation_anchors,-,-,0.13,55,1.9061285588527561,1.927143052743175,1.9166358057979656,436,436.0,pixel_count,28416.870854346107,28416.870854346107,11199.762256622314,65.17630929895896,65.17630929895896,25.687528111519068,28416.870854346107,28416.870854346107,11199.762256622314,65.17630929895896,,0,,,,False,65.17630929895896,25.687528111519068,35.58727264404297,38.28382110595703,36.92845943115603,65.67477773132936
PbI2,4.0,4.0,detector_qspace_per_pixel,detector_qr_band_per_qz_bin_fast,False,1,1.5806530407269872,1.5806530407269872,0,2,saved_q_group_rows_insufficient_detector_rotation_anchors,-,-,0.13,56,1.927143052743175,1.9481575466335943,1.9376502996883846,442,442.0,pixel_count,28806.731963798553,28806.731963798553,10885.391248703003,65.17360172805103,65.17360172805103,24.62758201064028,28806.731963798553,28806.731963798553,10885.391248703003,65.17360172805103,,0,,,,False,65.17360172805103,24.62758201064028,35.83356475830078,38.50053787231445,37.183155491063594,64.58924124598371
PbI2,4.0,4.0,detector_qspace_per_pixel,detector_qr_band_per_qz_bin_fast,False,1,1.5806530407269872,1.5806530407269872,0,2,saved_q_group_rows_insufficient_detector_rotation_anchors,-,-,0.13,57,1.9481575466335943,1.9691720405240132,1.9586647935788037,450,450.0,pixel_count,28340.637826137354,28340.637826137354,10573.501224517822,62.97919516919412,62.97919516919412,23.496669387817384,28340.637826137354,28340.637826137354,10573.501224517822,62.97919516919412,,0,,,,False,62.97919516919412,23.496669387817384,36.1203727722168,38.7824592590332,37.452859054461335,63.43128322756828
PbI2,4.0,4.0,detector_qspace_per_pixel,detector_qr_band_per_qz_bin_fast,False,1,1.5806530407269872,1.5806530407269872,0,2,saved_q_group_rows_insufficient_detector_rotation_anchors,-,-,0.13,58,1.9691720405240132,1.9901865344144325,1.9796792874692228,450,450.0,pixel_count,28138.822825722855,28138.822825722855,10149.851821899414,62.530717390495234,62.530717390495234,22.555226270887587,28138.822825722855,28138.822825722855,10149.851821899414,62.530717390495234,,0,,,,False,62.530717390495234,22.555226270887587,36.36570739746094,39.034339904785156,37.717165200376364,62.35277980828572
PbI2,4.0,4.0,detector_qspace_per_pixel,detector_qr_band_per_qz_bin_fast,False,1,1.5806530407269872,1.5806530407269872,0,2,saved_q_group_rows_insufficient_detector_rotation_anchors,-,-,0.13,59,1.9901865344144325,2.011201028304851,2.000693781359642,462,462.0,pixel_count,28279.36931520775,28279.36931520775,9871.650804519653,61.21075609352327,61.21075609352327,21.367209533592323,28279.36931520775,28279.36931520775,9871.650804519653,61.21075609352327,,0,,,,False,61.21075609352327,21.367209533592323,36.678829193115234,39.314266204833984,37.997143759088864,61.391373844840025
PbI2,4.0,4.0,detector_qspace_per_pixel,detector_qr_band_per_qz_bin_fast,False,1,1.5806530407269872,1.5806530407269872,0,2,saved_q_group_rows_insufficient_detector_rotation_anchors,-,-,0.13,60,2.011201028304851,2.03221552219527,2.0217082752500604,467,467.0,pixel_count,28247.472532390337,28247.472532390337,9546.608769416809,60.48709321710993,60.48709321710993,20.442417065132354,28247.472532390337,28247.472532390337,9546.608769416809,60.48709321710993,,0,,,,False,60.48709321710993,20.442417065132354,36.963157653808594,39.56494903564453,38.25602243533053,60.55272545140012
PbI2,4.0,4.0,detector_qspace_per_pixel,detector_qr_band_per_qz_bin_fast,False,1,1.5806530407269872,1.5806530407269872,0,2,saved_q_group_rows_insufficient_detector_rotation_anchors,-,-,0.13,61,2.03221552219527,2.0532300160856893,2.0427227691404797,477,477.0,pixel_count,28622.88810412698,28622.88810412698,9248.263551712036,60.006054725633085,60.006054725633085,19.388393190171982,28622.88810412698,28622.88810412698,9248.263551712036,60.006054725633085,,0,,,,False,60.006054725633085,19.388393190171982,37.20622634887695,39.84269714355469,38.529328214168736,59.73896469645456
PbI2,4.0,4.0,detector_qspace_per_pixel,detector_qr_band_per_qz_bin_fast,False,1,1.5806530407269872,1.5806530407269872,0,2,saved_q_group_rows_insufficient_detector_rotation_anchors,-,-,0.13,62,2.0532300160856893,2.074244509976108,2.063737263030899,482,482.0,pixel_count,28220.074566822823,28220.074566822823,8905.466302871704,58.54787254527557,58.54787254527557,18.47607116778362,28220.074566822823,28220.074566822823,8905.466302871704,58.54787254527557,,0,,,,False,58.54787254527557,18.47607116778362,37.4890022277832,40.09198760986328,38.7919238911945,58.87613697085665
PbI2,4.0,4.0,detector_qspace_per_pixel,detector_qr_band_per_qz_bin_fast,False,1,1.5806530407269872,1.5806530407269872,0,2,saved_q_group_rows_insufficient_detector_rotation_anchors,-,-,0.13,63,2.074244509976108,2.0952590038665275,2.084751756921318,490,490.0,pixel_count,28535.182202941865,28535.182202941865,8551.43782377243,58.23506572028952,58.23506572028952,17.451913926066183,28535.182202941865,28535.182202941865,8551.43782377243,58.23506572028952,,0,,,,False,58.23506572028952,17.451913926066183,37.77085876464844,40.36738967895508,39.08057920166108,58.14874267844138
PbI2,4.0,4.0,detector_qspace_per_pixel,detector_qr_band_per_qz_bin_fast,False,1,1.5806530407269872,1.5806530407269872,0,2,saved_q_group_rows_insufficient_detector_rotation_anchors,-,-,0.13,64,2.0952590038665275,2.1162734977569464,2.1057662508117367,493,493.0,pixel_count,28331.983210259958,28331.983210259958,8171.085579872131,57.46852578146036,57.46852578146036,16.57421010116051,28331.983210259958,28331.983210259958,8171.085579872131,57.46852578146036,,0,,,,False,57.46852578146036,16.57421010116051,38.077056884765625,40.615108489990234,39.34889163011451,57.49384752103117
PbI2,4.0,4.0,detector_qspace_per_pixel,detector_qr_band_per_qz_bin_fast,False,1,1.5806530407269872,1.5806530407269872,0,2,saved_q_group_rows_insufficient_detector_rotation_anchors,-,-,0.13,65,2.1162734977569464,2.1372879916473657,2.126780744702156,504,504.0,pixel_count,28678.20027624566,28678.20027624566,7870.064612865448,56.90119102429695,56.90119102429695,15.615207565209221,28678.20027624566,28678.20027624566,7870.064612865448,56.90119102429695,,0,,,,False,56.90119102429695,15.615207565209221,38.356475830078125,40.92320251464844,39.63341441058663,56.777756181468135
PbI2,4.0,4.0,detector_qspace_per_pixel,detector_qr_band_per_qz_bin_fast,False,1,1.5806530407269872,1.5806530407269872,0,2,saved_q_group_rows_insufficient_detector_rotation_anchors,-,-,0.13,66,2.1372879916473657,2.1583024855377846,2.1477952385925754,513,513.0,pixel_count,28708.923246019676,28708.923246019676,7614.649414539337,55.962813345067595,55.962813345067595,14.843371178439254,28708.923246019676,28708.923246019676,7614.649414539337,55.962813345067595,,0,,,,False,55.962813345067595,14.843371178439254,38.63483810424805,41.1690788269043,39.90019800923902,55.993001838837245
PbI2,4.0,4.0,detector_qspace_per_pixel,detector_qr_band_per_qz_bin_fast,False,1,1.5806530407269872,1.5806530407269872,0,2,saved_q_group_rows_insufficient_detector_rotation_anchors,-,-,0.13,67,2.1583024855377846,2.179316979428204,2.1688097324829942,522,522.0,pixel_count,28676.719405179116,28676.719405179116,7310.290542602539,54.93624407122436,54.93624407122436,14.004388012648542,28676.719405179116,28676.719405179116,7310.290542602539,54.93624407122436,,0,,,,False,54.93624407122436,14.004388012648542,38.91209411621094,41.47410583496094,40.181872092317995,55.3860830958837
PbI2,4.0,4.0,detector_qspace_per_pixel,detector_qr_band_per_qz_bin_fast,False,1,1.5806530407269872,1.5806530407269872,0,2,saved_q_group_rows_insufficient_detector_rotation_anchors,-,-,0.13,68,2.179316979428204,2.2003314733186228,2.189824226373413,530,530.0,pixel_count,29319.773870306177,29319.773870306177,6998.601039409637,55.32032805718146,55.32032805718146,13.204907621527617,29319.773870306177,29319.773870306177,6998.601039409637,55.32032805718146,,0,,,,False,55.32032805718146,13.204907621527617,39.188201904296875,41.71797180175781,40.46421144686385,55.12245416926566
PbI2,4.0,4.0,detector_qspace_per_pixel,detector_qr_band_per_qz_bin_fast,False,1,1.5806530407269872,1.5806530407269872,0,2,saved_q_group_rows_insufficient_detector_rotation_anchors,-,-,0.13,69,2.2003314733186228,2.2213459672090416,2.2108387202638324,539,539.0,pixel_count,29509.938816917638,29509.938816917638,6747.984922885895,54.74942266589543,54.74942266589543,12.519452547098135,29509.938816917638,29509.938816917638,6747.984922885895,54.74942266589543,,0,,,,False,54.74942266589543,12.519452547098135,39.4631233215332,41.99568557739258,40.73708591926455,55.06906158302512
PbI2,4.0,4.0,detector_qspace_per_pixel,detector_qr_band_per_qz_bin_fast,False,1,1.5806530407269872,1.5806530407269872,0,2,saved_q_group_rows_insufficient_detector_rotation_anchors,-,-,0.13,70,2.2213459672090416,2.242360461099461,2.2318532141542513,549,549.0,pixel_count,30243.815185796677,30243.815185796677,6465.0238218307495,55.08891654972072,55.08891654972072,11.775999675465846,30243.815185796677,30243.815185796677,6465.0238218307495,55.08891654972072,,0,,,,False,55.08891654972072,11.775999675465846,39.77581787109375,42.29594421386719,41.02705241601169,55.38083928626489
PbI2,4.0,4.0,detector_qspace_per_pixel,detector_qr_band_per_qz_bin_fast,False,1,1.5806530407269872,1.5806530407269872,0,2,saved_q_group_rows_insufficient_detector_rotation_anchors,-,-,0.13,71,2.242360461099461,2.26337495498988,2.25286770804467,559,559.0,pixel_count,31366.74213890872,31366.74213890872,6224.944891452789,56.112239962269626,56.112239962269626,11.135858482026457,31366.74213890872,31366.74213890872,6224.944891452789,56.112239962269626,,0,,,,False,56.112239962269626,11.135858482026457,40.04806900024414,42.570953369140625,41.306371584073624,56.13614029057883
PbI2,4.0,4.0,detector_qspace_per_pixel,detector_qr_band_per_qz_bin_fast,False,1,1.5806530407269872,1.5806530407269872,0,2,saved_q_group_rows_insufficient_detector_rotation_anchors,-,-,0.13,72,2.26337495498988,2.2843894488802987,2.2738822019350895,565,565.0,pixel_count,32136.7736937075,32136.7736937075,5948.122976779938,56.87924547558849,56.87924547558849,10.527651286336173,32136.7736937075,32136.7736937075,5948.122976779938,56.87924547558849,,0,,,,False,56.87924547558849,10.527651286336173,40.35762405395508,42.84475326538086,41.587253166567216,57.1178478288804
PbI2,4.0,4.0,detector_qspace_per_pixel,detector_qr_band_per_qz_bin_fast,False,1,1.5806530407269872,1.5806530407269872,0,2,saved_q_group_rows_insufficient_detector_rotation_anchors,-,-,0.13,73,2.2843894488802987,2.305403942770718,2.2948966958255084,580,580.0,pixel_count,34254.923502151556,34254.923502151556,5738.120701313019,59.060212934744065,59.060212934744065,9.893311553987964,34254.923502151556,34254.923502151556,5738.120701313019,59.060212934744065,,0,,,,False,59.060212934744065,9.893311553987964,40.62705612182617,43.13971710205078,41.88400484601727,57.66236029164537
PbI2,4.0,4.0,detector_qspace_per_pixel,detector_qr_band_per_qz_bin_fast,False,1,1.5806530407269872,1.5806530407269872,0,2,saved_q_group_rows_insufficient_detector_rotation_anchors,-,-,0.13,74,2.305403942770718,2.326418436661137,2.3159111897159272,591,591.0,pixel_count,33700.880333198525,33700.880333198525,5524.755871295929,57.02348618138498,57.02348618138498,9.348148682395818,33700.880333198525,33700.880333198525,5524.755871295929,57.02348618138498,,0,,,,False,57.02348618138498,9.348148682395818,40.93330764770508,43.41057205200195,42.17132279501324,56.986460425088
PbI2,4.0,4.0,detector_qspace_per_pixel,detector_qr_band_per_qz_bin_fast,False,1,1.5806530407269872,1.5806530407269872,0,2,saved_q_group_rows_insufficient_detector_rotation_anchors,-,-,0.13,75,2.326418436661137,2.3474329305515558,2.3369256836063466,602,602.0,pixel_count,33627.123417004506,33627.123417004506,5370.523753643036,55.859008998346354,55.859008998346354,8.921135803393748,33627.123417004506,33627.123417004506,5370.523753643036,55.859008998346354,,0,,,,False,55.859008998346354,8.921135803393748,41.217098236083984,43.68009567260742,42.44239129761694,55.36205679592376
PbI2,4.0,4.0,detector_qspace_per_pixel,detector_qr_band_per_qz_bin_fast,False,1,1.5806530407269872,1.5806530407269872,0,2,saved_q_group_rows_insufficient_detector_rotation_anchors,-,-,0.13,76,2.3474329305515558,2.368447424441975,2.3579401774967654,613,613.0,pixel_count,32610.452406405115,32610.452406405115,5170.727580070496,53.198127906044235,53.198127906044235,8.435118401420057,32610.452406405115,32610.452406405115,5170.727580070496,53.198127906044235,,0,,,,False,53.198127906044235,8.435118401420057,41.520084381103516,43.94825744628906,42.731194412970886,53.237564816651144
PbI2,4.0,4.0,detector_qspace_per_pixel,detector_qr_band_per_qz_bin_fast,False,1,1.5806530407269872,1.5806530407269872,0,2,saved_q_group_rows_insufficient_detector_rotation_anchors,-,-,0.13,77,2.368447424441975,2.389461918332394,2.3789546713871843,626,626.0,pixel_count,31672.10997681434,31672.10997681434,4970.627121925354,50.59442488309,50.59442488309,7.940298916813664,31672.10997681434,31672.10997681434,4970.627121925354,50.59442488309,,0,,,,False,50.59442488309,7.940298916813664,41.8211669921875,44.26906204223633,43.034972434170264,51.20474698093435
PbI2,4.0,4.0,detector_qspace_per_pixel,detector_qr_band_per_qz_bin_fast,False,1,1.5806530407269872,1.5806530407269872,0,2,saved_q_group_rows_insufficient_detector_rotation_anchors,-,-,0.13,78,2.389461918332394,2.410476412222813,2.3999691652776036,639,639.0,pixel_count,31797.056922458745,31797.056922458745,4807.9319949150085,49.760652460811805,49.760652460811805,7.524150226784051,31797.056922458745,31797.056922458745,4807.9319949150085,49.760652460811805,,0,,,,False,49.760652460811805,7.524150226784051,42.12031936645508,44.53383255004883,43.32750443492146,49.693821789009505
PbI2,4.0,4.0,detector_qspace_per_pixel,detector_qr_band_per_qz_bin_fast,False,1,1.5806530407269872,1.5806530407269872,0,2,saved_q_group_rows_insufficient_detector_rotation_anchors,-,-,0.13,79,2.410476412222813,2.431490906113232,2.4209836591680225,655,655.0,pixel_count,31745.637657786847,31745.637657786847,4691.506984710693,48.46662237830053,48.46662237830053,7.162606083527776,31745.637657786847,31745.637657786847,4691.506984710693,48.46662237830053,,0,,,,False,48.46662237830053,7.162606083527776,42.39849090576172,44.82994842529297,43.61371643984691,48.42825892240001
PbI2,4.0,4.0,detector_qspace_per_pixel,detector_qr_band_per_qz_bin_fast,False,1,1.5806530407269872,1.5806530407269872,0,2,saved_q_group_rows_insufficient_detector_rotation_anchors,-,-,0.13,80,2.431490906113232,2.452505400003651,2.4419981530584414,662,662.0,pixel_count,31042.276837267196,31042.276837267196,4498.330842494965,46.89165685387794,46.89165685387794,6.795061695611729,31042.276837267196,31042.276837267196,4498.330842494965,46.89165685387794,,0,,,,False,46.89165685387794,6.795061695611729,42.69407272338867,45.124176025390625,43.909072288551265,47.34903760620285
PbI2,4.0,4.0,detector_qspace_per_pixel,detector_qr_band_per_qz_bin_fast,False,1,1.5806530407269872,1.5806530407269872,0,2,saved_q_group_rows_insufficient_detector_rotation_anchors,-,-,0.13,81,2.452505400003651,2.47351989389407,2.4630126469488607,683,683.0,pixel_count,31879.32579061395,31879.32579061395,4431.166308403015,46.675440396213695,46.675440396213695,6.487798401761369,31879.32579061395,31879.32579061395,4431.166308403015,46.675440396213695,,0,,,,False,46.675440396213695,6.487798401761369,43.024192810058594,45.416473388671875,44.1966163671813,46.67109296621892
PbI2,4.0,4.0,detector_qspace_per_pixel,detector_qr_band_per_qz_bin_fast,False,1,1.5806530407269872,1.5806530407269872,0,2,saved_q_group_rows_insufficient_detector_rotation_anchors,-,-,0.13,82,2.47351989389407,2.494534387784489,2.4840271408392796,692,692.0,pixel_count,31951.61819259878,31951.61819259878,4258.713620185852,46.172858659824826,46.172858659824826,6.154210433794584,31951.61819259878,31951.61819259878,4258.713620185852,46.172858659824826,,0,,,,False,46.172858659824826,6.154210433794584,43.2976188659668,45.706809997558594,44.49978588524508,46.28867809638894
PbI2,4.0,4.0,detector_qspace_per_pixel,detector_qr_band_per_qz_bin_fast,False,1,1.5806530407269872,1.5806530407269872,0,2,saved_q_group_rows_insufficient_detector_rotation_anchors,-,-,0.13,83,2.494534387784489,2.515548881674908,2.5050416347296984,707,707.0,pixel_count,32402.741453452094,32402.741453452094,4158.161127090454,45.83131747305812,45.83131747305812,5.881416021344348,32402.741453452094,32402.741453452094,4158.161127090454,45.83131747305812,,0,,,,False,45.83131747305812,5.881416021344348,43.60580825805664,45.995155334472656,44.792687300953055,46.2446801706885
PbI2,4.0,4.0,detector_qspace_per_pixel,detector_qr_band_per_qz_bin_fast,False,1,1.5806530407269872,1.5806530407269872,0,2,saved_q_group_rows_insufficient_detector_rotation_anchors,-,-,0.13,84,2.515548881674908,2.536563375565327,2.5260561286201177,724,724.0,pixel_count,33710.53620180137,33710.53620180137,4063.4987983703613,46.56151409088587,46.56151409088587,5.612567401064035,33710.53620180137,33710.53620180137,4063.4987983703613,46.56151409088587,,0,,,,False,46.56151409088587,5.612567401064035,43.893367767333984,46.28147888183594,45.090910259131185,46.68983080820014
PbI2,4.0,4.0,detector_qspace_per_pixel,detector_qr_band_per_qz_bin_fast,False,1,1.5806530407269872,1.5806530407269872,0,2,saved_q_group_rows_insufficient_detector_rotation_anchors,-,-,0.13,85,2.536563375565327,2.5575778694557463,2.5470706225105366,743,743.0,pixel_count,35341.607674842184,35341.607674842184,3988.912001848221,47.56609377502313,47.56609377502313,5.368656799257363,35341.607674842184,35341.607674842184,3988.912001848221,47.56609377502313,,0,,,,False,47.56609377502313,5.368656799257363,44.19767761230469,46.59721374511719,45.38922047172438,47.33881194107421
PbI2,4.0,4.0,detector_qspace_per_pixel,detector_qr_band_per_qz_bin_fast,False,1,1.5806530407269872,1.5806530407269872,0,2,saved_q_group_rows_insufficient_detector_rotation_anchors,-,-,0.13,86,2.5575778694557463,2.578592363346165,2.5680851164009555,762,762.0,pixel_count,36545.25026008515,36545.25026008515,3914.9551355838776,47.959646010610435,47.959646010610435,5.137736398404039,36545.25026008515,36545.25026008515,3914.9551355838776,47.959646010610435,,0,,,,False,47.959646010610435,5.137736398404039,44.500064849853516,46.879188537597656,45.69136705130919,47.65021300880011
PbI2,4.0,4.0,detector_qspace_per_pixel,detector_qr_band_per_qz_bin_fast,False,1,1.5806530407269872,1.5806530407269872,0,2,saved_q_group_rows_insufficient_detector_rotation_anchors,-,-,0.13,87,2.578592363346165,2.599606857236584,2.589099610291375,780,780.0,pixel_count,37559.00970342357,37559.00970342357,3843.026356458664,48.15257654285074,48.15257654285074,4.926956867254697,37559.00970342357,37559.00970342357,3843.026356458664,48.15257654285074,,0,,,,False,48.15257654285074,4.926956867254697,44.81637954711914,47.173126220703125,45.99191464981487,46.975483271603125
PbI2,4.0,4.0,detector_qspace_per_pixel,detector_qr_band_per_qz_bin_fast,False,1,1.5806530407269872,1.5806530407269872,0,2,saved_q_group_rows_insufficient_detector_rotation_anchors,-,-,0.13,88,2.599606857236584,2.6206213511270033,2.6101141041817937,793,793.0,pixel_count,35860.37599888436,35860.37599888436,3763.6865451335907,45.22115510578104,45.22115510578104,4.746136879109194,35860.37599888436,35860.37599888436,3763.6865451335907,45.22115510578104,,0,,,,False,45.22115510578104,4.746136879109194,45.11442565917969,47.45100021362305,46.285552239513564,44.838988830274886
PbI2,4.0,4.0,detector_qspace_per_pixel,detector_qr_band_per_qz_bin_fast,False,1,1.5806530407269872,1.5806530407269872,0,2,saved_q_group_rows_insufficient_detector_rotation_anchors,-,-,0.13,89,2.6206213511270033,2.641635845017422,2.6311285980722126,814,814.0,pixel_count,34177.07044148308,34177.07044148308,3705.9492514133453,41.986573023934994,41.986573023934994,4.552763208124503,34177.07044148308,34177.07044148308,3705.9492514133453,41.986573023934994,,0,,,,False,41.986573023934994,4.552763208124503,45.44488525390625,47.75724411010742,46.596070160021526,41.59085430956338
PbI2,4.0,4.0,detector_qspace_per_pixel,detector_qr_band_per_qz_bin_fast,False,1,1.5806530407269872,1.5806530407269872,0,2,saved_q_group_rows_insufficient_detector_rotation_anchors,-,-,0.13,90,2.641635845017422,2.662650338907841,2.652143091962632,837,837.0,pixel_count,31361.795972340937,31361.795972340937,3675.346994638443,37.46929028953517,37.46929028953517,4.391095573044735,31361.795972340937,31361.795972340937,3675.346994638443,37.46929028953517,,0,,,,False,37.46929028953517,4.391095573044735,45.73856735229492,48.06083679199219,46.89788438866981,37.97190002790501
PbI2,4.0,4.0,detector_qspace_per_pixel,detector_qr_band_per_qz_bin_fast,False,1,1.5806530407269872,1.5806530407269872,0,2,saved_q_group_rows_insufficient_detector_rotation_anchors,-,-,0.13,91,2.662650338907841,2.6836648327982604,2.6731575858530507,857,857.0,pixel_count,29701.2471776698,29701.2471776698,3637.633833885193,34.6572312458224,34.6572312458224,4.24461357512858,29701.2471776698,29701.2471776698,3637.633833885193,34.6572312458224,,0,,,,False,34.6572312458224,4.24461357512858,46.06402587890625,48.37626266479492,47.19768525721203,34.641063499146284
PbI2,4.0,4.0,detector_qspace_per_pixel,detector_qr_band_per_qz_bin_fast,False,1,1.5806530407269872,1.5806530407269872,0,2,saved_q_group_rows_insufficient_detector_rotation_anchors,-,-,0.13,92,2.6836648327982604,2.7046793266886793,2.6941720797434696,884,884.0,pixel_count,27515.654750551013,27515.654750551013,3620.343380689621,31.12630627890386,31.12630627890386,4.09541106412853,27515.654750551013,27515.654750551013,3620.343380689621,31.12630627890386,,0,,,,False,31.12630627890386,4.09541106412853,46.339195251464844,48.67457580566406,47.51077719510274,31.9040585659049
PbI2,4.0,4.0,detector_qspace_per_pixel,detector_qr_band_per_qz_bin_fast,False,1,1.5806530407269872,1.5806530407269872,0,2,saved_q_group_rows_insufficient_detector_rotation_anchors,-,-,0.13,93,2.7046793266886793,2.725693820579098,2.715186573633889,902,902.0,pixel_count,26958.81654871156,26958.81654871156,3586.585286617279,29.88782322473565,29.88782322473565,3.9762586326133915,26958.81654871156,26958.81654871156,3586.585286617279,29.88782322473565,,0,,,,False,29.88782322473565,3.9762586326133915,46.65989303588867,48.984886169433594,47.81018978049538,29.937896330238992
PbI2,4.0,4.0,detector_qspace_per_pixel,detector_qr_band_per_qz_bin_fast,False,1,1.5806530407269872,1.5806530407269872,0,2,saved_q_group_rows_insufficient_detector_rotation_anchors,-,-,0.13,94,2.725693820579098,2.7467083144695175,2.736201067524308,927,927.0,pixel_count,26259.04461451054,26259.04461451054,3574.2658660411835,28.326908969267034,28.326908969267034,3.8557344833238227,26259.04461451054,26259.04461451054,3574.2658660411835,28.326908969267034,,0,,,,False,28.326908969267034,3.8557344833238227,46.97782897949219,49.26347732543945,48.11931634137454,28.477879991086013
PbI2,4.0,4.0,detector_qspace_per_pixel,detector_qr_band_per_qz_bin_fast,False,1,1.5806530407269872,1.5806530407269872,0,2,saved_q_group_rows_insufficient_detector_rotation_anchors,-,-,0.13,95,2.7467083144695175,2.7677228083599363,2.7572155614147267,957,957.0,pixel_count,25978.55208114336,25978.55208114336,3583.7307736873627,27.1458224463358,27.1458224463358,3.744755249412082,25978.55208114336,25978.55208114336,3583.7307736873627,27.1458224463358,,0,,,,False,27.1458224463358,3.744755249412082,47.28004455566406,49.58293914794922,48.43193019728536,27.33041333610171
PbI2,4.0,4.0,detector_qspace_per_pixel,detector_qr_band_per_qz_bin_fast,False,1,1.5806530407269872,1.5806530407269872,0,2,saved_q_group_rows_insufficient_detector_rotation_anchors,-,-,0.13,96,2.7677228083599363,2.788737302250355,2.778230055305146,979,979.0,pixel_count,25703.088203042047,25703.088203042047,3579.338125228882,26.254431259491366,26.254431259491366,3.656116573267499,25703.088203042047,25703.088203042047,3579.338125228882,26.254431259491366,,0,,,,False,26.254431259491366,3.656116573267499,47.61255645751953,49.885433197021484,48.73499345316245,26.598772578200922
PbI2,4.0,4.0,detector_qspace_per_pixel,detector_qr_band_per_qz_bin_fast,False,1,1.5806530407269872,1.5806530407269872,0,2,saved_q_group_rows_insufficient_detector_rotation_anchors,+,+,0.13,1,0.4665354490280151,0.4908341703315575,0.4786848096797863,290,290.0,pixel_count,21975.137692523218,21975.137692523218,5110.079434871674,75.77633687076971,75.77633687076971,17.620963568523013,21975.137692523218,21975.137692523218,5110.079434871674,75.77633687076971,,0,,,,False,75.77633687076971,17.620963568523013,21.771400451660156,25.428096771240234,23.59264338213679,75.56440503983148
PbI2,4.0,4.0,detector_qspace_per_pixel,detector_qr_band_per_qz_bin_fast,False,1,1.5806530407269872,1.5806530407269872,0,2,saved_q_group_rows_insufficient_detector_rotation_anchors,+,+,0.13,2,0.4908341703315575,0.5151328916351,0.5029835309833288,294,294.0,pixel_count,22150.15949337496,22150.15949337496,4591.822652339935,75.34067854889442,75.34067854889442,15.618444395714066,22150.15949337496,22150.15949337496,4591.822652339935,75.34067854889442,,0,,,,False,75.34067854889442,15.618444395714066,21.873220443725586,25.51340103149414,23.72110436529795,75.05831947121122
PbI2,4.0,4.0,detector_qspace_per_pixel,detector_qr_band_per_qz_bin_fast,False,1,1.5806530407269872,1.5806530407269872,0,2,saved_q_group_rows_insufficient_detector_rotation_anchors,+,+,0.13,3,0.5151328916351,0.5394316129386425,0.5272822522868712,291,291.0,pixel_count,21520.796079533688,21520.796079533688,4313.694207191467,73.9546257028649,73.9546257028649,14.823691433647653,21520.796079533688,21520.796079533688,4313.694207191467,73.9546257028649,,0,,,,False,73.9546257028649,14.823691433647653,22.041763305664062,25.602582931518555,23.837460385833374,74.4299706833422
PbI2,4.0,4.0,detector_qspace_per_pixel,detector_qr_band_per_qz_bin_fast,False,1,1.5806530407269872,1.5806530407269872,0,2,saved_q_group_rows_insufficient_detector_rotation_anchors,+,+,0.13,4,0.5394316129386425,0.5637303342421849,0.5515809735904137,297,297.0,pixel_count,21971.34933145687,21971.34933145687,4521.779891967773,73.97760717662246,73.97760717662246,15.224848121103614,21971.34933145687,21971.34933145687,4521.779891967773,73.97760717662246,,0,,,,False,73.97760717662246,15.224848121103614,22.152565002441406,25.77359390258789,23.96834446463388,74.21274815633953
PbI2,4.0,4.0,detector_qspace_per_pixel,detector_qr_band_per_qz_bin_fast,False,1,1.5806530407269872,1.5806530407269872,0,2,saved_q_group_rows_insufficient_detector_rotation_anchors,+,+,0.13,5,0.5637303342421849,0.5880290555457274,0.5758796948939562,299,299.0,pixel_count,22239.344170215278,22239.344170215278,5023.841956615448,74.37907749235879,74.37907749235879,16.8021470120918,22239.344170215278,22239.344170215278,5023.841956615448,74.37907749235879,,0,,,,False,74.37907749235879,16.8021470120918,22.267911911010742,25.870718002319336,24.118381039587128,74.48274975187738
PbI2,4.0,4.0,detector_qspace_per_pixel,detector_qr_band_per_qz_bin_fast,False,1,1.5806530407269872,1.5806530407269872,0,2,saved_q_group_rows_insufficient_detector_rotation_anchors,+,+,0.13,6,0.5880290555457274,0.6123277768492698,0.6001784161974986,300,300.0,pixel_count,22498.94567592716,22498.94567592716,5834.352725028992,74.99648558642387,74.99648558642387,19.447842416763304,22498.94567592716,22498.94567592716,5834.352725028992,74.99648558642387,,0,,,,False,74.99648558642387,19.447842416763304,22.448274612426758,26.02971076965332,24.256526101948804,75.0485360452021
PbI2,4.0,4.0,detector_qspace_per_pixel,detector_qr_band_per_qz_bin_fast,False,1,1.5806530407269872,1.5806530407269872,0,2,saved_q_group_rows_insufficient_detector_rotation_anchors,+,+,0.13,7,0.6123277768492698,0.6366264981528124,0.6244771375010411,303,303.0,pixel_count,22841.33674117517,22841.33674117517,6991.758765220642,75.38394964084215,75.38394964084215,23.075111436371756,22841.33674117517,22841.33674117517,6991.758765220642,75.38394964084215,,0,,,,False,75.38394964084215,23.075111436371756,22.571918487548828,26.133695602416992,24.373875368128974,76.00924472363833
PbI2,4.0,4.0,detector_qspace_per_pixel,detector_qr_band_per_qz_bin_fast,False,1,1.5806530407269872,1.5806530407269872,0,2,saved_q_group_rows_insufficient_detector_rotation_anchors,+,+,0.13,8,0.6366264981528124,0.6609252194563547,0.6487758588045835,301,301.0,pixel_count,23410.19494262719,23410.19494262719,8301.10371685028,77.77473402866175,77.77473402866175,27.578417663954422,23410.19494262719,23410.19494262719,8301.10371685028,77.77473402866175,,0,,,,False,77.77473402866175,27.578417663954422,22.69977569580078,26.298606872558594,24.52636349447156,77.38224975484906
PbI2,4.0,4.0,detector_qspace_per_pixel,detector_qr_band_per_qz_bin_fast,False,1,1.5806530407269872,1.5806530407269872,0,2,saved_q_group_rows_insufficient_detector_rotation_anchors,+,+,0.13,9,0.6609252194563547,0.6852239407598971,0.6730745801081259,304,304.0,pixel_count,23942.751923657615,23942.751923657615,10029.734928131104,78.75905238045269,78.75905238045269,32.99254910569442,23942.751923657615,23942.751923657615,10029.734928131104,78.75905238045269,,0,,,,False,78.75905238045269,32.99254910569442,22.89083480834961,26.4316349029541,24.669242984034337,78.73552533843889
PbI2,4.0,4.0,detector_qspace_per_pixel,detector_qr_band_per_qz_bin_fast,False,1,1.5806530407269872,1.5806530407269872,0,2,saved_q_group_rows_insufficient_detector_rotation_anchors,+,+,0.13,10,0.6852239407598971,0.7095226620634397,0.6973733014116684,310,310.0,pixel_count,24629.736638302198,24629.736638302198,12018.730863571167,79.45076334936194,79.45076334936194,38.77009955990699,24629.736638302198,24629.736638302198,12018.730863571167,79.45076334936194,,0,,,,False,79.45076334936194,38.77009955990699,23.02629280090332,26.602693557739258,24.838038440416774,80.37608047167285
PbI2,4.0,4.0,detector_qspace_per_pixel,detector_qr_band_per_qz_bin_fast,False,1,1.5806530407269872,1.5806530407269872,0,2,saved_q_group_rows_insufficient_detector_rotation_anchors,+,+,0.13,11,0.7095226620634397,0.7338213833669821,0.7216720227152109,308,308.0,pixel_count,25468.560001730137,25468.560001730137,14252.046730041504,82.6901298757472,82.6901298757472,46.27287899364125,25468.560001730137,25468.560001730137,14252.046730041504,82.6901298757472,,0,,,,False,82.6901298757472,46.27287899364125,23.22368812561035,26.720067977905273,24.989566158290234,83.05552221384735
PbI2,4.0,4.0,detector_qspace_per_pixel,detector_qr_band_per_qz_bin_fast,False,1,1.5806530407269872,1.5806530407269872,0,2,saved_q_group_rows_insufficient_detector_rotation_anchors,+,+,0.13,12,0.7338213833669821,0.7581201046705245,0.7459707440187533,307,307.0,pixel_count,26453.62356607097,26453.62356607097,16760.376812934875,86.16815493834193,86.16815493834193,54.59406127991816,26453.62356607097,26453.62356607097,16760.376812934875,86.16815493834193,,0,,,,False,86.16815493834193,54.59406127991816,23.395231246948242,26.89630126953125,25.1481349354969,86.98209164403669
PbI2,4.0,4.0,detector_qspace_per_pixel,detector_qr_band_per_qz_bin_fast,False,1,1.5806530407269872,1.5806530407269872,0,2,saved_q_group_rows_insufficient_detector_rotation_anchors,+,+,0.13,13,0.7581201046705245,0.7824188259740671,0.7702694653222958,311,311.0,pixel_count,28405.351170647704,28405.351170647704,19665.88367843628,91.33553431076432,91.33553431076432,63.234352663782246,28405.351170647704,28405.351170647704,19665.88367843628,91.33553431076432,,0,,,,False,91.33553431076432,63.234352663782246,23.542186737060547,27.044536590576172,25.33806778542467,92.5684997390074
PbI2,4.0,4.0,detector_qspace_per_pixel,detector_qr_band_per_qz_bin_fast,False,1,1.5806530407269872,1.5806530407269872,0,2,saved_q_group_rows_insufficient_detector_rotation_anchors,+,+,0.13,14,0.7824188259740671,0.8067175472776095,0.7945681866258383,313,313.0,pixel_count,30987.278221316752,30987.278221316752,22905.50722885132,99.00088888599602,99.00088888599602,73.18053427748025,30987.278221316752,30987.278221316752,22905.50722885132,99.00088888599602,,0,,,,False,99.00088888599602,73.18053427748025,23.7490234375,27.226106643676758,25.498486580941183,100.70245189829923
PbI2,4.0,4.0,detector_qspace_per_pixel,detector_qr_band_per_qz_bin_fast,False,1,1.5806530407269872,1.5806530407269872,0,2,saved_q_group_rows_insufficient_detector_rotation_anchors,+,+,0.13,15,0.8067175472776095,0.8310162685811519,0.8188669079293807,316,316.0,pixel_count,34599.86765454368,34599.86765454368,26712.372005462646,109.49325207134076,109.49325207134076,84.53282280209699,34599.86765454368,34599.86765454368,26712.372005462646,109.49325207134076,,0,,,,False,109.49325207134076,84.53282280209699,23.902372360229492,27.38164520263672,25.653569277429607,112.71494127141386
PbI2,4.0,4.0,detector_qspace_per_pixel,detector_qr_band_per_qz_bin_fast,False,1,1.5806530407269872,1.5806530407269872,0,2,saved_q_group_rows_insufficient_detector_rotation_anchors,+,+,0.13,16,0.8310162685811519,0.8553149898846945,0.8431656292329232,319,319.0,pixel_count,40770.98416030714,40770.98416030714,30592.636196136475,127.8087277752575,127.8087277752575,95.90168086563158,40770.98416030714,40770.98416030714,30592.636196136475,127.8087277752575,,0,,,,False,127.8087277752575,95.90168086563158,24.114295959472656,27.56813621520996,25.862404158304606,129.6192548108959
PbI2,4.0,4.0,detector_qspace_per_pixel,detector_qr_band_per_qz_bin_fast,False,1,1.5806530407269872,1.5806530407269872,0,2,saved_q_group_rows_insufficient_detector_rotation_anchors,+,+,0.13,17,0.8553149898846945,0.8796137111882368,0.8674643505364656,317,317.0,pixel_count,47089.92634632184,47089.92634632184,35204.20475578308,148.54866355306572,148.54866355306572,111.05427367754915,47089.92634632184,47089.92634632184,35204.20475578308,148.54866355306572,,0,,,,False,148.54866355306572,111.05427367754915,24.305818557739258,27.70318031311035,26.02930405680719,151.0154438578026
PbI2,4.0,4.0,detector_qspace_per_pixel,detector_qr_band_per_qz_bin_fast,False,1,1.5806530407269872,1.5806530407269872,0,2,saved_q_group_rows_insufficient_detector_rotation_anchors,+,+,0.13,18,0.8796137111882368,0.9039124324917792,0.891763071840008,323,323.0,pixel_count,56856.297346659514,56856.297346659514,40378.9218711853,176.02568837975082,176.02568837975082,125.01214201605357,56856.297346659514,56856.297346659514,40378.9218711853,176.02568837975082,,0,,,,False,176.02568837975082,125.01214201605357,24.522863388061523,27.921518325805664,26.23490078950452,174.2811950538443
PbI2,4.0,4.0,detector_qspace_per_pixel,detector_qr_band_per_qz_bin_fast,False,1,1.5806530407269872,1.5806530407269872,0,2,saved_q_group_rows_insufficient_detector_rotation_anchors,+,+,0.13,19,0.9039124324917792,0.9282111537953217,0.9160617931435504,324,324.0,pixel_count,65804.37765210772,65804.37765210772,44743.01035499573,203.09993102502384,203.09993102502384,138.09571097220905,65804.37765210772,65804.37765210772,44743.01035499573,203.09993102502384,,0,,,,False,203.09993102502384,138.09571097220905,24.6882381439209,28.061893463134766,26.387891311266305,191.0291900475423
PbI2,4.0,4.0,detector_qspace_per_pixel,detector_qr_band_per_qz_bin_fast,False,1,1.5806530407269872,1.5806530407269872,0,2,saved_q_group_rows_insufficient_detector_rotation_anchors,+,+,0.13,20,0.9282111537953217,0.9525098750988643,0.940360514447093,326,326.0,pixel_count,64790.513114556845,64790.513114556845,47222.65898895264,198.74390525937682,198.74390525937682,144.85478217470134,64790.513114556845,64790.513114556845,47222.65898895264,198.74390525937682,,0,,,,False,198.74390525937682,144.85478217470134,24.94329261779785,28.285400390625,26.635947669524697,193.16214166248204
PbI2,4.0,4.0,detector_qspace_per_pixel,detector_qr_band_per_qz_bin_fast,False,1,1.5806530407269872,1.5806530407269872,0,2,saved_q_group_rows_insufficient_detector_rotation_anchors,+,+,0.13,21,0.9525098750988643,0.9768085964024066,0.9646592357506354,327,327.0,pixel_count,60171.183250477596,60171.183250477596,45034.56748390198,184.00973471094065,184.00973471094065,137.72038985902745,60171.183250477596,60171.183250477596,45034.56748390198,184.00973471094065,,0,,,,False,184.00973471094065,137.72038985902745,25.114238739013672,28.51127815246582,26.79359073537513,184.3487228801314
PbI2,4.0,4.0,detector_qspace_per_pixel,detector_qr_band_per_qz_bin_fast,False,1,1.5806530407269872,1.5806530407269872,0,2,saved_q_group_rows_insufficient_detector_rotation_anchors,+,+,0.13,22,0.9768085964024066,1.001107317705949,0.9889579570541778,331,331.0,pixel_count,56931.461329963,56931.461329963,41681.25799369812,171.99837259807552,171.99837259807552,125.9252507362481,56931.461329963,56931.461329963,41681.25799369812,171.99837259807552,,0,,,,False,171.99837259807552,125.9252507362481,25.287805557250977,28.658945083618164,27.02095788669945,173.13155424026672
PbI2,4.0,4.0,detector_qspace_per_pixel,detector_qr_band_per_qz_bin_fast,False,1,1.5806530407269872,1.5806530407269872,0,2,saved_q_group_rows_insufficient_detector_rotation_anchors,+,+,0.13,23,1.001107317705949,1.0254060390094917,1.0132566783577204,334,334.0,pixel_count,54152.994530192744,54152.994530192744,38051.52886199951,162.13471416225372,162.13471416225372,113.92673311975902,54152.994530192744,54152.994530192744,38051.52886199951,162.13471416225372,,0,,,,False,162.13471416225372,113.92673311975902,25.550487518310547,28.8892879486084,27.214501317537856,163.69137404701723
PbI2,4.0,4.0,detector_qspace_per_pixel,detector_qr_band_per_qz_bin_fast,False,1,1.5806530407269872,1.5806530407269872,0,2,saved_q_group_rows_insufficient_detector_rotation_anchors,+,+,0.13,24,1.0254060390094917,1.049704760313034,1.037555399661263,335,335.0,pixel_count,52194.11782411111,52194.11782411111,34514.88826751709,155.8033367883914,155.8033367883914,103.02951721646893,52194.11782411111,52194.11782411111,34514.88826751709,155.8033367883914,,0,,,,False,155.8033367883914,103.02951721646893,25.728912353515625,29.04134178161621,27.419434386245772,156.76999975518464
PbI2,4.0,4.0,detector_qspace_per_pixel,detector_qr_band_per_qz_bin_fast,False,1,1.5806530407269872,1.5806530407269872,0,2,saved_q_group_rows_insufficient_detector_rotation_anchors,+,+,0.13,25,1.049704760313034,1.0740034816165764,1.0618541209648051,340,340.0,pixel_count,51483.81275313109,51483.81275313109,31662.728895187378,151.42297868567968,151.42297868567968,93.12567322113935,51483.81275313109,51483.81275313109,31662.728895187378,151.42297868567968,,0,,,,False,151.42297868567968,93.12567322113935,25.995929718017578,29.27571678161621,27.64707799264855,151.8190546720939
PbI2,4.0,4.0,detector_qspace_per_pixel,detector_qr_band_per_qz_bin_fast,False,1,1.5806530407269872,1.5806530407269872,0,2,saved_q_group_rows_insufficient_detector_rotation_anchors,+,+,0.13,26,1.0740034816165764,1.098302202920119,1.0861528422683477,340,340.0,pixel_count,50034.68190187007,50034.68190187007,28875.02196788788,147.16082912314727,147.16082912314727,84.92653519967023,50034.68190187007,50034.68190187007,28875.02196788788,147.16082912314727,,0,,,,False,147.16082912314727,84.92653519967023,26.178747177124023,29.511857986450195,27.861173297240878,148.44683633155944
PbI2,4.0,4.0,detector_qspace_per_pixel,detector_qr_band_per_qz_bin_fast,False,1,1.5806530407269872,1.5806530407269872,0,2,saved_q_group_rows_insufficient_detector_rotation_anchors,+,+,0.13,27,1.098302202920119,1.1226009242236612,1.1104515635718901,344,344.0,pixel_count,50282.139485564214,50282.139485564214,26617.12060070038,146.1690101324541,146.1690101324541,77.37535058343133,50282.139485564214,50282.139485564214,26617.12060070038,146.1690101324541,,0,,,,False,146.1690101324541,77.37535058343133,26.449562072753906,29.70160675048828,28.071136424554478,146.83554835427452
PbI2,4.0,4.0,detector_qspace_per_pixel,detector_qr_band_per_qz_bin_fast,False,1,1.5806530407269872,1.5806530407269872,0,2,saved_q_group_rows_insufficient_detector_rotation_anchors,+,+,0.13,28,1.1226009242236612,1.1468996455272038,1.1347502848754325,347,347.0,pixel_count,50814.659553542595,50814.659553542595,24549.02375602722,146.43994107649164,146.43994107649164,70.74646615569804,50814.659553542595,50814.659553542595,24549.02375602722,146.43994107649164,,0,,,,False,146.43994107649164,70.74646615569804,26.636329650878906,29.909332275390625,28.30605484499572,146.6297010254612
PbI2,4.0,4.0,detector_qspace_per_pixel,detector_qr_band_per_qz_bin_fast,False,1,1.5806530407269872,1.5806530407269872,0,2,saved_q_group_rows_insufficient_detector_rotation_anchors,+,+,0.13,29,1.1468996455272038,1.1711983668307464,1.159049006178975,349,349.0,pixel_count,51119.31959420823,51119.31959420823,22739.263081550598,146.4736951123445,146.4736951123445,65.1554816090275,51119.31959420823,51119.31959420823,22739.263081550598,146.4736951123445,,0,,,,False,146.4736951123445,65.1554816090275,26.910432815551758,30.103281021118164,28.52297334847065,147.31002455007066
PbI2,4.0,4.0,detector_qspace_per_pixel,detector_qr_band_per_qz_bin_fast,False,1,1.5806530407269872,1.5806530407269872,0,2,saved_q_group_rows_insufficient_detector_rotation_anchors,+,+,0.13,30,1.1711983668307464,1.1954970881342886,1.1833477274825175,355,355.0,pixel_count,53150.58676964214,53150.58676964214,21306.13228034973,149.71996273138632,149.71996273138632,60.01727402915417,53150.58676964214,53150.58676964214,21306.13228034973,149.71996273138632,,0,,,,False,149.71996273138632,60.01727402915417,27.138996124267578,30.346126556396484,28.760236313349445,147.78059410525674
PbI2,4.0,4.0,detector_qspace_per_pixel,detector_qr_band_per_qz_bin_fast,False,1,1.5806530407269872,1.5806530407269872,0,2,saved_q_group_rows_insufficient_detector_rotation_anchors,+,+,0.13,31,1.1954970881342886,1.2197958094378312,1.2076464487860599,355,355.0,pixel_count,52682.57144460838,52682.57144460838,19982.2316198349,148.4016097031222,148.4016097031222,56.287976393901126,52682.57144460838,52682.57144460838,19982.2316198349,148.4016097031222,,0,,,,False,148.4016097031222,56.287976393901126,27.377639770507812,30.590181350708008,29.000399452531763,145.2425539995083
PbI2,4.0,4.0,detector_qspace_per_pixel,detector_qr_band_per_qz_bin_fast,False,1,1.5806530407269872,1.5806530407269872,0,2,saved_q_group_rows_insufficient_detector_rotation_anchors,+,+,0.13,32,1.2197958094378312,1.2440945307413738,1.2319451700896025,358,358.0,pixel_count,50032.0934886501,50032.0934886501,19182.605542182922,139.7544510856148,139.7544510856148,53.582697045203695,50032.0934886501,50032.0934886501,19182.605542182922,139.7544510856148,,0,,,,False,139.7544510856148,53.582697045203695,27.609935760498047,30.789981842041016,29.221246187230133,138.21796850866426
PbI2,4.0,4.0,detector_qspace_per_pixel,detector_qr_band_per_qz_bin_fast,False,1,1.5806530407269872,1.5806530407269872,0,2,saved_q_group_rows_insufficient_detector_rotation_anchors,+,+,0.13,33,1.2440945307413738,1.268393252044916,1.2562438913931449,364,364.0,pixel_count,46310.06618660397,46310.06618660397,18651.076203346252,127.22545655660433,127.22545655660433,51.23922033886333,46310.06618660397,46310.06618660397,18651.076203346252,127.22545655660433,,0,,,,False,127.22545655660433,51.23922033886333,27.889455795288086,31.036693572998047,29.471603608367193,129.10502387710807
PbI2,4.0,4.0,detector_qspace_per_pixel,detector_qr_band_per_qz_bin_fast,False,1,1.5806530407269872,1.5806530407269872,0,2,saved_q_group_rows_insufficient_detector_rotation_anchors,+,+,0.13,34,1.268393252044916,1.2926919733484585,1.2805426126966872,367,367.0,pixel_count,44123.11197629865,44123.11197629865,18267.659286499023,120.22646315067752,120.22646315067752,49.775638382831126,44123.11197629865,44123.11197629865,18267.659286499023,120.22646315067752,,0,,,,False,120.22646315067752,49.775638382831126,28.1253662109375,31.2843074798584,29.711011120175744,121.50824329846148
PbI2,4.0,4.0,detector_qspace_per_pixel,detector_qr_band_per_qz_bin_fast,False,1,1.5806530407269872,1.5806530407269872,0,2,saved_q_group_rows_insufficient_detector_rotation_anchors,+,+,0.13,35,1.2926919733484585,1.3169906946520011,1.3048413340002298,369,369.0,pixel_count,42577.79050292794,42577.79050292794,18146.817902565002,115.38696613259606,115.38696613259606,49.17836829963415,42577.79050292794,42577.79050292794,18146.817902565002,115.38696613259606,,0,,,,False,115.38696613259606,49.17836829963415,28.406991958618164,31.48900032043457,29.952694731193475,116.57166511511525
PbI2,4.0,4.0,detector_qspace_per_pixel,detector_qr_band_per_qz_bin_fast,False,1,1.5806530407269872,1.5806530407269872,0,2,saved_q_group_rows_insufficient_detector_rotation_anchors,+,+,0.13,36,1.3169906946520011,1.3412894159555433,1.3291400553037722,375,375.0,pixel_count,42375.418526231784,42375.418526231784,18277.116362571716,113.00111606995142,113.00111606995142,48.73897696685791,42375.418526231784,42375.418526231784,18277.116362571716,113.00111606995142,,0,,,,False,113.00111606995142,48.73897696685791,28.64600944519043,31.73866844177246,30.202591470080357,113.78742597073051
PbI2,4.0,4.0,detector_qspace_per_pixel,detector_qr_band_per_qz_bin_fast,False,1,1.5806530407269872,1.5806530407269872,0,2,saved_q_group_rows_insufficient_detector_rotation_anchors,+,+,0.13,37,1.3412894159555433,1.365588137259086,1.3534387766073146,376,376.0,pixel_count,42458.7372874481,42458.7372874481,18311.053093910217,112.92217363683005,112.92217363683005,48.699609292314406,42458.7372874481,42458.7372874481,18311.053093910217,112.92217363683005,,0,,,,False,112.92217363683005,48.699609292314406,28.92927360534668,32.02363204956055,30.45463868267888,111.76476226381678
PbI2,4.0,4.0,detector_qspace_per_pixel,detector_qr_band_per_qz_bin_fast,False,1,1.5806530407269872,1.5806530407269872,0,2,saved_q_group_rows_insufficient_detector_rotation_anchors,+,+,0.13,38,1.365588137259086,1.3898868585626285,1.3777374979108572,380,380.0,pixel_count,41615.33940190046,41615.33940190046,18475.201406478882,109.5140510576328,109.5140510576328,48.618951069681266,41615.33940190046,41615.33940190046,18475.201406478882,109.5140510576328,,0,,,,False,109.5140510576328,48.618951069681266,29.17092514038086,32.23259353637695,30.70498300593806,108.83130636270545
PbI2,4.0,4.0,detector_qspace_per_pixel,detector_qr_band_per_qz_bin_fast,False,1,1.5806530407269872,1.5806530407269872,0,2,saved_q_group_rows_insufficient_detector_rotation_anchors,+,+,0.13,39,1.3898868585626285,1.4141855798661707,1.4020362192143996,385,385.0,pixel_count,40126.71257390741,40126.71257390741,18724.151614189148,104.22522746469457,104.22522746469457,48.63416003685493,40126.71257390741,40126.71257390741,18724.151614189148,104.22522746469457,,0,,,,False,104.22522746469457,48.63416003685493,29.45539093017578,32.48454284667969,30.966962251672733,105.25529089755649
PbI2,4.0,4.0,detector_qspace_per_pixel,detector_qr_band_per_qz_bin_fast,False,1,1.5806530407269872,1.5806530407269872,0,2,saved_q_group_rows_insufficient_detector_rotation_anchors,+,+,0.13,40,1.4141855798661707,1.4384843011697133,1.426334940517942,388,388.0,pixel_count,39619.92005806958,39619.92005806958,18757.507557868958,102.11319602595253,102.11319602595253,48.34409164399216,39619.92005806958,39619.92005806958,18757.507557868958,102.11319602595253,,0,,,,False,102.11319602595253,48.34409164399216,29.69923210144043,32.736839294433594,31.2255007150912,102.47758611282453
PbI2,4.0,4.0,detector_qspace_per_pixel,detector_qr_band_per_qz_bin_fast,False,1,1.5806530407269872,1.5806530407269872,0,2,saved_q_group_rows_insufficient_detector_rotation_anchors,+,+,0.13,41,1.4384843011697133,1.4627830224732559,1.4506336618214846,394,394.0,pixel_count,39351.779840821124,39351.779840821124,18918.82845211029,99.87761380919066,99.87761380919066,48.01733109672663,39351.779840821124,39351.779840821124,18918.82845211029,99.87761380919066,,0,,,,False,99.87761380919066,48.01733109672663,29.984498977661133,33.02479934692383,31.48826314696044,101.07169226442775
PbI2,4.0,4.0,detector_qspace_per_pixel,detector_qr_band_per_qz_bin_fast,False,1,1.5806530407269872,1.5806530407269872,0,2,saved_q_group_rows_insufficient_detector_rotation_anchors,+,+,0.13,42,1.4627830224732559,1.487081743776798,1.474932383125027,399,399.0,pixel_count,40377.664600822805,40377.664600822805,18869.581464767456,101.19715438802709,101.19715438802709,47.2921841222242,40377.664600822805,40377.664600822805,18869.581464767456,101.19715438802709,,0,,,,False,101.19715438802709,47.2921841222242,30.23011589050293,33.23781204223633,31.74734169846011,100.70213129313245
PbI2,4.0,4.0,detector_qspace_per_pixel,detector_qr_band_per_qz_bin_fast,False,1,1.5806530407269872,1.5806530407269872,0,2,saved_q_group_rows_insufficient_detector_rotation_anchors,+,+,0.13,43,1.487081743776798,1.5113804650803406,1.4992311044285693,401,401.0,pixel_count,40529.18153689833,40529.18153689833,18606.97127532959,101.07027814687862,101.07027814687862,46.401424626757084,40529.18153689833,40529.18153689833,18606.97127532959,101.07027814687862,,0,,,,False,101.07027814687862,46.401424626757084,30.515811920166016,33.52701950073242,32.01866674015157,99.91933226321086
PbI2,4.0,4.0,detector_qspace_per_pixel,detector_qr_band_per_qz_bin_fast,False,1,1.5806530407269872,1.5806530407269872,0,2,saved_q_group_rows_insufficient_detector_rotation_anchors,+,+,0.13,44,1.5113804650803406,1.5356791863838832,1.523529825732112,407,407.0,pixel_count,39809.88028079842,39809.88028079842,18460.35863018036,97.81297366289537,97.81297366289537,45.35714651149965,39809.88028079842,39809.88028079842,18460.35863018036,97.81297366289537,,0,,,,False,97.81297366289537,45.35714651149965,30.7628173828125,33.780643463134766,32.28032760351757,98.01001562116387
PbI2,4.0,4.0,detector_qspace_per_pixel,detector_qr_band_per_qz_bin_fast,False,1,1.5806530407269872,1.5806530407269872,0,2,saved_q_group_rows_insufficient_detector_rotation_anchors,+,+,0.13,45,1.5356791863838832,1.5599779076874254,1.5478285470356543,411,411.0,pixel_count,39242.32503550896,39242.32503550896,18099.300543785095,95.4801095754476,95.4801095754476,44.03722760045035,39242.32503550896,39242.32503550896,18099.300543785095,95.4801095754476,,0,,,,False,95.4801095754476,44.03722760045035,31.089889526367188,34.031925201416016,32.561809183065755,96.00666828383142
PbI2,4.0,4.0,detector_qspace_per_pixel,detector_qr_band_per_qz_bin_fast,False,1,1.5806530407269872,1.5806530407269872,0,2,saved_q_group_rows_insufficient_detector_rotation_anchors,+,+,0.13,46,1.5599779076874254,1.584276628990968,1.5721272683391967,418,418.0,pixel_count,39271.32601981073,39271.32601981073,17753.206914901733,93.95054071725055,93.95054071725055,42.47178687775534,39271.32601981073,39271.32601981073,17753.206914901733,93.95054071725055,,0,,,,False,93.95054071725055,42.47178687775534,31.338045120239258,34.32200241088867,32.82634484148201,95.08363301095841
PbI2,4.0,4.0,detector_qspace_per_pixel,detector_qr_band_per_qz_bin_fast,False,1,1.5806530407269872,1.5806530407269872,0,2,saved_q_group_rows_insufficient_detector_rotation_anchors,+,+,0.13,47,1.584276628990968,1.6085753502945106,1.5964259896427393,421,421.0,pixel_count,40193.004850710306,40193.004850710306,17281.28240776062,95.47032031047578,95.47032031047578,41.048176740524035,40193.004850710306,40193.004850710306,17281.28240776062,95.47032031047578,,0,,,,False,95.47032031047578,41.048176740524035,31.665040969848633,34.57589340209961,33.11384992237684,95.4550224660951
PbI2,4.0,4.0,detector_qspace_per_pixel,detector_qr_band_per_qz_bin_fast,False,1,1.5806530407269872,1.5806530407269872,0,2,saved_q_group_rows_insufficient_detector_rotation_anchors,+,+,0.13,48,1.6085753502945106,1.6328740715980528,1.6207247109462817,429,429.0,pixel_count,41422.497894347965,41422.497894347965,16894.45713710785,96.55593914766426,96.55593914766426,39.381018967617365,41422.497894347965,41422.497894347965,16894.45713710785,96.55593914766426,,0,,,,False,96.55593914766426,39.381018967617365,31.913955688476562,34.829124450683594,33.38024489777923,96.1461818977286
PbI2,4.0,4.0,detector_qspace_per_pixel,detector_qr_band_per_qz_bin_fast,False,1,1.5806530407269872,1.5806530407269872,0,2,saved_q_group_rows_insufficient_detector_rotation_anchors,+,+,0.13,49,1.6328740715980528,1.6571727929015954,1.645023432249824,431,431.0,pixel_count,41794.83422813832,41794.83422813832,16203.199656486511,96.971773151133,96.971773151133,37.59443075750931,41794.83422813832,41794.83422813832,16203.199656486511,96.971773151133,,0,,,,False,96.971773151133,37.59443075750931,32.240474700927734,35.119224548339844,33.679609645749444,96.12793828838315
PbI2,4.0,4.0,detector_qspace_per_pixel,detector_qr_band_per_qz_bin_fast,False,1,1.5806530407269872,1.5806530407269872,0,2,saved_q_group_rows_insufficient_detector_rotation_anchors,+,+,0.13,50,1.6571727929015954,1.681471514205138,1.6693221535533667,438,438.0,pixel_count,41537.63491201734,41537.63491201734,15777.224601745605,94.83478290414918,94.83478290414918,36.02106073457901,41537.63491201734,41537.63491201734,15777.224601745605,94.83478290414918,,0,,,,False,94.83478290414918,36.02106073457901,32.48979187011719,35.40898895263672,33.95014218489136,95.60823340890873
PbI2,4.0,4.0,detector_qspace_per_pixel,detector_qr_band_per_qz_bin_fast,False,1,1.5806530407269872,1.5806530407269872,0,2,saved_q_group_rows_insufficient_detector_rotation_anchors,+,+,0.13,51,1.681471514205138,1.7057702355086801,1.693620874856909,443,443.0,pixel_count,41789.708030925176,41789.708030925176,15252.251379966736,94.33342670637737,94.33342670637737,34.42946135432672,41789.708030925176,41789.708030925176,15252.251379966736,94.33342670637737,,0,,,,False,94.33342670637737,34.42946135432672,32.78105545043945,35.66341781616211,34.231599192424746,96.42185913252976
PbI2,4.0,4.0,detector_qspace_per_pixel,detector_qr_band_per_qz_bin_fast,False,1,1.5806530407269872,1.5806530407269872,0,2,saved_q_group_rows_insufficient_detector_rotation_anchors,+,+,0.13,52,1.7057702355086801,1.7300689568122227,1.7179195961604514,451,451.0,pixel_count,44748.7321899978,44748.7321899978,14728.85468864441,99.22113567627007,99.22113567627007,32.65821438723816,44748.7321899978,44748.7321899978,14728.85468864441,99.22113567627007,,0,,,,False,99.22113567627007,32.65821438723816,33.1064338684082,35.952789306640625,34.52407434968212,99.84438866110037
PbI2,4.0,4.0,detector_qspace_per_pixel,detector_qr_band_per_qz_bin_fast,False,1,1.5806530407269872,1.5806530407269872,0,2,saved_q_group_rows_insufficient_detector_rotation_anchors,+,+,0.13,53,1.7300689568122227,1.754367678115765,1.742218317463994,455,455.0,pixel_count,47551.192017584704,47551.192017584704,14097.616205215454,104.50811432436198,104.50811432436198,30.983771879594403,47551.192017584704,47551.192017584704,14097.616205215454,104.50811432436198,,0,,,,False,104.50811432436198,30.983771879594403,33.35601043701172,36.2415771484375,34.81336788010658,104.99563769361137
PbI2,4.0,4.0,detector_qspace_per_pixel,detector_qr_band_per_qz_bin_fast,False,1,1.5806530407269872,1.5806530407269872,0,2,saved_q_group_rows_insufficient_detector_rotation_anchors,+,+,0.13,54,1.754367678115765,1.7786663994193075,1.7665170387675362,461,461.0,pixel_count,51825.24046213027,51825.24046213027,13508.059795379639,112.41917670744094,112.41917670744094,29.301648146159735,51825.24046213027,51825.24046213027,13508.059795379639,112.41917670744094,,0,,,,False,112.41917670744094,29.301648146159735,33.680030822753906,36.496376037597656,35.10892963831434,109.22207986401543
PbI2,4.0,4.0,detector_qspace_per_pixel,detector_qr_band_per_qz_bin_fast,False,1,1.5806530407269872,1.5806530407269872,0,2,saved_q_group_rows_insufficient_detector_rotation_anchors,+,+,0.13,55,1.7786663994193075,1.80296512072285,1.7908157600710788,471,471.0,pixel_count,53183.10027982763,53183.10027982763,13043.996495246887,112.91528721831769,112.91528721831769,27.694260074834155,53183.10027982763,53183.10027982763,13043.996495246887,112.91528721831769,,0,,,,False,112.91528721831769,27.694260074834155,33.97074508666992,36.7842903137207,35.396856898239434,108.48518950602427
PbI2,4.0,4.0,detector_qspace_per_pixel,detector_qr_band_per_qz_bin_fast,False,1,1.5806530407269872,1.5806530407269872,0,2,saved_q_group_rows_insufficient_detector_rotation_anchors,+,+,0.13,56,1.80296512072285,1.8272638420263925,1.8151144813746214,475,475.0,pixel_count,48986.67181846675,48986.67181846675,12375.67982006073,103.12983540729842,103.12983540729842,26.05406277907522,48986.67181846675,48986.67181846675,12375.67982006073,103.12983540729842,,0,,,,False,103.12983540729842,26.05406277907522,34.293025970458984,37.107749938964844,35.701774228297545,101.2005512115485
PbI2,4.0,4.0,detector_qspace_per_pixel,detector_qr_band_per_qz_bin_fast,False,1,1.5806530407269872,1.5806530407269872,0,2,saved_q_group_rows_insufficient_detector_rotation_anchors,+,+,0.13,57,1.8272638420263925,1.8515625633299349,1.8394132026781636,484,484.0,pixel_count,43305.31800705746,43305.31800705746,11908.254373073578,89.47379753524268,89.47379753524268,24.603831349325574,43305.31800705746,43305.31800705746,11908.254373073578,89.47379753524268,,0,,,,False,89.47379753524268,24.603831349325574,34.58293914794922,37.362205505371094,35.98785535238476,90.21617711208009
PbI2,4.0,4.0,detector_qspace_per_pixel,detector_qr_band_per_qz_bin_fast,False,1,1.5806530407269872,1.5806530407269872,0,2,saved_q_group_rows_insufficient_detector_rotation_anchors,+,+,0.13,58,1.8515625633299349,1.8758612846334777,1.8637119239817062,490,490.0,pixel_count,38340.32022016316,38340.32022016316,11219.327013492584,78.24555146972072,78.24555146972072,22.8965857418216,38340.32022016316,38340.32022016316,11219.327013492584,78.24555146972072,,0,,,,False,78.24555146972072,22.8965857418216,34.9139518737793,37.68425369262695,36.301062295582575,79.48331508185274
PbI2,4.0,4.0,detector_qspace_per_pixel,detector_qr_band_per_qz_bin_fast,False,1,1.5806530407269872,1.5806530407269872,0,2,saved_q_group_rows_insufficient_detector_rotation_anchors,+,+,0.13,59,1.8758612846334777,1.9001600059370198,1.8880106452852488,495,495.0,pixel_count,34147.87598342322,34147.87598342322,10616.516718864441,68.98560804731963,68.98560804731963,21.447508522958465,34147.87598342322,34147.87598342322,10616.516718864441,68.98560804731963,,0,,,,False,68.98560804731963,21.447508522958465,35.23318099975586,37.96894454956055,36.59979707285413,71.35081186814864
PbI2,4.0,4.0,detector_qspace_per_pixel,detector_qr_band_per_qz_bin_fast,False,1,1.5806530407269872,1.5806530407269872,0,2,saved_q_group_rows_insufficient_detector_rotation_anchors,+,+,0.13,60,1.9001600059370198,1.9244587272405622,1.912309366588791,508,508.0,pixel_count,33459.69826155351,33459.69826155351,10215.178501605988,65.8655477589636,65.8655477589636,20.108619097649584,33459.69826155351,33459.69826155351,10215.178501605988,65.8655477589636,,0,,,,False,65.8655477589636,20.108619097649584,35.52149200439453,38.258544921875,36.89798233127218,66.30600540085364
PbI2,4.0,4.0,detector_qspace_per_pixel,detector_qr_band_per_qz_bin_fast,False,1,1.5806530407269872,1.5806530407269872,0,2,saved_q_group_rows_insufficient_detector_rotation_anchors,+,+,0.13,61,1.9244587272405622,1.948757448544105,1.9366080878923335,515,515.0,pixel_count,32214.034764283286,32214.034764283286,9633.666985988617,62.5515238141423,62.5515238141423,18.706149487356537,32214.034764283286,32214.034764283286,9633.666985988617,62.5515238141423,,0,,,,False,62.5515238141423,18.706149487356537,35.809303283691406,38.57754135131836,37.2079849816351,63.20740089896974
PbI2,4.0,4.0,detector_qspace_per_pixel,detector_qr_band_per_qz_bin_fast,False,1,1.5806530407269872,1.5806530407269872,0,2,saved_q_group_rows_insufficient_detector_rotation_anchors,+,+,0.13,62,1.948757448544105,1.9730561698476472,1.9609068091958761,518,518.0,pixel_count,31625.798234455066,31625.798234455066,9031.765617847443,61.05366454528005,61.05366454528005,17.435840961095447,31625.798234455066,31625.798234455066,9031.765617847443,61.05366454528005,,0,,,,False,61.05366454528005,17.435840961095447,36.1658935546875,38.89516067504883,37.512646928182406,61.07995198517747
PbI2,4.0,4.0,detector_qspace_per_pixel,detector_qr_band_per_qz_bin_fast,False,1,1.5806530407269872,1.5806530407269872,0,2,saved_q_group_rows_insufficient_detector_rotation_anchors,+,+,0.13,63,1.9730561698476472,1.9973548911511896,1.9852055304994183,531,531.0,pixel_count,31402.259980946044,31402.259980946044,8574.69499874115,59.13796606581176,59.13796606581176,16.148201504220623,31402.259980946044,31402.259980946044,8574.69499874115,59.13796606581176,,0,,,,False,59.13796606581176,16.148201504220623,36.49269104003906,39.146827697753906,37.82661810090267,59.47914675341984
PbI2,4.0,4.0,detector_qspace_per_pixel,detector_qr_band_per_qz_bin_fast,False,1,1.5806530407269872,1.5806530407269872,0,2,saved_q_group_rows_insufficient_detector_rotation_anchors,+,+,0.13,64,1.9973548911511896,2.0216536124547324,2.009504251802961,545,545.0,pixel_count,31743.21930628631,31743.21930628631,8243.78133058548,58.24443909410332,58.24443909410332,15.126204276303632,31743.21930628631,31743.21930628631,8243.78133058548,58.24443909410332,,0,,,,False,58.24443909410332,15.126204276303632,36.77786636352539,39.49791717529297,38.131182006159555,58.26971995965059
PbI2,4.0,4.0,detector_qspace_per_pixel,detector_qr_band_per_qz_bin_fast,False,1,1.5806530407269872,1.5806530407269872,0,2,saved_q_group_rows_insufficient_detector_rotation_anchors,+,+,0.13,65,2.0216536124547324,2.0459523337582746,2.0338029731065035,542,542.0,pixel_count,30934.685814515236,30934.685814515236,7581.619922637939,57.075066078441395,57.075066078441395,13.988228639553395,30934.685814515236,30934.685814515236,7581.619922637939,57.075066078441395,,0,,,,False,57.075066078441395,13.988228639553395,37.102821350097656,39.783935546875,38.446768571431534,57.41145589720333
PbI2,4.0,4.0,detector_qspace_per_pixel,detector_qr_band_per_qz_bin_fast,False,1,1.5806530407269872,1.5806530407269872,0,2,saved_q_group_rows_insufficient_detector_rotation_anchors,+,+,0.13,66,2.0459523337582746,2.070251055061817,2.0581016944100456,560,560.0,pixel_count,31869.254456301853,31869.254456301853,7248.289360046387,56.90938295768188,56.90938295768188,12.94337385722569,31869.254456301853,31869.254456301853,7248.289360046387,56.90938295768188,,0,,,,False,56.90938295768188,12.94337385722569,37.45291519165039,40.09637451171875,38.76961175231156,56.81594952759279
PbI2,4.0,4.0,detector_qspace_per_pixel,detector_qr_band_per_qz_bin_fast,False,1,1.5806530407269872,1.5806530407269872,0,2,saved_q_group_rows_insufficient_detector_rotation_anchors,+,+,0.13,67,2.070251055061817,2.0945497763653598,2.0824004157135887,568,568.0,pixel_count,32164.23707384769,32164.23707384769,6876.158057689667,56.62717794691495,56.62717794691495,12.1059120733973,32164.23707384769,32164.23707384769,6876.158057689667,56.62717794691495,,0,,,,False,56.62717794691495,12.1059120733973,37.775028228759766,40.407127380371094,39.07652655938978,56.01398717469486
PbI2,4.0,4.0,detector_qspace_per_pixel,detector_qr_band_per_qz_bin_fast,False,1,1.5806530407269872,1.5806530407269872,0,2,saved_q_group_rows_insufficient_detector_rotation_anchors,+,+,0.13,68,2.0945497763653598,2.118848497668902,2.106699137017131,578,578.0,pixel_count,31483.401817398182,31483.401817398182,6485.730679035187,54.469553317297894,54.469553317297894,11.22098733397091,31483.401817398182,31483.401817398182,6485.730679035187,54.469553317297894,,0,,,,False,54.469553317297894,11.22098733397091,38.09587860107422,40.72529983520508,39.40127903118926,54.775498010687244
PbI2,4.0,4.0,detector_qspace_per_pixel,detector_qr_band_per_qz_bin_fast,False,1,1.5806530407269872,1.5806530407269872,0,2,saved_q_group_rows_insufficient_detector_rotation_anchors,+,+,0.13,69,2.118848497668902,2.1431472189724445,2.130997858320673,591,591.0,pixel_count,31571.790477789906,31571.790477789906,6208.329567432404,53.42096527544823,53.42096527544823,10.504787762152967,31571.790477789906,31571.790477789906,6208.329567432404,53.42096527544823,,0,,,,False,53.42096527544823,10.504787762152967,38.415382385253906,41.032814025878906,39.712163610277045,53.60871279799459
PbI2,4.0,4.0,detector_qspace_per_pixel,detector_qr_band_per_qz_bin_fast,False,1,1.5806530407269872,1.5806530407269872,0,2,saved_q_group_rows_insufficient_detector_rotation_anchors,+,+,0.13,70,2.1431472189724445,2.167445940275987,2.155296579624216,605,605.0,pixel_count,31890.878423495218,31890.878423495218,5910.145231723785,52.71219574131441,52.71219574131441,9.768835093758323,31890.878423495218,31890.878423495218,5910.145231723785,52.71219574131441,,0,,,,False,52.71219574131441,9.768835093758323,38.73347854614258,41.348323822021484,40.03875649373537,52.78094563573323
PbI2,4.0,4.0,detector_qspace_per_pixel,detector_qr_band_per_qz_bin_fast,False,1,1.5806530407269872,1.5806530407269872,0,2,saved_q_group_rows_insufficient_detector_rotation_anchors,+,+,0.13,71,2.167445940275987,2.1917446615795293,2.179595300927758,614,614.0,pixel_count,31922.01470620352,31922.01470620352,5628.52100276947,51.99025196450085,51.99025196450085,9.166972317214121,31922.01470620352,31922.01470620352,5628.52100276947,51.99025196450085,,0,,,,False,51.99025196450085,9.166972317214121,39.05010223388672,41.68716812133789,40.352085197273716,52.23859812516457
PbI2,4.0,4.0,detector_qspace_per_pixel,detector_qr_band_per_qz_bin_fast,False,1,1.5806530407269872,1.5806530407269872,0,2,saved_q_group_rows_insufficient_detector_rotation_anchors,+,+,0.13,72,2.1917446615795293,2.2160433828830715,2.2038940222313004,628,628.0,pixel_count,32693.66112940186,32693.66112940186,5363.033744335175,52.05996995127685,52.05996995127685,8.539862650215246,32693.66112940186,32693.66112940186,5363.033744335175,52.05996995127685,,0,,,,False,52.05996995127685,8.539862650215246,39.36518478393555,41.964942932128906,40.68240752083676,51.8743587955626
PbI2,4.0,4.0,detector_qspace_per_pixel,detector_qr_band_per_qz_bin_fast,False,1,1.5806530407269872,1.5806530407269872,0,2,saved_q_group_rows_insufficient_detector_rotation_anchors,+,+,0.13,73,2.2160433828830715,2.2403421041866145,2.228192743534843,639,639.0,pixel_count,32906.33542123569,32906.33542123569,5116.440935373306,51.49661255279451,51.49661255279451,8.006949820615503,32906.33542123569,32906.33542123569,5116.440935373306,51.49661255279451,,0,,,,False,51.49661255279451,8.006949820615503,39.717742919921875,42.276119232177734,41.003642520492065,51.449734925769825
PbI2,4.0,4.0,detector_qspace_per_pixel,detector_qr_band_per_qz_bin_fast,False,1,1.5806530407269872,1.5806530407269872,0,2,saved_q_group_rows_insufficient_detector_rotation_anchors,+,+,0.13,74,2.2403421041866145,2.2646408254901567,2.2524914648383856,655,655.0,pixel_count,33279.91790934404,33279.91790934404,4884.8363473415375,50.80903497609777,50.80903497609777,7.457765415788606,33279.91790934404,33279.91790934404,4884.8363473415375,50.80903497609777,,0,,,,False,50.80903497609777,7.457765415788606,40.068206787109375,42.64326477050781,41.34282902199415,51.01424908000121
PbI2,4.0,4.0,detector_qspace_per_pixel,detector_qr_band_per_qz_bin_fast,False,1,1.5806530407269872,1.5806530407269872,0,2,saved_q_group_rows_insufficient_detector_rotation_anchors,+,+,0.13,75,2.2646408254901567,2.288939546793699,2.2767901861419277,664,664.0,pixel_count,33625.72927742292,33625.72927742292,4667.272799015045,50.641158550335724,50.641158550335724,7.029025299721454,33625.72927742292,33625.72927742292,4667.272799015045,50.641158550335724,,0,,,,False,50.641158550335724,7.029025299721454,40.3779182434082,42.950782775878906,41.66264528107992,50.86612311683443
PbI2,4.0,4.0,detector_qspace_per_pixel,detector_qr_band_per_qz_bin_fast,False,1,1.5806530407269872,1.5806530407269872,0,2,saved_q_group_rows_insufficient_detector_rotation_anchors,+,+,0.13,76,2.288939546793699,2.313238268097242,2.3010889074454703,679,679.0,pixel_count,34505.24335071225,34505.24335071225,4473.918741464615,50.81773689353792,50.81773689353792,6.588981946192364,34505.24335071225,34505.24335071225,4473.918741464615,50.81773689353792,,0,,,,False,50.81773689353792,6.588981946192364,40.724239349365234,43.278907775878906,41.99704249908186,51.20942427339321
PbI2,4.0,4.0,detector_qspace_per_pixel,detector_qr_band_per_qz_bin_fast,False,1,1.5806530407269872,1.5806530407269872,0,2,saved_q_group_rows_insufficient_detector_rotation_anchors,+,+,0.13,77,2.313238268097242,2.337536989400784,2.325387628749013,694,694.0,pixel_count,36146.94676720037,36146.94676720037,4282.154179573059,52.084937704899666,52.084937704899666,6.170250979211901,36146.94676720037,36146.94676720037,4282.154179573059,52.084937704899666,,0,,,,False,52.084937704899666,6.170250979211901,41.06827926635742,43.61635971069336,42.34142494021043,51.87838388720125
PbI2,4.0,4.0,detector_qspace_per_pixel,detector_qr_band_per_qz_bin_fast,False,1,1.5806530407269872,1.5806530407269872,0,2,saved_q_group_rows_insufficient_detector_rotation_anchors,+,+,0.13,78,2.337536989400784,2.361835710704326,2.349686350052555,703,703.0,pixel_count,37335.24673644483,37335.24673644483,4088.5787031650543,53.108459084558795,53.108459084558795,5.815901426977318,37335.24673644483,37335.24673644483,4088.5787031650543,53.108459084558795,,0,,,,False,53.108459084558795,5.815901426977318,41.40998458862305,43.91825866699219,42.6742577041864,51.988994793668795
PbI2,4.0,4.0,detector_qspace_per_pixel,detector_qr_band_per_qz_bin_fast,False,1,1.5806530407269872,1.5806530407269872,0,2,saved_q_group_rows_insufficient_detector_rotation_anchors,+,+,0.13,79,2.361835710704326,2.3861344320078692,2.3739850713560977,727,727.0,pixel_count,37222.98280999684,37222.98280999684,4033.029893398285,51.2008016643698,51.2008016643698,5.5474964145781085,37222.98280999684,37222.98280999684,4033.029893398285,51.2008016643698,,0,,,,False,51.2008016643698,5.5474964145781085,41.729400634765625,44.25163269042969,42.992745241131125,50.76877610609456
PbI2,4.0,4.0,detector_qspace_per_pixel,detector_qr_band_per_qz_bin_fast,False,1,1.5806530407269872,1.5806530407269872,0,2,saved_q_group_rows_insufficient_detector_rotation_anchors,+,+,0.13,80,2.3861344320078692,2.4104331533114114,2.3982837926596403,738,738.0,pixel_count,35884.53692209503,35884.53692209503,3855.9378633499146,48.62403376977647,48.62403376977647,5.2248480533196675,35884.53692209503,35884.53692209503,3855.9378633499146,48.62403376977647,,0,,,,False,48.62403376977647,5.2248480533196675,42.10405349731445,44.582759857177734,43.33606433650957,48.62338769013408
PbI2,4.0,4.0,detector_qspace_per_pixel,detector_qr_band_per_qz_bin_fast,False,1,1.5806530407269872,1.5806530407269872,0,2,saved_q_group_rows_insufficient_detector_rotation_anchors,+,+,0.13,81,2.4104331533114114,2.4347318746149536,2.4225825139631825,762,762.0,pixel_count,34951.6256701903,34951.6256701903,3762.1897432804108,45.86827515773005,45.86827515773005,4.937256880945421,34951.6256701903,34951.6256701903,3762.1897432804108,45.86827515773005,,0,,,,False,45.86827515773005,4.937256880945421,42.43861770629883,44.93145751953125,43.68464714632149,46.52119697454089
PbI2,4.0,4.0,detector_qspace_per_pixel,detector_qr_band_per_qz_bin_fast,False,1,1.5806530407269872,1.5806530407269872,0,2,saved_q_group_rows_insufficient_detector_rotation_anchors,+,+,0.13,82,2.4347318746149536,2.4590305959184966,2.446881235266725,780,780.0,pixel_count,35159.76525107672,35159.76525107672,3659.989678144455,45.07662211676503,45.07662211676503,4.692294459159558,35159.76525107672,35159.76525107672,3659.989678144455,45.07662211676503,,0,,,,False,45.07662211676503,4.692294459159558,42.788909912109375,45.25747299194336,44.02206357419933,44.95994056883026
PbI2,4.0,4.0,detector_qspace_per_pixel,detector_qr_band_per_qz_bin_fast,False,1,1.5806530407269872,1.5806530407269872,0,2,saved_q_group_rows_insufficient_detector_rotation_anchors,+,+,0.13,83,2.4590305959184966,2.4833293172220388,2.4711799565702677,800,800.0,pixel_count,34790.39875646771,34790.39875646771,3570.361207485199,43.48799844558464,43.48799844558464,4.462951509356499,34790.39875646771,34790.39875646771,3570.361207485199,43.48799844558464,,0,,,,False,43.48799844558464,4.462951509356499,43.15497589111328,45.61332321166992,44.36364645996281,43.73939285727789
PbI2,4.0,4.0,detector_qspace_per_pixel,detector_qr_band_per_qz_bin_fast,False,1,1.5806530407269872,1.5806530407269872,0,2,saved_q_group_rows_insufficient_detector_rotation_anchors,+,+,0.13,84,2.4833293172220388,2.507628038525581,2.49547867787381,817,817.0,pixel_count,34869.55154998964,34869.55154998964,3470.451864719391,42.67998965727006,42.67998965727006,4.247799100023734,34869.55154998964,34869.55154998964,3470.451864719391,42.67998965727006,,0,,,,False,42.67998965727006,4.247799100023734,43.464088439941406,45.93425369262695,44.70805202851076,42.792811692928
PbI2,4.0,4.0,detector_qspace_per_pixel,detector_qr_band_per_qz_bin_fast,False,1,1.5806530407269872,1.5806530407269872,0,2,saved_q_group_rows_insufficient_detector_rotation_anchors,+,+,0.13,85,2.507628038525581,2.531926759829124,2.5197773991773524,842,842.0,pixel_count,35347.12765545309,35347.12765545309,3421.302345752716,41.9799615860488,41.9799615860488,4.06330444863743,35347.12765545309,35347.12765545309,3421.302345752716,41.9799615860488,,0,,,,False,41.9799615860488,4.06330444863743,43.8244514465332,46.28440475463867,45.04929564650883,42.19072789822239
PbI2,4.0,4.0,detector_qspace_per_pixel,detector_qr_band_per_qz_bin_fast,False,1,1.5806530407269872,1.5806530407269872,0,2,saved_q_group_rows_insufficient_detector_rotation_anchors,+,+,0.13,86,2.531926759829124,2.556225481132666,2.544076120480895,863,863.0,pixel_count,35923.68522693749,35923.68522693749,3350.305379152298,41.62651822356603,41.62651822356603,3.8821615053908434,35923.68522693749,35923.68522693749,3350.305379152298,41.62651822356603,,0,,,,False,41.62651822356603,3.8821615053908434,44.200374603271484,46.63150405883789,45.396704276077024,42.04324005382078
PbI2,4.0,4.0,detector_qspace_per_pixel,detector_qr_band_per_qz_bin_fast,False,1,1.5806530407269872,1.5806530407269872,0,2,saved_q_group_rows_insufficient_detector_rotation_anchors,+,+,0.13,87,2.556225481132666,2.5805242024362083,2.568374841784437,882,882.0,pixel_count,37500.336291058506,37500.336291058506,3289.620348215103,42.51738808510034,42.51738808510034,3.7297282859581666,37500.336291058506,37500.336291058506,3289.620348215103,42.51738808510034,,0,,,,False,42.51738808510034,3.7297282859581666,44.53797149658203,46.958316802978516,45.735292298463314,42.271030792171
PbI2,4.0,4.0,detector_qspace_per_pixel,detector_qr_band_per_qz_bin_fast,False,1,1.5806530407269872,1.5806530407269872,0,2,saved_q_group_rows_insufficient_detector_rotation_anchors,+,+,0.13,88,2.5805242024362083,2.6048229237397513,2.59267356308798,904,904.0,pixel_count,38380.74015585007,38380.74015585007,3236.9617643356323,42.456570968860696,42.456570968860696,3.5807099163004783,38380.74015585007,38380.74015585007,3236.9617643356323,42.456570968860696,,0,,,,False,42.456570968860696,3.5807099163004783,44.873046875,47.29960250854492,46.083931712960094,42.462561643288964
PbI2,4.0,4.0,detector_qspace_per_pixel,detector_qr_band_per_qz_bin_fast,False,1,1.5806530407269872,1.5806530407269872,0,2,saved_q_group_rows_insufficient_detector_rotation_anchors,+,+,0.13,89,2.6048229237397513,2.6291216450432935,2.6169722843915224,933,933.0,pixel_count,39928.75289450495,39928.75289450495,3209.7569296360016,42.79609099089491,42.79609099089491,3.4402539438756716,39928.75289450495,39928.75289450495,3209.7569296360016,42.79609099089491,,0,,,,False,42.79609099089491,3.4402539438756716,45.24019241333008,47.63771057128906,46.435994204448946,42.23822635691275
PbI2,4.0,4.0,detector_qspace_per_pixel,detector_qr_band_per_qz_bin_fast,False,1,1.5806530407269872,1.5806530407269872,0,2,saved_q_group_rows_insufficient_detector_rotation_anchors,+,+,0.13,90,2.6291216450432935,2.6534203663468356,2.6412710056950646,960,960.0,pixel_count,40284.46640184082,40284.46640184082,3183.3997213840485,41.962985835250855,41.962985835250855,3.316041376441717,40284.46640184082,40284.46640184082,3183.3997213840485,41.962985835250855,,0,,,,False,41.962985835250855,3.316041376441717,45.60408401489258,47.98700714111328,46.78688019304897,40.98949443307076
PbI2,4.0,4.0,detector_qspace_per_pixel,detector_qr_band_per_qz_bin_fast,False,1,1.5806530407269872,1.5806530407269872,0,2,saved_q_group_rows_insufficient_detector_rotation_anchors,+,+,0.13,91,2.6534203663468356,2.6777190876503787,2.665569726998607,987,987.0,pixel_count,38270.29455421494,38270.29455421494,3164.476167678833,38.77436125047106,38.77436125047106,3.206156198256163,38270.29455421494,38270.29455421494,3164.476167678833,38.77436125047106,,0,,,,False,38.77436125047106,3.206156198256163,45.950191497802734,48.34878921508789,47.13613981300426,38.37349810763254
PbI2,4.0,4.0,detector_qspace_per_pixel,detector_qr_band_per_qz_bin_fast,False,1,1.5806530407269872,1.5806530407269872,0,2,saved_q_group_rows_insufficient_detector_rotation_anchors,+,+,0.13,92,2.6777190876503787,2.702017808953921,2.6898684483021498,1020,1020.0,pixel_count,35582.229578529135,35582.229578529135,3165.8481698036194,34.88453880247955,34.88453880247955,3.1037727154937444,35582.229578529135,35582.229578529135,3165.8481698036194,34.88453880247955,,0,,,,False,34.88453880247955,3.1037727154937444,46.30784225463867,48.691650390625,47.48857346801008,34.95636772077765
PbI2,4.0,4.0,detector_qspace_per_pixel,detector_qr_band_per_qz_bin_fast,False,1,1.5806530407269872,1.5806530407269872,0,2,saved_q_group_rows_insufficient_detector_rotation_anchors,+,+,0.13,93,2.702017808953921,2.726316530257463,2.714167169605692,1051,1051.0,pixel_count,32554.086511538375,32554.086511538375,3160.5749349594116,30.974392494327663,30.974392494327663,3.0072073596188504,32554.086511538375,32554.086511538375,3160.5749349594116,30.974392494327663,,0,,,,False,30.974392494327663,3.0072073596188504,46.662105560302734,49.04607009887695,47.847605772602776,31.75363972202574
PbI2,4.0,4.0,detector_qspace_per_pixel,detector_qr_band_per_qz_bin_fast,False,1,1.5806530407269872,1.5806530407269872,0,2,saved_q_group_rows_insufficient_detector_rotation_anchors,+,+,0.13,94,2.726316530257463,2.750615251561006,2.7384658909092345,1081,1081.0,pixel_count,31542.230169616872,31542.230169616872,3166.6413519382477,29.1787513132441,29.1787513132441,2.9293629527643366,31542.230169616872,31542.230169616872,3166.6413519382477,29.1787513132441,,0,,,,False,29.1787513132441,2.9293629527643366,47.032649993896484,49.38233184814453,48.19671449628616,29.411264486103285
PbI2,4.0,4.0,detector_qspace_per_pixel,detector_qr_band_per_qz_bin_fast,False,1,1.5806530407269872,1.5806530407269872,0,2,saved_q_group_rows_insufficient_detector_rotation_anchors,+,+,0.13,95,2.750615251561006,2.774913972864548,2.762764612212777,1125,1125.0,pixel_count,31050.113803076936,31050.113803076936,3208.0365772247314,27.60010115829061,27.60010115829061,2.851588068644206,31050.113803076936,31050.113803076936,3208.0365772247314,27.60010115829061,,0,,,,False,27.60010115829061,2.851588068644206,47.39986038208008,49.74421691894531,48.55761864340542,27.788235142930617
PbI2,4.0,4.0,detector_qspace_per_pixel,detector_qr_band_per_qz_bin_fast,False,1,1.5806530407269872,1.5806530407269872,0,2,saved_q_group_rows_insufficient_detector_rotation_anchors,+,+,0.13,96,2.774913972864548,2.7992126941680904,2.7870633335163193,1156,1156.0,pixel_count,30329.33839353987,30329.33839353987,3222.8658967018127,26.23645189752584,26.23645189752584,2.7879462774237136,30329.33839353987,30329.33839353987,3222.8658967018127,26.23645189752584,,0,,,,False,26.23645189752584,2.7879462774237136,47.763668060302734,50.102294921875,48.91466722953662,26.747429419146723
PbI2,4.0,4.0,detector_qspace_per_pixel,detector_qr_band_per_qz_bin_fast,False,3,2.73777137567738,2.73777137567738,0,0,saved_q_group_rows_no_fit_points,-,-,0.13,1,0.46336174831707855,0.48749517270859305,0.4754284605128358,511,511.0,pixel_count,13570.146335114136,13570.146335114136,530.3600036501884,26.55605936421553,26.55605936421553,1.0378865042078051,13570.146335114136,13570.146335114136,530.3600036501884,26.55605936421553,,0,,,,False,26.55605936421553,1.0378865042078051,38.207054138183594,42.044891357421875,40.188975822855454,26.6953789916324
PbI2,4.0,4.0,detector_qspace_per_pixel,detector_qr_band_per_qz_bin_fast,False,3,2.73777137567738,2.73777137567738,0,0,saved_q_group_rows_no_fit_points,-,-,0.13,2,0.48749517270859305,0.5116285971001077,0.4995618849043504,514,514.0,pixel_count,13856.53823724833,13856.53823724833,534.8655267357826,26.958245597759394,26.958245597759394,1.040594409991795,13856.53823724833,13856.53823724833,534.8655267357826,26.958245597759394,,0,,,,False,26.958245597759394,1.040594409991795,38.29290771484375,42.1260986328125,40.273210056209564,26.936597431207403
PbI2,4.0,4.0,detector_qspace_per_pixel,detector_qr_band_per_qz_bin_fast,False,3,2.73777137567738,2.73777137567738,0,0,saved_q_group_rows_no_fit_points,-,-,0.13,3,0.5116285971001077,0.5357620214916221,0.5236953092958649,517,517.0,pixel_count,14098.169071137509,14098.169071137509,539.4539550542831,27.2691858242505,27.2691858242505,1.0434312476872014,14098.169071137509,14098.169071137509,539.4539550542831,27.2691858242505,,0,,,,False,27.2691858242505,1.0434312476872014,38.388790130615234,42.20915222167969,40.35033690107713,27.215918733211375
PbI2,4.0,4.0,detector_qspace_per_pixel,detector_qr_band_per_qz_bin_fast,False,3,2.73777137567738,2.73777137567738,0,0,saved_q_group_rows_no_fit_points,-,-,0.13,4,0.5357620214916221,0.5598954458831366,0.5478287336873793,526,526.0,pixel_count,14357.742228472935,14357.742228472935,548.5727725028992,27.296087886830673,27.296087886830673,1.0429140161652075,14357.742228472935,14357.742228472935,548.5727725028992,27.296087886830673,,0,,,,False,27.296087886830673,1.0429140161652075,38.48699951171875,42.34256362915039,40.456007168631984,27.578146260494428
PbI2,4.0,4.0,detector_qspace_per_pixel,detector_qr_band_per_qz_bin_fast,False,3,2.73777137567738,2.73777137567738,0,0,saved_q_group_rows_no_fit_points,-,-,0.13,5,0.5598954458831366,0.5840288702746511,0.5719621580788938,527,527.0,pixel_count,14860.722235520767,14860.722235520767,550.1674935817719,28.198713919394244,28.198713919394244,1.0439610883904589,14860.722235520767,14860.722235520767,550.1674935817719,28.198713919394244,,0,,,,False,28.198713919394244,1.0439610883904589,38.54172134399414,42.429344177246094,40.53848835744197,28.162470574095785
PbI2,4.0,4.0,detector_qspace_per_pixel,detector_qr_band_per_qz_bin_fast,False,3,2.73777137567738,2.73777137567738,0,0,saved_q_group_rows_no_fit_points,-,-,0.13,6,0.5840288702746511,0.6081622946661657,0.5960955824704084,528,528.0,pixel_count,15194.387669684102,15194.387669684102,551.2175186276436,28.77724937440171,28.77724937440171,1.043972573158416,15194.387669684102,15194.387669684102,551.2175186276436,28.77724937440171,,0,,,,False,28.77724937440171,1.043972573158416,38.644657135009766,42.517852783203125,40.625955290845695,28.876734437713694
PbI2,4.0,4.0,detector_qspace_per_pixel,detector_qr_band_per_qz_bin_fast,False,3,2.73777137567738,2.73777137567738,0,0,saved_q_group_rows_no_fit_points,-,-,0.13,7,0.6081622946661657,0.6322957190576802,0.620229006861923,529,529.0,pixel_count,15811.44488480247,15811.44488480247,551.4238998293877,29.889309801138882,29.889309801138882,1.0423892246302224,15811.44488480247,15811.44488480247,551.4238998293877,29.889309801138882,,0,,,,False,29.889309801138882,1.0423892246302224,38.749778747558594,42.608062744140625,40.723823056425225,29.527188851421688
PbI2,4.0,4.0,detector_qspace_per_pixel,detector_qr_band_per_qz_bin_fast,False,3,2.73777137567738,2.73777137567738,0,0,saved_q_group_rows_no_fit_points,-,-,0.13,8,0.6322957190576802,0.6564291434491947,0.6443624312534375,538,538.0,pixel_count,15951.709671626011,15951.709671626011,558.8859110474586,29.650017977000022,29.650017977000022,1.0388213959989938,15951.709671626011,15951.709671626011,558.8859110474586,29.650017977000022,,0,,,,False,29.650017977000022,1.0388213959989938,38.85703659057617,42.70869064331055,40.84034189844394,30.11385851411589
PbI2,4.0,4.0,detector_qspace_per_pixel,detector_qr_band_per_qz_bin_fast,False,3,2.73777137567738,2.73777137567738,0,0,saved_q_group_rows_no_fit_points,-,-,0.13,9,0.6564291434491947,0.6805625678407091,0.6684958556449518,538,538.0,pixel_count,16665.768113453283,16665.768113453283,557.7347712516785,30.977264151400156,30.977264151400156,1.0366817309510752,16665.768113453283,16665.768113453283,557.7347712516785,30.977264151400156,,0,,,,False,30.977264151400156,1.0366817309510752,38.96638488769531,42.802490234375,40.93566744092326,30.97769385451582
PbI2,4.0,4.0,detector_qspace_per_pixel,detector_qr_band_per_qz_bin_fast,False,3,2.73777137567738,2.73777137567738,0,0,saved_q_group_rows_no_fit_points,-,-,0.13,10,0.6805625678407091,0.7046959922322237,0.6926292800364664,542,542.0,pixel_count,17265.33475632499,17265.33475632499,560.0139683485031,31.85486117403135,31.85486117403135,1.0332361039640279,17265.33475632499,17265.33475632499,560.0139683485031,31.85486117403135,,0,,,,False,31.85486117403135,1.0332361039640279,39.0777702331543,42.907283782958984,41.04182984499312,32.22488313348132
PbI2,4.0,4.0,detector_qspace_per_pixel,detector_qr_band_per_qz_bin_fast,False,3,2.73777137567738,2.73777137567738,0,0,saved_q_group_rows_no_fit_points,-,-,0.13,11,0.7046959922322237,0.7288294166237382,0.716762704427981,546,546.0,pixel_count,18512.061530017723,18512.061530017723,561.4421408176422,33.90487459710206,33.90487459710206,1.028282309189821,18512.061530017723,18512.061530017723,561.4421408176422,33.90487459710206,,0,,,,False,33.90487459710206,1.028282309189821,39.19114303588867,43.0045166015625,41.16243371634175,33.83490025563786
PbI2,4.0,4.0,detector_qspace_per_pixel,detector_qr_band_per_qz_bin_fast,False,3,2.73777137567738,2.73777137567738,0,0,saved_q_group_rows_no_fit_points,-,-,0.13,12,0.7288294166237382,0.7529628410152527,0.7408961288194955,550,550.0,pixel_count,19401.824724043374,19401.824724043374,563.5274370908737,35.27604495280613,35.27604495280613,1.024595340165225,19401.824724043374,19401.824724043374,563.5274370908737,35.27604495280613,,0,,,,False,35.27604495280613,1.024595340165225,39.306453704833984,43.1427116394043,41.266542322878145,35.84767161064331
PbI2,4.0,4.0,detector_qspace_per_pixel,detector_qr_band_per_qz_bin_fast,False,3,2.73777137567738,2.73777137567738,0,0,saved_q_group_rows_no_fit_points,-,-,0.13,13,0.7529628410152527,0.7770962654067672,0.76502955321101,554,554.0,pixel_count,21206.857420670356,21206.857420670356,564.4350385665894,38.27952603009089,38.27952603009089,1.0188358096869845,21206.857420670356,21206.857420670356,564.4350385665894,38.27952603009089,,0,,,,False,38.27952603009089,1.0188358096869845,39.42365264892578,43.25300216674805,41.39311147568318,38.40570470287048
PbI2,4.0,4.0,detector_qspace_per_pixel,detector_qr_band_per_qz_bin_fast,False,3,2.73777137567738,2.73777137567738,0,0,saved_q_group_rows_no_fit_points,-,-,0.13,14,0.7770962654067672,0.8012296897982817,0.7891629776025244,557,557.0,pixel_count,23190.24344371879,23190.24344371879,565.1183067560196,41.634189306496936,41.634189306496936,1.0145750570126024,23190.24344371879,23190.24344371879,565.1183067560196,41.634189306496936,,0,,,,False,41.634189306496936,1.0145750570126024,39.54269027709961,43.3547248840332,41.49940544390058,40.96362865960408
PbI2,4.0,4.0,detector_qspace_per_pixel,detector_qr_band_per_qz_bin_fast,False,3,2.73777137567738,2.73777137567738,0,0,saved_q_group_rows_no_fit_points,-,-,0.13,15,0.8012296897982817,0.8253631141897962,0.813296401994039,563,563.0,pixel_count,24548.928616222405,24548.928616222405,567.2850567102432,43.60378084586573,43.60378084586573,1.0076111131620662,24548.928616222405,24548.928616222405,567.2850567102432,43.60378084586573,,0,,,,False,43.60378084586573,1.0076111131620662,39.663516998291016,43.507423400878906,41.6391286984567,42.31641463606574
PbI2,4.0,4.0,detector_qspace_per_pixel,detector_qr_band_per_qz_bin_fast,False,3,2.73777137567738,2.73777137567738,0,0,saved_q_group_rows_no_fit_points,-,-,0.13,16,0.8253631141897962,0.8494965385813108,0.8374298263855535,567,567.0,pixel_count,24159.512530830478,24159.512530830478,568.7451258897781,42.6093695429109,42.6093695429109,1.003077823438762,24159.512530830478,24159.512530830478,568.7451258897781,42.6093695429109,,0,,,,False,42.6093695429109,1.003077823438762,39.78608322143555,43.62308883666992,41.74924789463566,41.68343828929966
PbI2,4.0,4.0,detector_qspace_per_pixel,detector_qr_band_per_qz_bin_fast,False,3,2.73777137567738,2.73777137567738,0,0,saved_q_group_rows_no_fit_points,-,-,0.13,17,0.8494965385813108,0.8736299629728252,0.8615632507770681,570,570.0,pixel_count,22644.216930685805,22644.216930685805,567.7604950070381,39.72669636962422,39.72669636962422,0.9960710438719967,22644.216930685805,22644.216930685805,567.7604950070381,39.72669636962422,,0,,,,False,39.72669636962422,0.9960710438719967,39.9240837097168,43.729183197021484,41.88896696492396,39.429297663437254
PbI2,4.0,4.0,detector_qspace_per_pixel,detector_qr_band_per_qz_bin_fast,False,3,2.73777137567738,2.73777137567738,0,0,saved_q_group_rows_no_fit_points,-,-,0.13,18,0.8736299629728252,0.8977633873643397,0.8856966751685824,575,575.0,pixel_count,20662.46524501455,20662.46524501455,569.246979534626,35.9347221652427,35.9347221652427,0.9899947470167408,20662.46524501455,20662.46524501455,569.246979534626,35.9347221652427,,0,,,,False,35.9347221652427,0.9899947470167408,40.05029296875,43.88619613647461,42.01982749413608,36.81814877006502
PbI2,4.0,4.0,detector_qspace_per_pixel,detector_qr_band_per_qz_bin_fast,False,3,2.73777137567738,2.73777137567738,0,0,saved_q_group_rows_no_fit_points,-,-,0.13,19,0.8977633873643397,0.9218968117558544,0.909830099560097,579,579.0,pixel_count,20150.632585768803,20150.632585768803,569.8074824810028,34.802474241396894,34.802474241396894,0.9841234585164125,20150.632585768803,20150.632585768803,569.8074824810028,34.802474241396894,,0,,,,False,34.802474241396894,0.9841234585164125,40.17808151245117,44.00677490234375,42.14991558528221,34.86817765503977
PbI2,4.0,4.0,detector_qspace_per_pixel,detector_qr_band_per_qz_bin_fast,False,3,2.73777137567738,2.73777137567738,0,0,saved_q_group_rows_no_fit_points,-,-,0.13,20,0.9218968117558544,0.9460302361473689,0.9339635239516116,585,585.0,pixel_count,19535.87206661726,19535.87206661726,571.9837165474892,33.39465310532865,33.39465310532865,0.9777499428162209,19535.87206661726,19535.87206661726,571.9837165474892,33.39465310532865,,0,,,,False,33.39465310532865,0.9777499428162209,40.30740737915039,44.16645050048828,42.28764847113727,33.417378871707946
PbI2,4.0,4.0,detector_qspace_per_pixel,detector_qr_band_per_qz_bin_fast,False,3,2.73777137567738,2.73777137567738,0,0,saved_q_group_rows_no_fit_points,-,-,0.13,21,0.9460302361473689,0.9701636605388833,0.9580969483431261,588,588.0,pixel_count,18811.87146796293,18811.87146796293,571.1627060770988,31.992978687011785,31.992978687011785,0.9713651463896239,18811.87146796293,18811.87146796293,571.1627060770988,31.992978687011785,,0,,,,False,31.992978687011785,0.9713651463896239,40.49480438232422,44.277679443359375,42.428830003804734,32.14858457184804
PbI2,4.0,4.0,detector_qspace_per_pixel,detector_qr_band_per_qz_bin_fast,False,3,2.73777137567738,2.73777137567738,0,0,saved_q_group_rows_no_fit_points,-,-,0.13,22,0.9701636605388833,0.9942970849303978,0.9822303727346405,596,596.0,pixel_count,18462.44119217446,18462.44119217446,575.1728407144547,30.977250322440373,30.977250322440373,0.9650551018698904,18462.44119217446,18462.44119217446,575.1728407144547,30.977250322440373,,0,,,,False,30.977250322440373,0.9650551018698904,40.62704086303711,44.402713775634766,42.57142817654583,31.100155320969915
PbI2,4.0,4.0,detector_qspace_per_pixel,detector_qr_band_per_qz_bin_fast,False,3,2.73777137567738,2.73777137567738,0,0,saved_q_group_rows_no_fit_points,-,-,0.13,23,0.9942970849303978,1.0184305093219124,1.0063637971261552,598,598.0,pixel_count,18057.99738079263,18057.99738079263,573.1040446162224,30.197320034770282,30.197320034770282,0.9583679675856561,18057.99738079263,18057.99738079263,573.1040446162224,30.197320034770282,,0,,,,False,30.197320034770282,0.9583679675856561,40.7762336730957,44.56588363647461,42.72212552867209,30.304708932576148
PbI2,4.0,4.0,detector_qspace_per_pixel,detector_qr_band_per_qz_bin_fast,False,3,2.73777137567738,2.73777137567738,0,0,saved_q_group_rows_no_fit_points,-,-,0.13,24,1.0184305093219124,1.0425639337134267,1.0304972215176695,609,609.0,pixel_count,18015.3574480236,18015.3574480236,580.059999704361,29.581867730744825,29.581867730744825,0.95247947406299,18015.3574480236,18015.3574480236,580.059999704361,29.581867730744825,,0,,,,False,29.581867730744825,0.95247947406299,40.911441802978516,44.69371795654297,42.86660480905242,29.764823496411054
PbI2,4.0,4.0,detector_qspace_per_pixel,detector_qr_band_per_qz_bin_fast,False,3,2.73777137567738,2.73777137567738,0,0,saved_q_group_rows_no_fit_points,-,-,0.13,25,1.0425639337134267,1.0666973581049413,1.0546306459091839,609,609.0,pixel_count,17942.01926146858,17942.01926146858,575.8802164196968,29.461443779094548,29.461443779094548,0.9456161189157583,17942.01926146858,17942.01926146858,575.8802164196968,29.461443779094548,,0,,,,False,29.461443779094548,0.9456161189157583,41.10436248779297,44.85899353027344,43.02758485769293,29.420458887493616
PbI2,4.0,4.0,detector_qspace_per_pixel,detector_qr_band_per_qz_bin_fast,False,3,2.73777137567738,2.73777137567738,0,0,saved_q_group_rows_no_fit_points,-,-,0.13,26,1.0666973581049413,1.090830782496456,1.0787640703006987,615,615.0,pixel_count,17994.51172830818,17994.51172830818,577.9751358032227,29.259368663915744,29.259368663915744,0.9397969687857279,17994.51172830818,17994.51172830818,577.9751358032227,29.259368663915744,,0,,,,False,29.259368663915744,0.9397969687857279,41.242027282714844,45.02508544921875,43.177219812917755,29.056145930223895
PbI2,4.0,4.0,detector_qspace_per_pixel,detector_qr_band_per_qz_bin_fast,False,3,2.73777137567738,2.73777137567738,0,0,saved_q_group_rows_no_fit_points,-,-,0.13,27,1.090830782496456,1.1149642068879704,1.1028974946922132,624,624.0,pixel_count,17637.834685658025,17637.834685658025,582.9144883751869,28.26576071419555,28.26576071419555,0.9341578339345944,17637.834685658025,17637.834685658025,582.9144883751869,28.26576071419555,,0,,,,False,28.26576071419555,0.9341578339345944,41.39751052856445,45.15657043457031,43.32996662513826,28.68980345483659
PbI2,4.0,4.0,detector_qspace_per_pixel,detector_qr_band_per_qz_bin_fast,False,3,2.73777137567738,2.73777137567738,0,0,saved_q_group_rows_no_fit_points,-,-,0.13,28,1.1149642068879704,1.139097631279485,1.1270309190837278,628,628.0,pixel_count,18031.55861428039,18031.55861428039,582.9519166350365,28.71267295267578,28.71267295267578,0.9282673831768097,18031.55861428039,18031.55861428039,582.9519166350365,28.71267295267578,,0,,,,False,28.71267295267578,0.9282673831768097,41.55463790893555,45.324440002441406,43.489371494464436,28.499169907277647
PbI2,4.0,4.0,detector_qspace_per_pixel,detector_qr_band_per_qz_bin_fast,False,3,2.73777137567738,2.73777137567738,0,0,saved_q_group_rows_no_fit_points,-,-,0.13,29,1.139097631279485,1.1632310556709995,1.151164343475242,637,637.0,pixel_count,18098.925528161944,18098.925528161944,587.2496719956398,28.412755931180445,28.412755931180445,0.9218990141218835,18098.925528161944,18098.925528161944,587.2496719956398,28.412755931180445,,0,,,,False,28.412755931180445,0.9218990141218835,41.73509216308594,45.50716781616211,43.66004542216699,28.236221363484525
PbI2,4.0,4.0,detector_qspace_per_pixel,detector_qr_band_per_qz_bin_fast,False,3,2.73777137567738,2.73777137567738,0,0,saved_q_group_rows_no_fit_points,-,-,0.13,30,1.1632310556709995,1.1873644800625138,1.1752977678667567,639,639.0,pixel_count,17624.984318793784,17624.984318793784,585.4612972140312,27.582135084184326,27.582135084184326,0.9162148626197671,17624.984318793784,17624.984318793784,585.4612972140312,27.582135084184326,,0,,,,False,27.582135084184326,0.9162148626197671,41.894676208496094,45.64204025268555,43.825636131866624,27.854513885029576
PbI2,4.0,4.0,detector_qspace_per_pixel,detector_qr_band_per_qz_bin_fast,False,3,2.73777137567738,2.73777137567738,0,0,saved_q_group_rows_no_fit_points,-,-,0.13,31,1.1873644800625138,1.2114979044540284,1.1994311922582712,648,648.0,pixel_count,17946.783634046373,17946.783634046373,590.2436446547508,27.695653756244404,27.695653756244404,0.9108698219980722,17946.783634046373,17946.783634046373,590.2436446547508,27.695653756244404,,0,,,,False,27.695653756244404,0.9108698219980722,42.05569839477539,45.812191009521484,43.99101825088828,27.56839676309052
PbI2,4.0,4.0,detector_qspace_per_pixel,detector_qr_band_per_qz_bin_fast,False,3,2.73777137567738,2.73777137567738,0,0,saved_q_group_rows_no_fit_points,-,-,0.13,32,1.2114979044540284,1.235631328845543,1.2235646166497856,655,655.0,pixel_count,17843.228375521045,17843.228375521045,593.134333729744,27.241570038963427,27.241570038963427,0.905548601114113,17843.228375521045,17843.228375521045,593.134333729744,27.241570038963427,,0,,,,False,27.241570038963427,0.905548601114113,42.2559700012207,45.99760437011719,44.15987910603171,27.326721219401783
PbI2,4.0,4.0,detector_qspace_per_pixel,detector_qr_band_per_qz_bin_fast,False,3,2.73777137567738,2.73777137567738,0,0,saved_q_group_rows_no_fit_points,-,-,0.13,33,1.235631328845543,1.2597647532370573,1.2476980410413,662,662.0,pixel_count,17979.77385186455,17979.77385186455,595.7705180048943,27.15977923242379,27.15977923242379,0.8999554652641907,17979.77385186455,17979.77385186455,595.7705180048943,27.15977923242379,,0,,,,False,27.15977923242379,0.8999554652641907,42.41931915283203,46.13536834716797,44.33793705842665,27.081560889417823
PbI2,4.0,4.0,detector_qspace_per_pixel,detector_qr_band_per_qz_bin_fast,False,3,2.73777137567738,2.73777137567738,0,0,saved_q_group_rows_no_fit_points,-,-,0.13,34,1.2597647532370573,1.283898177628572,1.2718314654328147,669,669.0,pixel_count,17903.05630458773,17903.05630458773,598.507043659687,26.76092123256761,26.76092123256761,0.8946293627200105,17903.05630458773,17903.05630458773,598.507043659687,26.76092123256761,,0,,,,False,26.76092123256761,0.8946293627200105,42.62104415893555,46.32243728637695,44.51656891916703,26.816192155849905
PbI2,4.0,4.0,detector_qspace_per_pixel,detector_qr_band_per_qz_bin_fast,False,3,2.73777137567738,2.73777137567738,0,0,saved_q_group_rows_no_fit_points,-,-,0.13,35,1.283898177628572,1.3080316020200866,1.2959648898243294,679,679.0,pixel_count,18099.672321463204,18099.672321463204,604.3929695487022,26.656365716440654,26.656365716440654,0.890122193738884,18099.672321463204,18099.672321463204,604.3929695487022,26.656365716440654,,0,,,,False,26.656365716440654,0.890122193738884,42.78645324707031,46.49485778808594,44.68754603175623,26.486039302259996
PbI2,4.0,4.0,detector_qspace_per_pixel,detector_qr_band_per_qz_bin_fast,False,3,2.73777137567738,2.73777137567738,0,0,saved_q_group_rows_no_fit_points,-,-,0.13,36,1.3080316020200866,1.332165026411601,1.3200983142158438,681,681.0,pixel_count,17718.71652524529,17718.71652524529,602.2597928643227,26.018673311667094,26.018673311667094,0.8843756136039981,17718.71652524529,17718.71652524529,602.2597928643227,26.018673311667094,,0,,,,False,26.018673311667094,0.8843756136039981,42.98937225341797,46.68299102783203,44.88111651797448,26.05001254167552
PbI2,4.0,4.0,detector_qspace_per_pixel,detector_qr_band_per_qz_bin_fast,False,3,2.73777137567738,2.73777137567738,0,0,saved_q_group_rows_no_fit_points,-,-,0.13,37,1.332165026411601,1.3562984508031155,1.3442317386073581,693,693.0,pixel_count,17620.242178664,17620.242178664,609.8356296420097,25.426034889847042,25.426034889847042,0.8799936935671137,17620.242178664,17620.242178664,609.8356296420097,25.426034889847042,,0,,,,False,25.426034889847042,0.8799936935671137,43.156585693359375,46.87164306640625,45.05969132237737,25.684428537789152
PbI2,4.0,4.0,detector_qspace_per_pixel,detector_qr_band_per_qz_bin_fast,False,3,2.73777137567738,2.73777137567738,0,0,saved_q_group_rows_no_fit_points,-,-,0.13,38,1.3562984508031155,1.38043187519463,1.368365162998873,702,702.0,pixel_count,17976.689674603705,17976.689674603705,614.5714721679688,25.60782004929303,25.60782004929303,0.875457937561209,17976.689674603705,17976.689674603705,614.5714721679688,25.60782004929303,,0,,,,False,25.60782004929303,0.875457937561209,43.32478332519531,47.06074905395508,45.24516468569498,25.504499641585056
PbI2,4.0,4.0,detector_qspace_per_pixel,detector_qr_band_per_qz_bin_fast,False,3,2.73777137567738,2.73777137567738,0,0,saved_q_group_rows_no_fit_points,-,-,0.13,39,1.38043187519463,1.4045652995861444,1.3924985873903872,710,710.0,pixel_count,18071.61928176366,18071.61928176366,618.0742194056511,25.452984903892478,25.452984903892478,0.870527069585424,18071.61928176366,18071.61928176366,618.0742194056511,25.452984903892478,,0,,,,False,25.452984903892478,0.870527069585424,43.54837417602539,47.250244140625,45.441002086885334,25.295173271190375
PbI2,4.0,4.0,detector_qspace_per_pixel,detector_qr_band_per_qz_bin_fast,False,3,2.73777137567738,2.73777137567738,0,0,saved_q_group_rows_no_fit_points,-,-,0.13,40,1.4045652995861444,1.428698723977659,1.4166320117819016,716,716.0,pixel_count,17726.547479513643,17726.547479513643,620.331515610218,24.757747876415703,24.757747876415703,0.8663847983382934,17726.547479513643,17726.547479513643,620.331515610218,24.757747876415703,,0,,,,False,24.757747876415703,0.8663847983382934,43.753082275390625,47.4400749206543,45.6291054567013,25.04619166794884
PbI2,4.0,4.0,detector_qspace_per_pixel,detector_qr_band_per_qz_bin_fast,False,3,2.73777137567738,2.73777137567738,0,0,saved_q_group_rows_no_fit_points,-,-,0.13,41,1.428698723977659,1.4528321483691735,1.4407654361734163,730,730.0,pixel_count,18217.03645517263,18217.03645517263,629.194914162159,24.95484445914059,24.95484445914059,0.861910841318026,18217.03645517263,18217.03645517263,629.194914162159,24.95484445914059,,0,,,,False,24.95484445914059,0.861910841318026,43.923343658447266,47.63018035888672,45.82723175818326,25.000638734070392
PbI2,4.0,4.0,detector_qspace_per_pixel,detector_qr_band_per_qz_bin_fast,False,3,2.73777137567738,2.73777137567738,0,0,saved_q_group_rows_no_fit_points,-,-,0.13,42,1.4528321483691735,1.4769655727606879,1.4648988605649307,735,735.0,pixel_count,18484.46192287557,18484.46192287557,630.313317656517,25.148927786225265,25.148927786225265,0.8575691396687306,18484.46192287557,18484.46192287557,630.313317656517,25.148927786225265,,0,,,,False,25.148927786225265,0.8575691396687306,44.148094177246094,47.820499420166016,46.027901448797664,25.08216413109485
PbI2,4.0,4.0,detector_qspace_per_pixel,detector_qr_band_per_qz_bin_fast,False,3,2.73777137567738,2.73777137567738,0,0,saved_q_group_rows_no_fit_points,-,-,0.13,43,1.4769655727606879,1.5010989971522026,1.4890322849564452,747,747.0,pixel_count,18900.93633977576,18900.93633977576,637.8773157596588,25.30245828617906,25.30245828617906,0.853918762730467,18900.93633977576,18900.93633977576,637.8773157596588,25.30245828617906,,0,,,,False,25.30245828617906,0.853918762730467,44.3195915222168,48.010982513427734,46.22238660096867,25.01741977218624
PbI2,4.0,4.0,detector_qspace_per_pixel,detector_qr_band_per_qz_bin_fast,False,3,2.73777137567738,2.73777137567738,0,0,saved_q_group_rows_no_fit_points,-,-,0.13,44,1.5010989971522026,1.5252324215437172,1.5131657093479598,758,758.0,pixel_count,18558.799461303774,18558.799461303774,644.3248578906059,24.483904302511576,24.483904302511576,0.8500327940509314,18558.799461303774,18558.799461303774,644.3248578906059,24.483904302511576,,0,,,,False,24.483904302511576,0.8500327940509314,44.544960021972656,48.20157241821289,46.4255748743894,24.78705697079893
PbI2,4.0,4.0,detector_qspace_per_pixel,detector_qr_band_per_qz_bin_fast,False,3,2.73777137567738,2.73777137567738,0,0,saved_q_group_rows_no_fit_points,-,-,0.13,45,1.5252324215437172,1.5493658459352315,1.5372991337394744,767,767.0,pixel_count,19085.086351034173,19085.086351034173,649.1236799955368,24.882772296002834,24.882772296002834,0.8463150977777534,19085.086351034173,19085.086351034173,649.1236799955368,24.882772296002834,,0,,,,False,24.882772296002834,0.8463150977777534,44.77037811279297,48.408714294433594,46.63005693335845,24.53308675664426
PbI2,4.0,4.0,detector_qspace_per_pixel,detector_qr_band_per_qz_bin_fast,False,3,2.73777137567738,2.73777137567738,0,0,saved_q_group_rows_no_fit_points,-,-,0.13,46,1.5493658459352315,1.573499270326746,1.561432558130989,775,775.0,pixel_count,18593.955426980225,18593.955426980225,653.2260224223137,23.992200550942226,23.992200550942226,0.8428722869965338,18593.955426980225,18593.955426980225,653.2260224223137,23.992200550942226,,0,,,,False,23.992200550942226,0.8428722869965338,44.96324920654297,48.59944534301758,46.83546893157881,24.18239854969265
PbI2,4.0,4.0,detector_qspace_per_pixel,detector_qr_band_per_qz_bin_fast,False,3,2.73777137567738,2.73777137567738,0,0,saved_q_group_rows_no_fit_points,-,-,0.13,47,1.573499270326746,1.5976326947182606,1.5855659825225032,787,787.0,pixel_count,18774.398455697177,18774.398455697177,660.7182503342628,23.855652421470364,23.855652421470364,0.8395403434996986,18774.398455697177,18774.398455697177,660.7182503342628,23.855652421470364,,0,,,,False,23.855652421470364,0.8395403434996986,45.18898391723633,48.806800842285156,47.042825342746816,23.87290206101147
PbI2,4.0,4.0,detector_qspace_per_pixel,detector_qr_band_per_qz_bin_fast,False,3,2.73777137567738,2.73777137567738,0,0,saved_q_group_rows_no_fit_points,-,-,0.13,48,1.5976326947182606,1.621766119109775,1.6096994069140178,797,797.0,pixel_count,18764.019366350654,18764.019366350654,666.4235412478447,23.543311626537836,23.543311626537836,0.8361650454803572,18764.019366350654,18764.019366350654,666.4235412478447,23.543311626537836,,0,,,,False,23.543311626537836,0.8361650454803572,45.41456604003906,49.0257453918457,47.256287748689985,23.75158912303569
PbI2,4.0,4.0,detector_qspace_per_pixel,detector_qr_band_per_qz_bin_fast,False,3,2.73777137567738,2.73777137567738,0,0,saved_q_group_rows_no_fit_points,-,-,0.13,49,1.621766119109775,1.6458995435012895,1.6338328313055324,811,811.0,pixel_count,19363.012103373872,19363.012103373872,675.2964012026787,23.87547731612068,23.87547731612068,0.832671271519949,19363.012103373872,19363.012103373872,675.2964012026787,23.87547731612068,,0,,,,False,23.87547731612068,0.832671271519949,45.63994216918945,49.23270797729492,47.47724227053902,23.808600228025597
PbI2,4.0,4.0,detector_qspace_per_pixel,detector_qr_band_per_qz_bin_fast,False,3,2.73777137567738,2.73777137567738,0,0,saved_q_group_rows_no_fit_points,-,-,0.13,50,1.6458995435012895,1.670032967892804,1.6579662556970467,824,824.0,pixel_count,19706.82298996114,19706.82298996114,683.6943528056145,23.916047317914003,23.916047317914003,0.8297261563174932,19706.82298996114,19706.82298996114,683.6943528056145,23.916047317914003,,0,,,,False,23.916047317914003,0.8297261563174932,45.834102630615234,49.43960952758789,47.69313507977404,23.88358393088002
PbI2,4.0,4.0,detector_qspace_per_pixel,detector_qr_band_per_qz_bin_fast,False,3,2.73777137567738,2.73777137567738,0,0,saved_q_group_rows_no_fit_points,-,-,0.13,51,1.670032967892804,1.6941663922843184,1.6820996800885613,830,830.0,pixel_count,19893.85429097799,19893.85429097799,686.6267886161804,23.968499145756613,23.968499145756613,0.8272611911038318,19893.85429097799,19893.85429097799,686.6267886161804,23.968499145756613,,0,,,,False,23.968499145756613,0.8272611911038318,46.05927276611328,49.646385192871094,47.90641793482934,23.846398366076556
PbI2,4.0,4.0,detector_qspace_per_pixel,detector_qr_band_per_qz_bin_fast,False,3,2.73777137567738,2.73777137567738,0,0,saved_q_group_rows_no_fit_points,-,-,0.13,52,1.6941663922843184,1.7182998166758332,1.7062331044800758,853,853.0,pixel_count,20199.30518534271,20199.30518534271,703.5203209519386,23.68031088551314,23.68031088551314,0.8247600480093067,20199.30518534271,20199.30518534271,703.5203209519386,23.68031088551314,,0,,,,False,23.68031088551314,0.8247600480093067,46.284053802490234,49.87981033325195,48.12463839837908,23.668488708922137
PbI2,4.0,4.0,detector_qspace_per_pixel,detector_qr_band_per_qz_bin_fast,False,3,2.73777137567738,2.73777137567738,0,0,saved_q_group_rows_no_fit_points,-,-,0.13,53,1.7182998166758332,1.7424332410673478,1.7303665288715906,857,857.0,pixel_count,20087.309367109483,20087.309367109483,704.1650215983391,23.439100778424134,23.439100778424134,0.8216628023317842,20087.309367109483,20087.309367109483,704.1650215983391,23.439100778424134,,0,,,,False,23.439100778424134,0.8216628023317842,46.52897262573242,50.085811614990234,48.35979776499635,23.409191546764834
PbI2,4.0,4.0,detector_qspace_per_pixel,detector_qr_band_per_qz_bin_fast,False,3,2.73777137567738,2.73777137567738,0,0,saved_q_group_rows_no_fit_points,-,-,0.13,54,1.7424332410673478,1.766566665458862,1.754499953263105,874,874.0,pixel_count,20150.80181746472,20150.80181746472,716.3081456422806,23.05583731975368,23.05583731975368,0.8195745373481471,20150.80181746472,20150.80181746472,716.3081456422806,23.05583731975368,,0,,,,False,23.05583731975368,0.8195745373481471,46.75285339355469,50.33464431762695,48.58163353266625,23.1492802200475
PbI2,4.0,4.0,detector_qspace_per_pixel,detector_qr_band_per_qz_bin_fast,False,3,2.73777137567738,2.73777137567738,0,0,saved_q_group_rows_no_fit_points,-,-,0.13,55,1.766566665458862,1.7907000898503767,1.7786333776546193,886,886.0,pixel_count,20400.796410426356,20400.796410426356,724.1766672730446,23.02572958287399,23.02572958287399,0.8173551549357162,20400.796410426356,20400.796410426356,724.1766672730446,23.02572958287399,,0,,,,False,23.02572958287399,0.8173551549357162,46.96791076660156,50.53970718383789,48.811729737982446,22.897623742667207
PbI2,4.0,4.0,detector_qspace_per_pixel,detector_qr_band_per_qz_bin_fast,False,3,2.73777137567738,2.73777137567738,0,0,saved_q_group_rows_no_fit_points,-,-,0.13,56,1.7907000898503767,1.8148335142418912,1.802766802046134,903,903.0,pixel_count,20392.85055337172,20392.85055337172,736.5157448649406,22.583444688119293,22.583444688119293,0.8156320541139985,20392.85055337172,20392.85055337172,736.5157448649406,22.583444688119293,,0,,,,False,22.583444688119293,0.8156320541139985,47.1910514831543,50.78679656982422,49.037868125560095,22.58460265248527
PbI2,4.0,4.0,detector_qspace_per_pixel,detector_qr_band_per_qz_bin_fast,False,3,2.73777137567738,2.73777137567738,0,0,saved_q_group_rows_no_fit_points,-,-,0.13,57,1.8148335142418912,1.8389669386334055,1.8269002264376484,917,917.0,pixel_count,20254.639863037188,20254.639863037188,746.2031205296516,22.087938781938046,22.087938781938046,0.8137438609919865,20254.639863037188,20254.639863037188,746.2031205296516,22.087938781938046,,0,,,,False,22.087938781938046,0.8137438609919865,47.43427276611328,50.9907112121582,49.274072999368734,22.31073213339745
PbI2,4.0,4.0,detector_qspace_per_pixel,detector_qr_band_per_qz_bin_fast,False,3,2.73777137567738,2.73777137567738,0,0,saved_q_group_rows_no_fit_points,-,-,0.13,58,1.8389669386334055,1.8631003630249203,1.851033650829163,934,934.0,pixel_count,20891.791403117553,20891.791403117553,758.7438124418259,22.36808501404449,22.36808501404449,0.8123595422289356,20891.791403117553,20891.791403117553,758.7438124418259,22.36808501404449,,0,,,,False,22.36808501404449,0.8123595422289356,47.676822662353516,51.2358512878418,49.50589106829756,22.121081223072753
PbI2,4.0,4.0,detector_qspace_per_pixel,detector_qr_band_per_qz_bin_fast,False,3,2.73777137567738,2.73777137567738,0,0,saved_q_group_rows_no_fit_points,-,-,0.13,59,1.8631003630249203,1.8872337874164347,1.8751670752206775,950,950.0,pixel_count,20672.469923918212,20672.469923918212,770.4411023855209,21.760494656756013,21.760494656756013,0.810990634090022,20672.469923918212,20672.469923918212,770.4411023855209,21.760494656756013,,0,,,,False,21.760494656756013,0.810990634090022,47.918643951416016,51.45551300048828,49.745448595121395,21.86104834200835
PbI2,4.0,4.0,detector_qspace_per_pixel,detector_qr_band_per_qz_bin_fast,False,3,2.73777137567738,2.73777137567738,0,0,saved_q_group_rows_no_fit_points,-,-,0.13,60,1.8872337874164347,1.9113672118079492,1.8993004996121918,968,968.0,pixel_count,20896.520340802927,20896.520340802927,784.0536779761314,21.587314401655917,21.587314401655917,0.8099728078265821,20896.520340802927,20896.520340802927,784.0536779761314,21.587314401655917,,0,,,,False,21.587314401655917,0.8099728078265821,48.1596794128418,51.6984977722168,49.98384445851289,21.570978086914373
PbI2,4.0,4.0,detector_qspace_per_pixel,detector_qr_band_per_qz_bin_fast,False,3,2.73777137567738,2.73777137567738,0,0,saved_q_group_rows_no_fit_points,-,-,0.13,61,1.9113672118079492,1.935500636199464,1.9234339240037066,981,981.0,pixel_count,20954.71953304654,20954.71953304654,793.7434184551239,21.360570370078023,21.360570370078023,0.8091166345108297,20954.71953304654,20954.71953304654,793.7434184551239,21.360570370078023,,0,,,,False,21.360570370078023,0.8091166345108297,48.42061996459961,51.940147399902344,50.2263576664718,21.253847818453135
PbI2,4.0,4.0,detector_qspace_per_pixel,detector_qr_band_per_qz_bin_fast,False,3,2.73777137567738,2.73777137567738,0,0,saved_q_group_rows_no_fit_points,-,-,0.13,62,1.935500636199464,1.9596340605909783,1.9475673483952212,1002,1002.0,pixel_count,20831.718379426373,20831.718379426373,810.1443191170692,20.790138103219935,20.790138103219935,0.8085272645878935,20831.718379426373,20831.718379426373,810.1443191170692,20.790138103219935,,0,,,,False,20.790138103219935,0.8085272645878935,48.65990447998047,52.197444915771484,50.47072680220487,20.88038744147064
PbI2,4.0,4.0,detector_qspace_per_pixel,detector_qr_band_per_qz_bin_fast,False,3,2.73777137567738,2.73777137567738,0,0,saved_q_group_rows_no_fit_points,-,-,0.13,63,1.9596340605909783,1.9837674849824927,1.9717007727867355,1021,1021.0,pixel_count,20966.97727468139,20966.97727468139,825.3547720313072,20.5357270075234,20.5357270075234,0.8083788168768925,20966.97727468139,20966.97727468139,825.3547720313072,20.5357270075234,,0,,,,False,20.5357270075234,0.8083788168768925,48.89824295043945,52.41352081298828,50.713874990821786,20.540935062105
PbI2,4.0,4.0,detector_qspace_per_pixel,detector_qr_band_per_qz_bin_fast,False,3,2.73777137567738,2.73777137567738,0,0,saved_q_group_rows_no_fit_points,-,-,0.13,64,1.9837674849824927,2.0079009093740074,1.99583419717825,1038,1038.0,pixel_count,21002.466826121276,21002.466826121276,838.9596838951111,20.23359039125364,20.23359039125364,0.8082463235983729,21002.466826121276,21002.466826121276,838.9596838951111,20.23359039125364,,0,,,,False,20.23359039125364,0.8082463235983729,49.156280517578125,52.66823959350586,50.965168460035166,20.267554510045386
PbI2,4.0,4.0,detector_qspace_per_pixel,detector_qr_band_per_qz_bin_fast,False,3,2.73777137567738,2.73777137567738,0,0,saved_q_group_rows_no_fit_points,-,-,0.13,65,2.0079009093740074,2.032034333765522,2.019967621569765,1063,1063.0,pixel_count,21230.15969849857,21230.15969849857,859.5219247341156,19.971928220600724,19.971928220600724,0.8085813026661482,21230.15969849857,21230.15969849857,859.5219247341156,19.971928220600724,,0,,,,False,19.971928220600724,0.8085813026661482,49.41321563720703,52.921382904052734,51.21552337040128,20.078693549600537
PbI2,4.0,4.0,detector_qspace_per_pixel,detector_qr_band_per_qz_bin_fast,False,3,2.73777137567738,2.73777137567738,0,0,saved_q_group_rows_no_fit_points,-,-,0.13,66,2.032034333765522,2.056167758157036,2.0441010459612787,1079,1079.0,pixel_count,21658.237795440044,21658.237795440044,873.1664499640465,20.072509541649715,20.072509541649715,0.8092367469546307,21658.237795440044,21658.237795440044,873.1664499640465,20.072509541649715,,0,,,,False,20.072509541649715,0.8092367469546307,49.693458557128906,53.172916412353516,51.46849322605737,19.9469605315355
PbI2,4.0,4.0,detector_qspace_per_pixel,detector_qr_band_per_qz_bin_fast,False,3,2.73777137567738,2.73777137567738,0,0,saved_q_group_rows_no_fit_points,-,-,0.13,67,2.056167758157036,2.080301182548551,2.0682344703527935,1098,1098.0,pixel_count,21651.41610956245,21651.41610956245,889.5320811271667,19.718958205430283,19.718958205430283,0.8101385074017912,21651.41610956245,21651.41610956245,889.5320811271667,19.718958205430283,,0,,,,False,19.718958205430283,0.8101385074017912,49.9476203918457,53.422794342041016,51.72404688782353,19.77024732174113
PbI2,4.0,4.0,detector_qspace_per_pixel,detector_qr_band_per_qz_bin_fast,False,3,2.73777137567738,2.73777137567738,0,0,saved_q_group_rows_no_fit_points,-,-,0.13,68,2.080301182548551,2.1044346069400652,2.0923678947443083,1124,1124.0,pixel_count,22102.127236412434,22102.127236412434,912.3347834348679,19.663814267270848,19.663814267270848,0.8116857503868932,22102.127236412434,22102.127236412434,912.3347834348679,19.663814267270848,,0,,,,False,19.663814267270848,0.8116857503868932,50.20052719116211,53.670982360839844,51.976258479321224,19.51897415593318
PbI2,4.0,4.0,detector_qspace_per_pixel,detector_qr_band_per_qz_bin_fast,False,3,2.73777137567738,2.73777137567738,0,0,saved_q_group_rows_no_fit_points,-,-,0.13,69,2.1044346069400652,2.1285680313315796,2.116501319135822,1148,1148.0,pixel_count,21934.735444650414,21934.735444650414,933.7369583845139,19.10691240823207,19.10691240823207,0.8133597198471375,21934.735444650414,21934.735444650414,933.7369583845139,19.10691240823207,,0,,,,False,19.10691240823207,0.8133597198471375,50.45212173461914,53.934165954589844,52.237001568753804,19.205962904343785
PbI2,4.0,4.0,detector_qspace_per_pixel,detector_qr_band_per_qz_bin_fast,False,3,2.73777137567738,2.73777137567738,0,0,saved_q_group_rows_no_fit_points,-,-,0.13,70,2.1285680313315796,2.1527014557230943,2.140634743527337,1169,1169.0,pixel_count,22045.722660030297,22045.722660030297,953.6251944899559,18.858616475646105,18.858616475646105,0.81576150084684,22045.722660030297,22045.722660030297,953.6251944899559,18.858616475646105,,0,,,,False,18.858616475646105,0.81576150084684,50.72274398803711,54.158626556396484,52.491218176100396,18.95752851979332
PbI2,4.0,4.0,detector_qspace_per_pixel,detector_qr_band_per_qz_bin_fast,False,3,2.73777137567738,2.73777137567738,0,0,saved_q_group_rows_no_fit_points,-,-,0.13,71,2.1527014557230943,2.1768348801146087,2.1647681679188517,1197,1197.0,pixel_count,22644.613687837544,22644.613687837544,979.2424228191376,18.917805921334622,18.917805921334622,0.8180805537336153,22644.613687837544,22644.613687837544,979.2424228191376,18.917805921334622,,0,,,,False,18.917805921334622,0.8180805537336153,50.97152328491211,54.43825912475586,52.76210974539357,18.770504610744506
PbI2,4.0,4.0,detector_qspace_per_pixel,detector_qr_band_per_qz_bin_fast,False,3,2.73777137567738,2.73777137567738,0,0,saved_q_group_rows_no_fit_points,-,-,0.13,72,2.1768348801146087,2.200968304506123,2.1889015923103656,1222,1222.0,pixel_count,22595.896099404254,22595.896099404254,1003.6289774179459,18.490913338301354,18.490913338301354,0.8213003088526561,22595.896099404254,22595.896099404254,1003.6289774179459,18.490913338301354,,0,,,,False,18.490913338301354,0.8213003088526561,51.26116943359375,54.69574737548828,53.02253458225902,18.51902965047526
PbI2,4.0,4.0,detector_qspace_per_pixel,detector_qr_band_per_qz_bin_fast,False,3,2.73777137567738,2.73777137567738,0,0,saved_q_group_rows_no_fit_points,-,-,0.13,73,2.200968304506123,2.225101728897638,2.2130350167018804,1246,1246.0,pixel_count,22658.026079959312,22658.026079959312,1027.7018122076988,18.184611621155145,18.184611621155145,0.8248008123657294,22658.026079959312,22658.026079959312,1027.7018122076988,18.184611621155145,,0,,,,False,18.184611621155145,0.8248008123657294,51.5267219543457,54.95124435424805,53.29193568709989,18.257011950389344
PbI2,4.0,4.0,detector_qspace_per_pixel,detector_qr_band_per_qz_bin_fast,False,3,2.73777137567738,2.73777137567738,0,0,saved_q_group_rows_no_fit_points,-,-,0.13,74,2.225101728897638,2.2492351532891526,2.237168441093395,1282,1282.0,pixel_count,23221.28775788545,23221.28775788545,1062.7054955363274,18.113328984310023,18.113328984310023,0.8289434442561056,23221.28775788545,23221.28775788545,1062.7054955363274,18.113328984310023,,0,,,,False,18.113328984310023,0.8289434442561056,51.79059982299805,55.2210693359375,53.56063989305698,18.02082486376928
PbI2,4.0,4.0,detector_qspace_per_pixel,detector_qr_band_per_qz_bin_fast,False,3,2.73777137567738,2.73777137567738,0,0,saved_q_group_rows_no_fit_points,-,-,0.13,75,2.2492351532891526,2.273368577680667,2.26130186548491,1303,1303.0,pixel_count,23135.739585886702,23135.739585886702,1086.4029315114021,17.755747955400384,17.755747955400384,0.8337704769849594,23135.739585886702,23135.739585886702,1086.4029315114021,17.755747955400384,,0,,,,False,17.755747955400384,0.8337704769849594,52.05276107788086,55.472408294677734,53.82652737365512,17.73195723312029
PbI2,4.0,4.0,detector_qspace_per_pixel,detector_qr_band_per_qz_bin_fast,False,3,2.73777137567738,2.73777137567738,0,0,saved_q_group_rows_no_fit_points,-,-,0.13,76,2.273368577680667,2.2975020020721817,2.2854352898764243,1332,1332.0,pixel_count,23051.594850184643,23051.594850184643,1117.5791950821877,17.30600213977826,17.30600213977826,0.8390234197313721,23051.594850184643,23051.594850184643,1117.5791950821877,17.30600213977826,,0,,,,False,17.30600213977826,0.8390234197313721,52.35350036621094,55.73784637451172,54.09998500264226,17.433901158468636
PbI2,4.0,4.0,detector_qspace_per_pixel,detector_qr_band_per_qz_bin_fast,False,3,2.73777137567738,2.73777137567738,0,0,saved_q_group_rows_no_fit_points,-,-,0.13,77,2.2975020020721817,2.321635426463696,2.3095687142679386,1366,1366.0,pixel_count,23662.461460262886,23662.461460262886,1154.16158503294,17.32244616417488,17.32244616417488,0.8449206332598389,23662.461460262886,23662.461460262886,1154.16158503294,17.32244616417488,,0,,,,False,17.32244616417488,0.8449206332598389,52.63136672973633,56.01866149902344,54.37546761344404,17.18542024032972
PbI2,4.0,4.0,detector_qspace_per_pixel,detector_qr_band_per_qz_bin_fast,False,3,2.73777137567738,2.73777137567738,0,0,saved_q_group_rows_no_fit_points,-,-,0.13,78,2.321635426463696,2.3457688508552104,2.3337021386594534,1401,1401.0,pixel_count,23431.811269369082,23431.811269369082,1192.9102123975754,16.72506157699435,16.72506157699435,0.8514705299054784,23431.811269369082,23431.811269369082,1192.9102123975754,16.72506157699435,,0,,,,False,16.72506157699435,0.8514705299054784,52.926876068115234,56.295108795166016,54.654442301786574,17.01256905242316
PbI2,4.0,4.0,detector_qspace_per_pixel,detector_qr_band_per_qz_bin_fast,False,3,2.73777137567738,2.73777137567738,0,0,saved_q_group_rows_no_fit_points,-,-,0.13,79,2.3457688508552104,2.369902275246725,2.3578355630509678,1436,1436.0,pixel_count,24470.749138843417,24470.749138843417,1233.4212507605553,17.040911656576196,17.040911656576196,0.8589284476048435,24470.749138843417,24470.749138843417,1233.4212507605553,17.040911656576196,,0,,,,False,17.040911656576196,0.8589284476048435,53.18075942993164,56.57011795043945,54.92945595191856,17.035884040652775
PbI2,4.0,4.0,detector_qspace_per_pixel,detector_qr_band_per_qz_bin_fast,False,3,2.73777137567738,2.73777137567738,0,0,saved_q_group_rows_no_fit_points,-,-,0.13,80,2.369902275246725,2.3940356996382395,2.381968987442482,1473,1473.0,pixel_count,25424.930457399685,25424.930457399685,1277.2245978713036,17.260645252817167,17.260645252817167,0.8670906978080811,25424.930457399685,25424.930457399685,1277.2245978713036,17.260645252817167,,0,,,,False,17.260645252817167,0.8670906978080811,53.47149658203125,56.841217041015625,55.21006978795725,17.135766035372686
PbI2,4.0,4.0,detector_qspace_per_pixel,detector_qr_band_per_qz_bin_fast,False,3,2.73777137567738,2.73777137567738,0,0,saved_q_group_rows_no_fit_points,-,-,0.13,81,2.3940356996382395,2.418169124029754,2.406102411833997,1507,1507.0,pixel_count,25681.662840779605,25681.662840779605,1320.206514120102,17.041581181671933,17.041581181671933,0.8760494453351705,25681.662840779605,25681.662840779605,1320.206514120102,17.041581181671933,,0,,,,False,17.041581181671933,0.8760494453351705,53.7591438293457,57.125972747802734,55.492084741137226,17.22051543518875
PbI2,4.0,4.0,detector_qspace_per_pixel,detector_qr_band_per_qz_bin_fast,False,3,2.73777137567738,2.73777137567738,0,0,saved_q_group_rows_no_fit_points,-,-,0.13,82,2.418169124029754,2.4423025484212686,2.430235836225511,1546,1546.0,pixel_count,26918.99671158633,26918.99671158633,1369.7199576497078,17.4120289208191,17.4120289208191,0.8859766867074436,26918.99671158633,26918.99671158633,1369.7199576497078,17.4120289208191,,0,,,,False,17.4120289208191,0.8859766867074436,54.0447998046875,57.391544342041016,55.77314925255721,17.42515224520136
PbI2,4.0,4.0,detector_qspace_per_pixel,detector_qr_band_per_qz_bin_fast,False,3,2.73777137567738,2.73777137567738,0,0,saved_q_group_rows_no_fit_points,-,-,0.13,83,2.4423025484212686,2.466435972812783,2.4543692606170255,1584,1584.0,pixel_count,27916.74563225885,27916.74563225885,1420.4917067289352,17.62420810117352,17.62420810117352,0.8967750673793783,27916.74563225885,27916.74563225885,1420.4917067289352,17.62420810117352,,0,,,,False,17.62420810117352,0.8967750673793783,54.345760345458984,57.68539810180664,56.05871638710103,17.832041341058595
PbI2,4.0,4.0,detector_qspace_per_pixel,detector_qr_band_per_qz_bin_fast,False,3,2.73777137567738,2.73777137567738,0,0,saved_q_group_rows_no_fit_points,-,-,0.13,84,2.466435972812783,2.4905693972042973,2.4785026850085403,1629,1629.0,pixel_count,29936.792072412092,29936.792072412092,1480.0414125919342,18.37740458711608,18.37740458711608,0.9085582643289958,29936.792072412092,29936.792072412092,1480.0414125919342,18.37740458711608,,0,,,,False,18.37740458711608,0.9085582643289958,54.62609100341797,57.96048355102539,56.34695853860515,18.53286829175852
PbI2,4.0,4.0,detector_qspace_per_pixel,detector_qr_band_per_qz_bin_fast,False,3,2.73777137567738,2.73777137567738,0,0,saved_q_group_rows_no_fit_points,-,-,0.13,85,2.4905693972042973,2.514702821595812,2.5026361094000547,1673,1673.0,pixel_count,32431.9773103153,32431.9773103153,1541.6259484291077,19.385521404850746,19.385521404850746,0.9214739679791438,32431.9773103153,32431.9773103153,1541.6259484291077,19.385521404850746,,0,,,,False,19.385521404850746,0.9214739679791438,54.920928955078125,58.24755096435547,56.63416767198814,19.56592177386059
PbI2,4.0,4.0,detector_qspace_per_pixel,detector_qr_band_per_qz_bin_fast,False,3,2.73777137567738,2.73777137567738,0,0,saved_q_group_rows_no_fit_points,-,-,0.13,86,2.514702821595812,2.5388362459873264,2.526769533791569,1715,1715.0,pixel_count,35780.5200684583,35780.5200684583,1604.333645105362,20.863277007847408,20.863277007847408,0.9354715131809691,35780.5200684583,35780.5200684583,1604.333645105362,20.863277007847408,,0,,,,False,20.863277007847408,0.9354715131809691,55.21432876586914,58.54596710205078,56.92415754908738,20.815282114494288
PbI2,4.0,4.0,detector_qspace_per_pixel,detector_qr_band_per_qz_bin_fast,False,3,2.73777137567738,2.73777137567738,0,0,saved_q_group_rows_no_fit_points,-,-,0.13,87,2.5388362459873264,2.5629696703788407,2.5509029581830838,1779,1779.0,pixel_count,39569.97470385033,39569.97470385033,1691.1766692399979,22.242818832968144,22.242818832968144,0.9506333160427194,39569.97470385033,39569.97470385033,1691.1766692399979,22.242818832968144,,0,,,,False,22.242818832968144,0.9506333160427194,55.52113723754883,58.81159210205078,57.222739166505576,21.932163940767428
PbI2,4.0,4.0,detector_qspace_per_pixel,detector_qr_band_per_qz_bin_fast,False,3,2.73777137567738,2.73777137567738,0,0,saved_q_group_rows_no_fit_points,-,-,0.13,88,2.5629696703788407,2.5871030947703555,2.575036382574598,1811,1811.0,pixel_count,41746.97491070876,41746.97491070876,1751.685409963131,23.05189117101533,23.05189117101533,0.9672476035136007,41746.97491070876,41746.97491070876,1751.685409963131,23.05189117101533,,0,,,,False,23.05189117101533,0.9672476035136007,55.80843734741211,59.117427825927734,57.51029882163584,22.411252216851555
PbI2,4.0,4.0,detector_qspace_per_pixel,detector_qr_band_per_qz_bin_fast,False,3,2.73777137567738,2.73777137567738,0,0,saved_q_group_rows_no_fit_points,-,-,0.13,89,2.5871030947703555,2.61123651916187,2.5991698069661124,1871,1871.0,pixel_count,41846.62533565583,41846.62533565583,1842.9082638025284,22.365914129158647,22.365914129158647,0.9849857102097961,41846.62533565583,41846.62533565583,1842.9082638025284,22.365914129158647,,0,,,,False,22.365914129158647,0.9849857102097961,56.10838317871094,59.404666900634766,57.8083376222373,21.939465835465395
PbI2,4.0,4.0,detector_qspace_per_pixel,detector_qr_band_per_qz_bin_fast,False,3,2.73777137567738,2.73777137567738,0,0,saved_q_group_rows_no_fit_points,-,-,0.13,90,2.61123651916187,2.635369943553384,2.623303231357627,1926,1926.0,pixel_count,39849.55546808702,39849.55546808702,1934.0851292014122,20.69031955767758,20.69031955767758,1.0041978863974104,39849.55546808702,39849.55546808702,1934.0851292014122,20.69031955767758,,0,,,,False,20.69031955767758,1.0041978863974104,56.407325744628906,59.702392578125,58.106869616482825,20.79288107821665
PbI2,4.0,4.0,detector_qspace_per_pixel,detector_qr_band_per_qz_bin_fast,False,3,2.73777137567738,2.73777137567738,0,0,saved_q_group_rows_no_fit_points,-,-,0.13,91,2.635369943553384,2.659503367944899,2.6474366557491416,1988,1988.0,pixel_count,38791.515741101044,38791.515741101044,2037.5889295339584,19.512834879829498,19.512834879829498,1.0249441295442447,38791.515741101044,38791.515741101044,2037.5889295339584,19.512834879829498,,0,,,,False,19.512834879829498,1.0249441295442447,56.717830657958984,59.996009826660156,58.40395818966949,19.491961838154932
PbI2,4.0,4.0,detector_qspace_per_pixel,detector_qr_band_per_qz_bin_fast,False,3,2.73777137567738,2.73777137567738,0,0,saved_q_group_rows_no_fit_points,-,-,0.13,92,2.659503367944899,2.6836367923364137,2.6715700801406563,2050,2050.0,pixel_count,37284.54095943149,37284.54095943149,2146.806456685066,18.18758095582024,18.18758095582024,1.0472226617975933,37284.54095943149,37284.54095943149,2146.806456685066,18.18758095582024,,0,,,,False,18.18758095582024,1.0472226617975933,57.00990676879883,60.29951095581055,58.70447968151615,18.226199035155695
PbI2,4.0,4.0,detector_qspace_per_pixel,detector_qr_band_per_qz_bin_fast,False,3,2.73777137567738,2.73777137567738,0,0,saved_q_group_rows_no_fit_points,-,-,0.13,93,2.6836367923364137,2.707770216727928,2.6957035045321707,2113,2113.0,pixel_count,35797.46015158282,35797.46015158282,2263.1597818136215,16.94153343662225,16.94153343662225,1.0710647334659826,35797.46015158282,35797.46015158282,2263.1597818136215,16.94153343662225,,0,,,,False,16.94153343662225,1.0710647334659826,57.33006286621094,60.5986213684082,59.01046341138481,17.051312635762162
PbI2,4.0,4.0,detector_qspace_per_pixel,detector_qr_band_per_qz_bin_fast,False,3,2.73777137567738,2.73777137567738,0,0,saved_q_group_rows_no_fit_points,-,-,0.13,94,2.707770216727928,2.731903641119443,2.7198369289236854,2180,2180.0,pixel_count,34767.85043534015,34767.85043534015,2390.52772629261,15.948555245568876,15.948555245568876,1.0965723515103716,34767.85043534015,34767.85043534015,2390.52772629261,15.948555245568876,,0,,,,False,15.948555245568876,1.0965723515103716,57.645877838134766,60.893375396728516,59.31424270208098,16.0522932377543
PbI2,4.0,4.0,detector_qspace_per_pixel,detector_qr_band_per_qz_bin_fast,False,3,2.73777137567738,2.73777137567738,0,0,saved_q_group_rows_no_fit_points,-,-,0.13,95,2.731903641119443,2.756037065510957,2.7439703533152002,2249,2249.0,pixel_count,34067.423388910465,34067.423388910465,2527.310507297516,15.147809421480865,15.147809421480865,1.1237485581580773,34067.423388910465,34067.423388910465,2527.310507297516,15.147809421480865,,0,,,,False,15.147809421480865,1.1237485581580773,57.943973541259766,61.19725036621094,59.622186719109685,15.282046059468389
PbI2,4.0,4.0,detector_qspace_per_pixel,detector_qr_band_per_qz_bin_fast,False,3,2.73777137567738,2.73777137567738,0,0,saved_q_group_rows_no_fit_points,-,-,0.13,96,2.756037065510957,2.7801704899024715,2.768103777706714,2325,2325.0,pixel_count,33900.20657564214,33900.20657564214,2679.8833879232407,14.580734011028879,14.580734011028879,1.1526380163110712,33900.20657564214,33900.20657564214,2679.8833879232407,14.580734011028879,,0,,,,False,14.580734011028879,1.1526380163110712,58.251502990722656,61.496490478515625,59.927181809876586,14.802745721401443
PbI2,4.0,4.0,detector_qspace_per_pixel,detector_qr_band_per_qz_bin_fast,False,3,2.73777137567738,2.73777137567738,0,0,saved_q_group_rows_no_fit_points,+,+,0.13,1,0.46336174831707855,0.48749517270859305,0.4754284605128358,518,518.0,pixel_count,7664.461624089642,7664.461624089642,291.3253872990608,14.796257961563015,14.796257961563015,0.5624042225850595,7664.461624089642,7664.461624089642,291.3253872990608,14.796257961563015,,0,,,,False,14.796257961563015,0.5624042225850595,38.26109313964844,42.14121627807617,40.2504732277176,14.723599265539965
PbI2,4.0,4.0,detector_qspace_per_pixel,detector_qr_band_per_qz_bin_fast,False,3,2.73777137567738,2.73777137567738,0,0,saved_q_group_rows_no_fit_points,+,+,0.13,2,0.48749517270859305,0.5116285971001077,0.4995618849043504,523,523.0,pixel_count,7635.046721316792,7635.046721316792,296.35621455311775,14.598559696590424,14.598559696590424,0.566646681745923,7635.046721316792,7635.046721316792,296.35621455311775,14.598559696590424,,0,,,,False,14.598559696590424,0.566646681745923,38.35480880737305,42.222408294677734,40.326795005867496,14.601813828197958
PbI2,4.0,4.0,detector_qspace_per_pixel,detector_qr_band_per_qz_bin_fast,False,3,2.73777137567738,2.73777137567738,0,0,saved_q_group_rows_no_fit_points,+,+,0.13,3,0.5116285971001077,0.5357620214916221,0.5236953092958649,523,523.0,pixel_count,7502.437980838984,7502.437980838984,298.44466185569763,14.345005699500925,14.345005699500925,0.5706398888254257,7502.437980838984,7502.437980838984,298.44466185569763,14.345005699500925,,0,,,,False,14.345005699500925,0.5706398888254257,38.45088195800781,42.30542755126953,40.410267089579584,14.530091142096854
PbI2,4.0,4.0,detector_qspace_per_pixel,detector_qr_band_per_qz_bin_fast,False,3,2.73777137567738,2.73777137567738,0,0,saved_q_group_rows_no_fit_points,+,+,0.13,4,0.5357620214916221,0.5598954458831366,0.5478287336873793,527,527.0,pixel_count,7747.828983725882,7747.828983725882,302.8137957751751,14.701762777468467,14.701762777468467,0.5745992329699717,7747.828983725882,7747.828983725882,302.8137957751751,14.701762777468467,,0,,,,False,14.701762777468467,0.5745992329699717,38.50337600708008,42.39023971557617,40.49595618341878,14.571616642700272
PbI2,4.0,4.0,detector_qspace_per_pixel,detector_qr_band_per_qz_bin_fast,False,3,2.73777137567738,2.73777137567738,0,0,saved_q_group_rows_no_fit_points,+,+,0.13,5,0.5598954458831366,0.5840288702746511,0.5719621580788938,532,532.0,pixel_count,7716.763953301125,7716.763953301125,307.1832058429718,14.505195400941965,14.505195400941965,0.5774120410582176,7716.763953301125,7716.763953301125,307.1832058429718,14.505195400941965,,0,,,,False,14.505195400941965,0.5774120410582176,38.60424041748047,42.48461151123047,40.60967035486035,14.647434317452678
PbI2,4.0,4.0,detector_qspace_per_pixel,detector_qr_band_per_qz_bin_fast,False,3,2.73777137567738,2.73777137567738,0,0,saved_q_group_rows_no_fit_points,+,+,0.13,6,0.5840288702746511,0.6081622946661657,0.5960955824704084,534,534.0,pixel_count,7934.36391164128,7934.36391164128,310.46420818567276,14.85835938509603,14.85835938509603,0.5813936482877767,7934.36391164128,7934.36391164128,310.46420818567276,14.85835938509603,,0,,,,False,14.85835938509603,0.5813936482877767,38.697574615478516,42.5732307434082,40.69767965925185,14.750782868161878
PbI2,4.0,4.0,detector_qspace_per_pixel,detector_qr_band_per_qz_bin_fast,False,3,2.73777137567738,2.73777137567738,0,0,saved_q_group_rows_no_fit_points,+,+,0.13,7,0.6081622946661657,0.6322957190576802,0.620229006861923,536,536.0,pixel_count,7928.253777114678,7928.253777114678,313.7239382863045,14.791518240885594,14.791518240885594,0.5853058550117621,7928.253777114678,7928.253777114678,313.7239382863045,14.791518240885594,,0,,,,False,14.791518240885594,0.5853058550117621,38.802433013916016,42.66353225708008,40.78726897014525,14.84259033226682
PbI2,4.0,4.0,detector_qspace_per_pixel,detector_qr_band_per_qz_bin_fast,False,3,2.73777137567738,2.73777137567738,0,0,saved_q_group_rows_no_fit_points,+,+,0.13,8,0.6322957190576802,0.6564291434491947,0.6443624312534375,542,542.0,pixel_count,8092.2294636919605,8092.2294636919605,319.0643227696419,14.930312663638304,14.930312663638304,0.5886795623056124,8092.2294636919605,8092.2294636919605,319.0643227696419,14.930312663638304,,0,,,,False,14.930312663638304,0.5886795623056124,38.909423828125,42.7642707824707,40.89146161493717,14.954798507968462
PbI2,4.0,4.0,detector_qspace_per_pixel,detector_qr_band_per_qz_bin_fast,False,3,2.73777137567738,2.73777137567738,0,0,saved_q_group_rows_no_fit_points,+,+,0.13,9,0.6564291434491947,0.6805625678407091,0.6684958556449518,547,547.0,pixel_count,8231.74078634867,8231.74078634867,323.6914934515953,15.048886263891536,15.048886263891536,0.5917577576811615,8231.74078634867,8231.74078634867,323.6914934515953,15.048886263891536,,0,,,,False,15.048886263891536,0.5917577576811615,39.01849365234375,42.89814758300781,41.00337152562755,15.158603956339658
PbI2,4.0,4.0,detector_qspace_per_pixel,detector_qr_band_per_qz_bin_fast,False,3,2.73777137567738,2.73777137567738,0,0,saved_q_group_rows_no_fit_points,+,+,0.13,10,0.6805625678407091,0.7046959922322237,0.6926292800364664,546,546.0,pixel_count,8472.553428089845,8472.553428089845,324.9527432322502,15.517497121043672,15.517497121043672,0.5951515443814106,8472.553428089845,8472.553428089845,324.9527432322502,15.517497121043672,,0,,,,False,15.517497121043672,0.5951515443814106,39.12959671020508,42.993404388427734,41.107400265265156,15.461740784308008
PbI2,4.0,4.0,detector_qspace_per_pixel,detector_qr_band_per_qz_bin_fast,False,3,2.73777137567738,2.73777137567738,0,0,saved_q_group_rows_no_fit_points,+,+,0.13,11,0.7046959922322237,0.7288294166237382,0.716762704427981,554,554.0,pixel_count,8681.156498966937,8681.156498966937,331.4372949004173,15.669957579362702,15.669957579362702,0.5982622651632081,8681.156498966937,8681.156498966937,331.4372949004173,15.669957579362702,,0,,,,False,15.669957579362702,0.5982622651632081,39.242679595947266,43.09988784790039,41.22100039259858,15.869053164370573
PbI2,4.0,4.0,detector_qspace_per_pixel,detector_qr_band_per_qz_bin_fast,False,3,2.73777137567738,2.73777137567738,0,0,saved_q_group_rows_no_fit_points,+,+,0.13,12,0.7288294166237382,0.7529628410152527,0.7408961288194955,555,555.0,pixel_count,9105.104135057292,9105.104135057292,333.7196766138077,16.405593036139265,16.405593036139265,0.6012967146194733,9105.104135057292,9105.104135057292,333.7196766138077,16.405593036139265,,0,,,,False,16.405593036139265,0.6012967146194733,39.369712829589844,43.19846725463867,41.334447223302135,16.487602397893856
PbI2,4.0,4.0,detector_qspace_per_pixel,detector_qr_band_per_qz_bin_fast,False,3,2.73777137567738,2.73777137567738,0,0,saved_q_group_rows_no_fit_points,+,+,0.13,13,0.7529628410152527,0.7770962654067672,0.76502955321101,560,560.0,pixel_count,9625.515180998973,9625.515180998973,338.1315988302231,17.188419966069596,17.188419966069596,0.6038064264825412,9625.515180998973,9625.515180998973,338.1315988302231,17.188419966069596,,0,,,,False,17.188419966069596,0.6038064264825412,39.486968994140625,43.308807373046875,41.461205274978816,17.342307388266683
PbI2,4.0,4.0,detector_qspace_per_pixel,detector_qr_band_per_qz_bin_fast,False,3,2.73777137567738,2.73777137567738,0,0,saved_q_group_rows_no_fit_points,+,+,0.13,14,0.7770962654067672,0.8012296897982817,0.7891629776025244,562,562.0,pixel_count,10387.279209582486,10387.279209582486,341.3518078327179,18.48270321989766,18.48270321989766,0.6073875584212062,10387.279209582486,10387.279209582486,341.3518078327179,18.48270321989766,,0,,,,False,18.48270321989766,0.6073875584212062,39.606048583984375,43.449432373046875,41.56525565676495,18.32203186671464
PbI2,4.0,4.0,detector_qspace_per_pixel,detector_qr_band_per_qz_bin_fast,False,3,2.73777137567738,2.73777137567738,0,0,saved_q_group_rows_no_fit_points,+,+,0.13,15,0.8012296897982817,0.8253631141897962,0.813296401994039,569,569.0,pixel_count,10883.009130832994,10883.009130832994,346.90879386663437,19.126553832746914,19.126553832746914,0.6096815357937335,10883.009130832994,10883.009130832994,346.90879386663437,19.126553832746914,,0,,,,False,19.126553832746914,0.6096815357937335,39.72690200805664,43.563201904296875,41.69885393713307,19.327321277171254
PbI2,4.0,4.0,detector_qspace_per_pixel,detector_qr_band_per_qz_bin_fast,False,3,2.73777137567738,2.73777137567738,0,0,saved_q_group_rows_no_fit_points,+,+,0.13,16,0.8253631141897962,0.8494965385813108,0.8374298263855535,571,571.0,pixel_count,11694.609495352523,11694.609495352523,349.73409056663513,20.480927312351177,20.480927312351177,0.6124940290133715,11694.609495352523,11694.609495352523,349.73409056663513,20.480927312351177,,0,,,,False,20.480927312351177,0.6124940290133715,39.8494873046875,43.67888641357422,41.8206378341236,20.456745011605097
PbI2,4.0,4.0,detector_qspace_per_pixel,detector_qr_band_per_qz_bin_fast,False,3,2.73777137567738,2.73777137567738,0,0,saved_q_group_rows_no_fit_points,+,+,0.13,17,0.8494965385813108,0.8736299629728252,0.8615632507770681,576,576.0,pixel_count,12357.037194399993,12357.037194399993,354.3154984116554,21.4531895736111,21.4531895736111,0.6151310736313462,12357.037194399993,12357.037194399993,354.3154984116554,21.4531895736111,,0,,,,False,21.4531895736111,0.6151310736313462,39.97374725341797,43.82309341430664,41.947391333992634,21.88674964886932
PbI2,4.0,4.0,detector_qspace_per_pixel,detector_qr_band_per_qz_bin_fast,False,3,2.73777137567738,2.73777137567738,0,0,saved_q_group_rows_no_fit_points,+,+,0.13,18,0.8736299629728252,0.8977633873643397,0.8856966751685824,583,583.0,pixel_count,13701.391611358327,13701.391611358327,359.66982620954514,23.501529350528862,23.501529350528862,0.6169293760026503,13701.391611358327,13701.391611358327,359.66982620954514,23.501529350528862,,0,,,,False,23.501529350528862,0.6169293760026503,40.113704681396484,43.94190216064453,42.09191950163635,23.903047121338346
PbI2,4.0,4.0,detector_qspace_per_pixel,detector_qr_band_per_qz_bin_fast,False,3,2.73777137567738,2.73777137567738,0,0,saved_q_group_rows_no_fit_points,+,+,0.13,19,0.8977633873643397,0.9218968117558544,0.909830099560097,586,586.0,pixel_count,15577.104752883668,15577.104752883668,363.18493616580963,26.58209002198578,26.58209002198578,0.6197695156413133,15577.104752883668,15577.104752883668,363.18493616580963,26.58209002198578,,0,,,,False,26.58209002198578,0.6197695156413133,40.24147415161133,44.10002899169922,42.217004921720196,26.291720961504936
PbI2,4.0,4.0,detector_qspace_per_pixel,detector_qr_band_per_qz_bin_fast,False,3,2.73777137567738,2.73777137567738,0,0,saved_q_group_rows_no_fit_points,+,+,0.13,20,0.9218968117558544,0.9460302361473689,0.9339635239516116,590,590.0,pixel_count,17269.082896088396,17269.082896088396,366.90599423646927,29.269632027268468,29.269632027268468,0.6218745665024903,17269.082896088396,17269.082896088396,366.90599423646927,29.269632027268468,,0,,,,False,29.269632027268468,0.6218745665024903,40.37076950073242,44.22203826904297,42.35569454670358,27.88735090702997
PbI2,4.0,4.0,detector_qspace_per_pixel,detector_qr_band_per_qz_bin_fast,False,3,2.73777137567738,2.73777137567738,0,0,saved_q_group_rows_no_fit_points,+,+,0.13,21,0.9460302361473689,0.9701636605388833,0.9580969483431261,597,597.0,pixel_count,17164.755914853682,17164.755914853682,372.33638846874237,28.751684949503655,28.751684949503655,0.62367904266121,17164.755914853682,17164.755914853682,372.33638846874237,28.751684949503655,,0,,,,False,28.751684949503655,0.62367904266121,40.55803680419922,44.382694244384766,42.501506996814165,27.476108244762784
PbI2,4.0,4.0,detector_qspace_per_pixel,detector_qr_band_per_qz_bin_fast,False,3,2.73777137567738,2.73777137567738,0,0,saved_q_group_rows_no_fit_points,+,+,0.13,22,0.9701636605388833,0.9942970849303978,0.9822303727346405,601,601.0,pixel_count,15032.122404092624,15032.122404092624,376.02143424749374,25.011850921951122,25.011850921951122,0.6256596243718698,15032.122404092624,15032.122404092624,376.02143424749374,25.011850921951122,,0,,,,False,25.011850921951122,0.6256596243718698,40.69021987915039,44.49497985839844,42.645388430182756,25.37535785124186
PbI2,4.0,4.0,detector_qspace_per_pixel,detector_qr_band_per_qz_bin_fast,False,3,2.73777137567738,2.73777137567738,0,0,saved_q_group_rows_no_fit_points,+,+,0.13,23,0.9942970849303978,1.0184305093219124,1.0063637971261552,606,606.0,pixel_count,13857.578288598525,13857.578288598525,380.2315906882286,22.867290905278093,22.867290905278093,0.6274448691224894,13857.578288598525,13857.578288598525,380.2315906882286,22.867290905278093,,0,,,,False,22.867290905278093,0.6274448691224894,40.839351654052734,44.62125015258789,42.79341939310467,22.98198002770118
PbI2,4.0,4.0,detector_qspace_per_pixel,detector_qr_band_per_qz_bin_fast,False,3,2.73777137567738,2.73777137567738,0,0,saved_q_group_rows_no_fit_points,+,+,0.13,24,1.0184305093219124,1.0425639337134267,1.0304972215176695,614,614.0,pixel_count,12724.638452604171,12724.638452604171,386.4755654335022,20.724166860918846,20.724166860918846,0.6294390316506551,12724.638452604171,12724.638452604171,386.4755654335022,20.724166860918846,,0,,,,False,20.724166860918846,0.6294390316506551,40.9744873046875,44.78520584106445,42.938664080497645,20.921599973153448
PbI2,4.0,4.0,detector_qspace_per_pixel,detector_qr_band_per_qz_bin_fast,False,3,2.73777137567738,2.73777137567738,0,0,saved_q_group_rows_no_fit_points,+,+,0.13,25,1.0425639337134267,1.0666973581049413,1.0546306459091839,616,616.0,pixel_count,11697.24194437772,11697.24194437772,388.6448200941086,18.98902913048331,18.98902913048331,0.6309169157371892,11697.24194437772,11697.24194437772,388.6448200941086,18.98902913048331,,0,,,,False,18.98902913048331,0.6309169157371892,41.16722869873047,44.95001983642578,43.094208255926894,19.270683648645292
PbI2,4.0,4.0,detector_qspace_per_pixel,detector_qr_band_per_qz_bin_fast,False,3,2.73777137567738,2.73777137567738,0,0,saved_q_group_rows_no_fit_points,+,+,0.13,26,1.0666973581049413,1.090830782496456,1.0787640703006987,623,623.0,pixel_count,11141.486732775506,11141.486732775506,393.9712396264076,17.883606312641263,17.883606312641263,0.6323775916956784,11141.486732775506,11141.486732775506,393.9712396264076,17.883606312641263,,0,,,,False,17.883606312641263,0.6323775916956784,41.3047981262207,45.080074310302734,43.24964962362467,18.07221448385818
PbI2,4.0,4.0,detector_qspace_per_pixel,detector_qr_band_per_qz_bin_fast,False,3,2.73777137567738,2.73777137567738,0,0,saved_q_group_rows_no_fit_points,+,+,0.13,27,1.090830782496456,1.1149642068879704,1.1028974946922132,629,629.0,pixel_count,10829.745836456428,10829.745836456428,398.80791717767715,17.217401965749488,17.217401965749488,0.6340348444796139,10829.745836456428,10829.745836456428,398.80791717767715,17.217401965749488,,0,,,,False,17.217401965749488,0.6340348444796139,41.46017074584961,45.260555267333984,43.404133236380666,17.218804670769767
PbI2,4.0,4.0,detector_qspace_per_pixel,detector_qr_band_per_qz_bin_fast,False,3,2.73777137567738,2.73777137567738,0,0,saved_q_group_rows_no_fit_points,+,+,0.13,28,1.1149642068879704,1.139097631279485,1.1270309190837278,638,638.0,pixel_count,10367.629234569622,10367.629234569622,405.1586222052574,16.25020256202135,16.25020256202135,0.6350448623906856,10367.629234569622,10367.629234569622,405.1586222052574,16.25020256202135,,0,,,,False,16.25020256202135,0.6350448623906856,41.61717224121094,45.42811965942383,43.57169627134662,16.66680146187115
PbI2,4.0,4.0,detector_qspace_per_pixel,detector_qr_band_per_qz_bin_fast,False,3,2.73777137567738,2.73777137567738,0,0,saved_q_group_rows_no_fit_points,+,+,0.13,29,1.139097631279485,1.1632310556709995,1.151164343475242,640,640.0,pixel_count,10628.224061302522,10628.224061302522,407.05138313770294,16.60660009578519,16.60660009578519,0.6360177861526608,10628.224061302522,10628.224061302522,407.05138313770294,16.60660009578519,,0,,,,False,16.60660009578519,0.6360177861526608,41.81455993652344,45.56169128417969,43.73866999050759,16.42224941661054
PbI2,4.0,4.0,detector_qspace_per_pixel,detector_qr_band_per_qz_bin_fast,False,3,2.73777137567738,2.73777137567738,0,0,saved_q_group_rows_no_fit_points,+,+,0.13,30,1.1632310556709995,1.1873644800625138,1.1752977678667567,649,649.0,pixel_count,10503.816936962525,10503.816936962525,413.7940499186516,16.18461777652161,16.18461777652161,0.637587133927044,10503.816936962525,10503.816936962525,413.7940499186516,16.18461777652161,,0,,,,False,16.18461777652161,0.637587133927044,41.95685577392578,45.73078918457031,43.89741318399815,16.235675309245508
PbI2,4.0,4.0,detector_qspace_per_pixel,detector_qr_band_per_qz_bin_fast,False,3,2.73777137567738,2.73777137567738,0,0,saved_q_group_rows_no_fit_points,+,+,0.13,31,1.1873644800625138,1.2114979044540284,1.1994311922582712,655,655.0,pixel_count,10495.196710827437,10495.196710827437,418.12873154878616,16.023201085232728,16.023201085232728,0.6383644756470018,10495.196710827437,10495.196710827437,418.12873154878616,16.023201085232728,,0,,,,False,16.023201085232728,0.6383644756470018,42.11772537231445,45.91498947143555,44.07199706696776,16.03174104239177
PbI2,4.0,4.0,detector_qspace_per_pixel,detector_qr_band_per_qz_bin_fast,False,3,2.73777137567738,2.73777137567738,0,0,saved_q_group_rows_no_fit_points,+,+,0.13,32,1.2114979044540284,1.235631328845543,1.2235646166497856,662,662.0,pixel_count,10495.997380836388,10495.997380836388,423.2565239071846,15.854980937819318,15.854980937819318,0.6393603080168951,10495.997380836388,10495.997380836388,423.2565239071846,15.854980937819318,,0,,,,False,15.854980937819318,0.6393603080168951,42.317745208740234,46.05158233642578,44.24292747544999,15.860470171813212
PbI2,4.0,4.0,detector_qspace_per_pixel,detector_qr_band_per_qz_bin_fast,False,3,2.73777137567738,2.73777137567738,0,0,saved_q_group_rows_no_fit_points,+,+,0.13,33,1.235631328845543,1.2597647532370573,1.2476980410413,668,668.0,pixel_count,10435.460043147603,10435.460043147603,427.88089323043823,15.621946172376651,15.621946172376651,0.6405402593270033,10435.460043147603,10435.460043147603,427.88089323043823,15.621946172376651,,0,,,,False,15.621946172376651,0.6405402593270033,42.48091506958008,46.23754119873047,44.4118864841911,15.779335744807701
PbI2,4.0,4.0,detector_qspace_per_pixel,detector_qr_band_per_qz_bin_fast,False,3,2.73777137567738,2.73777137567738,0,0,saved_q_group_rows_no_fit_points,+,+,0.13,34,1.2597647532370573,1.283898177628572,1.2718314654328147,675,675.0,pixel_count,10691.136908653965,10691.136908653965,432.6953427195549,15.838721346154022,15.838721346154022,0.6410301373623035,10691.136908653965,10691.136908653965,432.6953427195549,15.838721346154022,,0,,,,False,15.838721346154022,0.6410301373623035,42.682373046875,46.409088134765625,44.59347693370896,15.841682082883034
PbI2,4.0,4.0,detector_qspace_per_pixel,detector_qr_band_per_qz_bin_fast,False,3,2.73777137567738,2.73777137567738,0,0,saved_q_group_rows_no_fit_points,+,+,0.13,35,1.283898177628572,1.3080316020200866,1.2959648898243294,688,688.0,pixel_count,11043.307163923291,11043.307163923291,441.7243849635124,16.051318552214084,16.051318552214084,0.6420412572144076,11043.307163923291,11043.307163923291,441.7243849635124,16.051318552214084,,0,,,,False,16.051318552214084,0.6420412572144076,42.84758377075195,46.59620666503906,44.76905089689709,15.937173609294227
PbI2,4.0,4.0,detector_qspace_per_pixel,detector_qr_band_per_qz_bin_fast,False,3,2.73777137567738,2.73777137567738,0,0,saved_q_group_rows_no_fit_points,+,+,0.13,36,1.3080316020200866,1.332165026411601,1.3200983142158438,692,692.0,pixel_count,10965.56578399584,10965.56578399584,444.52567529678345,15.846193329473758,15.846193329473758,0.6423781434924616,10965.56578399584,10965.56578399584,444.52567529678345,15.846193329473758,,0,,,,False,15.846193329473758,0.6423781434924616,43.05022048950195,46.78389358520508,44.95783401417972,16.01361755936381
PbI2,4.0,4.0,detector_qspace_per_pixel,detector_qr_band_per_qz_bin_fast,False,3,2.73777137567738,2.73777137567738,0,0,saved_q_group_rows_no_fit_points,+,+,0.13,37,1.332165026411601,1.3562984508031155,1.3442317386073581,702,702.0,pixel_count,11399.959300826995,11399.959300826995,451.3496104478836,16.239258263286317,16.239258263286317,0.6429481630311732,11399.959300826995,11399.959300826995,451.3496104478836,16.239258263286317,,0,,,,False,16.239258263286317,0.6429481630311732,43.236026763916016,46.972084045410156,45.14271296045365,16.15388901803351
PbI2,4.0,4.0,detector_qspace_per_pixel,detector_qr_band_per_qz_bin_fast,False,3,2.73777137567738,2.73777137567738,0,0,saved_q_group_rows_no_fit_points,+,+,0.13,38,1.3562984508031155,1.38043187519463,1.368365162998873,705,705.0,pixel_count,11436.9962536149,11436.9962536149,453.6798614859581,16.222689721439576,16.222689721439576,0.6435175340226356,11436.9962536149,11436.9962536149,453.6798614859581,16.222689721439576,,0,,,,False,16.222689721439576,0.6435175340226356,43.43973159790039,47.11334228515625,45.32912644220536,16.353211061960582
PbI2,4.0,4.0,detector_qspace_per_pixel,detector_qr_band_per_qz_bin_fast,False,3,2.73777137567738,2.73777137567738,0,0,saved_q_group_rows_no_fit_points,+,+,0.13,39,1.38043187519463,1.4045652995861444,1.3924985873903872,718,718.0,pixel_count,11962.575479440604,11962.575479440604,462.5505977869034,16.66096863431839,16.66096863431839,0.6442208882825953,11962.575479440604,11962.575479440604,462.5505977869034,16.66096863431839,,0,,,,False,16.66096863431839,0.6442208882825953,43.60845184326172,47.30257034301758,45.515447160047884,16.638917482455035
PbI2,4.0,4.0,detector_qspace_per_pixel,detector_qr_band_per_qz_bin_fast,False,3,2.73777137567738,2.73777137567738,0,0,saved_q_group_rows_no_fit_points,+,+,0.13,40,1.4045652995861444,1.428698723977659,1.4166320117819016,724,724.0,pixel_count,12213.432564208702,12213.432564208702,466.4767926931381,16.8693819947634,16.8693819947634,0.64430496228334,12213.432564208702,12213.432564208702,466.4767926931381,16.8693819947634,,0,,,,False,16.8693819947634,0.64430496228334,43.83211898803711,47.492122650146484,45.714228413560775,17.028521132546942
PbI2,4.0,4.0,detector_qspace_per_pixel,detector_qr_band_per_qz_bin_fast,False,3,2.73777137567738,2.73777137567738,0,0,saved_q_group_rows_no_fit_points,+,+,0.13,41,1.428698723977659,1.4528321483691735,1.4407654361734163,735,735.0,pixel_count,13000.953573352437,13000.953573352437,474.0117931365967,17.68837220864277,17.68837220864277,0.6449140042674785,13000.953573352437,13000.953573352437,474.0117931365967,17.68837220864277,,0,,,,False,17.68837220864277,0.6449140042674785,44.002296447753906,47.681941986083984,45.90474234330948,17.471024713817904
PbI2,4.0,4.0,detector_qspace_per_pixel,detector_qr_band_per_qz_bin_fast,False,3,2.73777137567738,2.73777137567738,0,0,saved_q_group_rows_no_fit_points,+,+,0.13,42,1.4528321483691735,1.4769655727606879,1.4648988605649307,744,744.0,pixel_count,13116.169345068987,13116.169345068987,479.8070120215416,17.629259872404553,17.629259872404553,0.6449018978784161,13116.169345068987,13116.169345068987,479.8070120215416,17.629259872404553,,0,,,,False,17.629259872404553,0.6449018978784161,44.22682189941406,47.91844177246094,46.1094759026748,17.908919816291533
PbI2,4.0,4.0,detector_qspace_per_pixel,detector_qr_band_per_qz_bin_fast,False,3,2.73777137567738,2.73777137567738,0,0,saved_q_group_rows_no_fit_points,+,+,0.13,43,1.4769655727606879,1.5010989971522026,1.4890322849564452,754,754.0,pixel_count,14077.449333004623,14077.449333004623,486.6962767839432,18.670357205576423,18.670357205576423,0.6454857782280413,14077.449333004623,14077.449333004623,486.6962767839432,18.670357205576423,,0,,,,False,18.670357205576423,0.6454857782280413,44.3982048034668,48.10839080810547,46.30452225882653,18.356359380244946
PbI2,4.0,4.0,detector_qspace_per_pixel,detector_qr_band_per_qz_bin_fast,False,3,2.73777137567738,2.73777137567738,0,0,saved_q_group_rows_no_fit_points,+,+,0.13,44,1.5010989971522026,1.5252324215437172,1.5131657093479598,764,764.0,pixel_count,14223.11925457388,14223.11925457388,493.38959914445877,18.616648238971045,18.616648238971045,0.645797904639344,14223.11925457388,14223.11925457388,493.38959914445877,18.616648238971045,,0,,,,False,18.616648238971045,0.645797904639344,44.623313903808594,48.29843521118164,46.507282142228924,18.660613082256027
PbI2,4.0,4.0,detector_qspace_per_pixel,detector_qr_band_per_qz_bin_fast,False,3,2.73777137567738,2.73777137567738,0,0,saved_q_group_rows_no_fit_points,+,+,0.13,45,1.5252324215437172,1.5493658459352315,1.5372991337394744,776,776.0,pixel_count,14631.27827467934,14631.27827467934,501.1871660351753,18.854740044689873,18.854740044689873,0.645859750045329,14631.27827467934,14631.27827467934,501.1871660351753,18.854740044689873,,0,,,,False,18.854740044689873,0.645859750045329,44.84846496582031,48.50498580932617,46.716787908229996,18.859115099807823
PbI2,4.0,4.0,detector_qspace_per_pixel,detector_qr_band_per_qz_bin_fast,False,3,2.73777137567738,2.73777137567738,0,0,saved_q_group_rows_no_fit_points,+,+,0.13,46,1.5493658459352315,1.573499270326746,1.561432558130989,786,786.0,pixel_count,15063.450331356373,15063.450331356373,507.74649399518967,19.16469507806154,19.16469507806154,0.6459879058462973,15063.450331356373,15063.450331356373,507.74649399518967,19.16469507806154,,0,,,,False,19.16469507806154,0.6459879058462973,45.02109909057617,48.695152282714844,46.92703802727363,18.95675845210132
PbI2,4.0,4.0,detector_qspace_per_pixel,detector_qr_band_per_qz_bin_fast,False,3,2.73777137567738,2.73777137567738,0,0,saved_q_group_rows_no_fit_points,+,+,0.13,47,1.573499270326746,1.5976326947182606,1.5855659825225032,796,796.0,pixel_count,15083.04792131961,15083.04792131961,514.7141986489296,18.948552664974386,18.948552664974386,0.6466258776996603,15083.04792131961,15083.04792131961,514.7141986489296,18.948552664974386,,0,,,,False,18.948552664974386,0.6466258776996603,45.24644470214844,48.901893615722656,47.12939740451194,18.835792243384056
PbI2,4.0,4.0,detector_qspace_per_pixel,detector_qr_band_per_qz_bin_fast,False,3,2.73777137567738,2.73777137567738,0,0,saved_q_group_rows_no_fit_points,+,+,0.13,48,1.5976326947182606,1.621766119109775,1.6096994069140178,807,807.0,pixel_count,14751.121554580353,14751.121554580353,521.8139891028404,18.278961034176398,18.278961034176398,0.6466096519242137,14751.121554580353,14751.121554580353,521.8139891028404,18.278961034176398,,0,,,,False,18.278961034176398,0.6466096519242137,45.47163772583008,49.13681411743164,47.34792508711755,18.73040965271305
PbI2,4.0,4.0,detector_qspace_per_pixel,detector_qr_band_per_qz_bin_fast,False,3,2.73777137567738,2.73777137567738,0,0,saved_q_group_rows_no_fit_points,+,+,0.13,49,1.621766119109775,1.6458995435012895,1.6338328313055324,824,824.0,pixel_count,15630.024720385525,15630.024720385525,532.9567810893059,18.968476602409616,18.968476602409616,0.6467922100598372,15630.024720385525,15630.024720385525,532.9567810893059,18.968476602409616,,0,,,,False,18.968476602409616,0.6467922100598372,45.69661331176758,49.32646560668945,47.565553221922265,18.983667902932243
PbI2,4.0,4.0,detector_qspace_per_pixel,detector_qr_band_per_qz_bin_fast,False,3,2.73777137567738,2.73777137567738,0,0,saved_q_group_rows_no_fit_points,+,+,0.13,50,1.6458995435012895,1.670032967892804,1.6579662556970467,828,828.0,pixel_count,16124.001912986723,16124.001912986723,535.9536801576614,19.47343226206126,19.47343226206126,0.647287053330509,16124.001912986723,16124.001912986723,535.9536801576614,19.47343226206126,,0,,,,False,19.47343226206126,0.647287053330509,45.89044189453125,49.5327262878418,47.778618971348216,19.467481517003467
PbI2,4.0,4.0,detector_qspace_per_pixel,detector_qr_band_per_qz_bin_fast,False,3,2.73777137567738,2.73777137567738,0,0,saved_q_group_rows_no_fit_points,+,+,0.13,51,1.670032967892804,1.6941663922843184,1.6820996800885613,846,846.0,pixel_count,16869.115109592505,16869.115109592505,547.9392296075821,19.939852375404854,19.939852375404854,0.6476823045006881,16869.115109592505,16869.115109592505,547.9392296075821,19.939852375404854,,0,,,,False,19.939852375404854,0.6476823045006881,46.13566207885742,49.738853454589844,47.99610437787143,20.012333768941133
PbI2,4.0,4.0,detector_qspace_per_pixel,detector_qr_band_per_qz_bin_fast,False,3,2.73777137567738,2.73777137567738,0,0,saved_q_group_rows_no_fit_points,+,+,0.13,52,1.6941663922843184,1.7182998166758332,1.7062331044800758,856,856.0,pixel_count,17649.106958182187,17649.106958182187,554.4547259807587,20.618115605353022,20.618115605353022,0.6477274836223816,17649.106958182187,17649.106958182187,554.4547259807587,20.618115605353022,,0,,,,False,20.618115605353022,0.6477274836223816,46.36008071899414,49.97150802612305,48.22648048367787,20.60228829642993
PbI2,4.0,4.0,detector_qspace_per_pixel,detector_qr_band_per_qz_bin_fast,False,3,2.73777137567738,2.73777137567738,0,0,saved_q_group_rows_no_fit_points,+,+,0.13,53,1.7182998166758332,1.7424332410673478,1.7303665288715906,872,872.0,pixel_count,18587.793866036896,18587.793866036896,565.400197327137,21.316277369308366,21.316277369308366,0.6483947217054323,18587.793866036896,18587.793866036896,565.400197327137,21.316277369308366,,0,,,,False,21.316277369308366,0.6483947217054323,46.6046028137207,50.19379806518555,48.44516487954621,21.113952837010597
PbI2,4.0,4.0,detector_qspace_per_pixel,detector_qr_band_per_qz_bin_fast,False,3,2.73777137567738,2.73777137567738,0,0,saved_q_group_rows_no_fit_points,+,+,0.13,54,1.7424332410673478,1.766566665458862,1.754499953263105,885,885.0,pixel_count,18967.466792127645,18967.466792127645,574.2284716367722,21.432165866810898,21.432165866810898,0.6488457306630194,18967.466792127645,18967.466792127645,574.2284716367722,21.432165866810898,,0,,,,False,21.432165866810898,0.6488457306630194,46.82809829711914,50.42485427856445,48.67311638442962,21.43184507111267
PbI2,4.0,4.0,detector_qspace_per_pixel,detector_qr_band_per_qz_bin_fast,False,3,2.73777137567738,2.73777137567738,0,0,saved_q_group_rows_no_fit_points,+,+,0.13,55,1.766566665458862,1.7907000898503767,1.7786333776546193,899,899.0,pixel_count,19485.209231844656,19485.209231844656,583.8754208683968,21.674315052107513,21.674315052107513,0.6494721033018874,19485.209231844656,19485.209231844656,583.8754208683968,21.674315052107513,,0,,,,False,21.674315052107513,0.6494721033018874,47.07166290283203,50.629241943359375,48.90119796490051,21.628993037664305
PbI2,4.0,4.0,detector_qspace_per_pixel,detector_qr_band_per_qz_bin_fast,False,3,2.73777137567738,2.73777137567738,0,0,saved_q_group_rows_no_fit_points,+,+,0.13,56,1.7907000898503767,1.8148335142418912,1.802766802046134,912,912.0,pixel_count,19840.624391677364,19840.624391677364,592.8834674358368,21.755070604909392,21.755070604909392,0.6500915213112246,19840.624391677364,19840.624391677364,592.8834674358368,21.755070604909392,,0,,,,False,21.755070604909392,0.6500915213112246,47.314674377441406,50.87549591064453,49.13295203123927,21.78128272066714
PbI2,4.0,4.0,detector_qspace_per_pixel,detector_qr_band_per_qz_bin_fast,False,3,2.73777137567738,2.73777137567738,0,0,saved_q_group_rows_no_fit_points,+,+,0.13,57,1.8148335142418912,1.8389669386334055,1.8269002264376484,927,927.0,pixel_count,20380.97128346312,20380.97128346312,603.1875512003899,21.98594528960423,21.98594528960423,0.6506877574977237,20380.97128346312,20380.97128346312,603.1875512003899,21.98594528960423,,0,,,,False,21.98594528960423,0.6506877574977237,47.50835418701172,51.095760345458984,49.3690666089421,21.881224563823785
PbI2,4.0,4.0,detector_qspace_per_pixel,detector_qr_band_per_qz_bin_fast,False,3,2.73777137567738,2.73777137567738,0,0,saved_q_group_rows_no_fit_points,+,+,0.13,58,1.8389669386334055,1.8631003630249203,1.851033650829163,949,949.0,pixel_count,20812.916498686132,20812.916498686132,618.4450463056564,21.931418860575484,21.931418860575484,0.6516807653378888,20812.916498686132,20812.916498686132,618.4450463056564,21.931418860575484,,0,,,,False,21.931418860575484,0.6516807653378888,47.75045394897461,51.340049743652344,49.602420950735464,21.84916724495377
PbI2,4.0,4.0,detector_qspace_per_pixel,detector_qr_band_per_qz_bin_fast,False,3,2.73777137567738,2.73777137567738,0,0,saved_q_group_rows_no_fit_points,+,+,0.13,59,1.8631003630249203,1.8872337874164347,1.8751670752206775,958,958.0,pixel_count,20834.373794712297,20834.373794712297,625.0680457353592,21.747780579031627,21.747780579031627,0.6524718640243833,20834.373794712297,20834.373794712297,625.0680457353592,21.747780579031627,,0,,,,False,21.747780579031627,0.6524718640243833,47.991817474365234,51.583091735839844,49.84471246261303,21.660452303545704
PbI2,4.0,4.0,detector_qspace_per_pixel,detector_qr_band_per_qz_bin_fast,False,3,2.73777137567738,2.73777137567738,0,0,saved_q_group_rows_no_fit_points,+,+,0.13,60,1.8872337874164347,1.9113672118079492,1.8993004996121918,979,979.0,pixel_count,20782.204554104705,20782.204554104705,640.2048227787018,21.227992394386828,21.227992394386828,0.6539375104991847,20782.204554104705,20782.204554104705,640.2048227787018,21.227992394386828,,0,,,,False,21.227992394386828,0.6539375104991847,48.23237991333008,51.801109313964844,50.07635076945566,21.453640161347717
PbI2,4.0,4.0,detector_qspace_per_pixel,detector_qr_band_per_qz_bin_fast,False,3,2.73777137567738,2.73777137567738,0,0,saved_q_group_rows_no_fit_points,+,+,0.13,61,1.9113672118079492,1.935500636199464,1.9234339240037066,995,995.0,pixel_count,21320.501304568865,21320.501304568865,651.6899723410606,21.427639502079263,21.427639502079263,0.654964796322674,21320.501304568865,21320.501304568865,651.6899723410606,21.427639502079263,,0,,,,False,21.427639502079263,0.654964796322674,48.519195556640625,52.04188919067383,50.32394720090349,21.39049862491418
PbI2,4.0,4.0,detector_qspace_per_pixel,detector_qr_band_per_qz_bin_fast,False,3,2.73777137567738,2.73777137567738,0,0,saved_q_group_rows_no_fit_points,+,+,0.13,62,1.935500636199464,1.9596340605909783,1.9475673483952212,1015,1015.0,pixel_count,21719.934076581845,21719.934076581845,666.1351179480553,21.398949829144676,21.398949829144676,0.6562907565990692,21719.934076581845,21719.934076581845,666.1351179480553,21.398949829144676,,0,,,,False,21.398949829144676,0.6562907565990692,48.757606506347656,52.29826354980469,50.57210063695052,21.37864707542264
PbI2,4.0,4.0,detector_qspace_per_pixel,detector_qr_band_per_qz_bin_fast,False,3,2.73777137567738,2.73777137567738,0,0,saved_q_group_rows_no_fit_points,+,+,0.13,63,1.9596340605909783,1.9837674849824927,1.9717007727867355,1030,1030.0,pixel_count,22091.531996437032,22091.531996437032,677.950727045536,21.448089316929156,21.448089316929156,0.6582045893645981,22091.531996437032,22091.531996437032,677.950727045536,21.448089316929156,,0,,,,False,21.448089316929156,0.6582045893645981,49.01571273803711,52.536216735839844,50.809497825692304,21.25619185036353
PbI2,4.0,4.0,detector_qspace_per_pixel,detector_qr_band_per_qz_bin_fast,False,3,2.73777137567738,2.73777137567738,0,0,saved_q_group_rows_no_fit_points,+,+,0.13,64,1.9837674849824927,2.0079009093740074,1.99583419717825,1053,1053.0,pixel_count,21966.560396442415,21966.560396442415,694.7693290114403,20.86093105075253,20.86093105075253,0.6597999325844637,21966.560396442415,21966.560396442415,694.7693290114403,20.86093105075253,,0,,,,False,20.86093105075253,0.6597999325844637,49.272769927978516,52.76736068725586,51.06437913604107,21.010727959134783
PbI2,4.0,4.0,detector_qspace_per_pixel,detector_qr_band_per_qz_bin_fast,False,3,2.73777137567738,2.73777137567738,0,0,saved_q_group_rows_no_fit_points,+,+,0.13,65,2.0079009093740074,2.032034333765522,2.019967621569765,1070,1070.0,pixel_count,22331.07080971273,22331.07080971273,708.1009265184402,20.870159635245543,20.870159635245543,0.6617765668396638,22331.07080971273,22331.07080971273,708.1009265184402,20.870159635245543,,0,,,,False,20.870159635245543,0.6617765668396638,49.50813293457031,53.019569396972656,51.31522574919928,20.759012457971657
PbI2,4.0,4.0,detector_qspace_per_pixel,detector_qr_band_per_qz_bin_fast,False,3,2.73777137567738,2.73777137567738,0,0,saved_q_group_rows_no_fit_points,+,+,0.13,66,2.032034333765522,2.056167758157036,2.0441010459612787,1101,1101.0,pixel_count,22486.903319518933,22486.903319518933,731.286573112011,20.424072043159793,20.424072043159793,0.6642021554150872,22486.903319518933,22486.903319518933,731.286573112011,20.424072043159793,,0,,,,False,20.424072043159793,0.6642021554150872,49.76295852661133,53.27015686035156,51.564611890835806,20.497085243378475
PbI2,4.0,4.0,detector_qspace_per_pixel,detector_qr_band_per_qz_bin_fast,False,3,2.73777137567738,2.73777137567738,0,0,saved_q_group_rows_no_fit_points,+,+,0.13,67,2.056167758157036,2.080301182548551,2.0682344703527935,1110,1110.0,pixel_count,22556.953849382488,22556.953849382488,739.7413395643234,20.321580044488726,20.321580044488726,0.6664336392471383,22556.953849382488,22556.953849382488,739.7413395643234,20.321580044488726,,0,,,,False,20.321580044488726,0.6664336392471383,50.016571044921875,53.51908874511719,51.827111648458086,20.203008150010074
PbI2,4.0,4.0,detector_qspace_per_pixel,detector_qr_band_per_qz_bin_fast,False,3,2.73777137567738,2.73777137567738,0,0,saved_q_group_rows_no_fit_points,+,+,0.13,68,2.080301182548551,2.1044346069400652,2.0923678947443083,1138,1138.0,pixel_count,22517.149234787306,22517.149234787306,761.9603278636932,19.786598624593417,19.786598624593417,0.6695609207941066,22517.149234787306,22517.149234787306,761.9603278636932,19.786598624593417,,0,,,,False,19.786598624593417,0.6695609207941066,50.268917083740234,53.76633071899414,52.074182234485995,19.86388290453427
PbI2,4.0,4.0,detector_qspace_per_pixel,detector_qr_band_per_qz_bin_fast,False,3,2.73777137567738,2.73777137567738,0,0,saved_q_group_rows_no_fit_points,+,+,0.13,69,2.1044346069400652,2.1285680313315796,2.116501319135822,1166,1166.0,pixel_count,22816.463590938758,22816.463590938758,784.1340442895889,19.568150592571833,19.568150592571833,0.672499180351277,22816.463590938758,22816.463590938758,784.1340442895889,19.568150592571833,,0,,,,False,19.568150592571833,0.672499180351277,50.56349563598633,54.02851486206055,52.33780481843755,19.523449031711024
PbI2,4.0,4.0,detector_qspace_per_pixel,detector_qr_band_per_qz_bin_fast,False,3,2.73777137567738,2.73777137567738,0,0,saved_q_group_rows_no_fit_points,+,+,0.13,70,2.1285680313315796,2.1527014557230943,2.140634743527337,1181,1181.0,pixel_count,22610.324989560668,22610.324989560668,798.1349071860313,19.145067730364662,19.145067730364662,0.6758127918594677,22610.324989560668,22610.324989560668,798.1349071860313,19.145067730364662,,0,,,,False,19.145067730364662,0.6758127918594677,50.83303451538086,54.272212982177734,52.60029697573072,19.19900500343192
PbI2,4.0,4.0,detector_qspace_per_pixel,detector_qr_band_per_qz_bin_fast,False,3,2.73777137567738,2.73777137567738,0,0,saved_q_group_rows_no_fit_points,+,+,0.13,71,2.1527014557230943,2.1768348801146087,2.1647681679188517,1214,1214.0,pixel_count,22958.852744997504,22958.852744997504,825.080187022686,18.911740317131386,18.911740317131386,0.679637715834173,22958.852744997504,22958.852744997504,825.080187022686,18.911740317131386,,0,,,,False,18.911740317131386,0.679637715834173,51.08080291748047,54.53065490722656,52.86097731919116,18.907129350911113
PbI2,4.0,4.0,detector_qspace_per_pixel,detector_qr_band_per_qz_bin_fast,False,3,2.73777137567738,2.73777137567738,0,0,saved_q_group_rows_no_fit_points,+,+,0.13,72,2.1768348801146087,2.200968304506123,2.1889015923103656,1235,1235.0,pixel_count,22983.82075129404,22983.82075129404,844.3459209799767,18.610381175136872,18.610381175136872,0.6836809076760945,22983.82075129404,22983.82075129404,844.3459209799767,18.610381175136872,,0,,,,False,18.610381175136872,0.6836809076760945,51.3472900390625,54.787139892578125,53.12801372624407,18.651298077799527
PbI2,4.0,4.0,detector_qspace_per_pixel,detector_qr_band_per_qz_bin_fast,False,3,2.73777137567738,2.73777137567738,0,0,saved_q_group_rows_no_fit_points,+,+,0.13,73,2.200968304506123,2.225101728897638,2.2130350167018804,1268,1268.0,pixel_count,23421.321538717046,23421.321538717046,872.6946198940277,18.471073768704294,18.471073768704294,0.6882449683706843,23421.321538717046,23421.321538717046,872.6946198940277,18.471073768704294,,0,,,,False,18.471073768704294,0.6882449683706843,51.63369369506836,55.07697677612305,53.393269689670404,18.414537270682576
PbI2,4.0,4.0,detector_qspace_per_pixel,detector_qr_band_per_qz_bin_fast,False,3,2.73777137567738,2.73777137567738,0,0,saved_q_group_rows_no_fit_points,+,+,0.13,74,2.225101728897638,2.2492351532891526,2.237168441093395,1288,1288.0,pixel_count,23263.01217571063,23263.01217571063,892.6937393546104,18.061344856918193,18.061344856918193,0.6930852013622751,23263.01217571063,23263.01217571063,892.6937393546104,18.061344856918193,,0,,,,False,18.061344856918193,0.6930852013622751,51.896480560302734,55.32902526855469,53.66453262410415,18.205717586215968
PbI2,4.0,4.0,detector_qspace_per_pixel,detector_qr_band_per_qz_bin_fast,False,3,2.73777137567738,2.73777137567738,0,0,saved_q_group_rows_no_fit_points,+,+,0.13,75,2.2492351532891526,2.273368577680667,2.26130186548491,1324,1324.0,pixel_count,24103.52186062202,24103.52186062202,924.8755794167519,18.205076934004545,18.205076934004545,0.6985465101334983,24103.52186062202,24103.52186062202,924.8755794167519,18.205076934004545,,0,,,,False,18.205076934004545,0.6985465101334983,52.15754699707031,55.59520721435547,53.93256186693447,18.023056752907138
PbI2,4.0,4.0,detector_qspace_per_pixel,detector_qr_band_per_qz_bin_fast,False,3,2.73777137567738,2.73777137567738,0,0,saved_q_group_rows_no_fit_points,+,+,0.13,76,2.273368577680667,2.2975020020721817,2.2854352898764243,1349,1349.0,pixel_count,23834.395627434133,23834.395627434133,950.2332136631012,17.668195424339608,17.668195424339608,0.7043982310326917,23834.395627434133,23834.395627434133,950.2332136631012,17.668195424339608,,0,,,,False,17.668195424339608,0.7043982310326917,52.45700454711914,55.85914611816406,54.2053027319085,17.798967402604717
PbI2,4.0,4.0,detector_qspace_per_pixel,detector_qr_band_per_qz_bin_fast,False,3,2.73777137567738,2.73777137567738,0,0,saved_q_group_rows_no_fit_points,+,+,0.13,77,2.2975020020721817,2.321635426463696,2.3095687142679386,1387,1387.0,pixel_count,24495.369085088205,24495.369085088205,985.8287523388863,17.660684271873254,17.660684271873254,0.7107633398261617,24495.369085088205,24495.369085088205,985.8287523388863,17.660684271873254,,0,,,,False,17.660684271873254,0.7107633398261617,52.73370361328125,56.13834762573242,54.48191148782614,17.58285862889749
PbI2,4.0,4.0,detector_qspace_per_pixel,detector_qr_band_per_qz_bin_fast,False,3,2.73777137567738,2.73777137567738,0,0,saved_q_group_rows_no_fit_points,+,+,0.13,78,2.321635426463696,2.3457688508552104,2.3337021386594534,1420,1420.0,pixel_count,24546.457888460554,24546.457888460554,1019.2761548757553,17.28623794962011,17.28623794962011,0.7178001090674333,24546.457888460554,24546.457888460554,1019.2761548757553,17.28623794962011,,0,,,,False,17.28623794962011,0.7178001090674333,52.988826751708984,56.41322326660156,54.75635586424416,17.40818951524067
PbI2,4.0,4.0,detector_qspace_per_pixel,detector_qr_band_per_qz_bin_fast,False,3,2.73777137567738,2.73777137567738,0,0,saved_q_group_rows_no_fit_points,+,+,0.13,79,2.3457688508552104,2.369902275246725,2.3578355630509678,1454,1454.0,pixel_count,25178.598829565937,25178.598829565937,1054.6657348275185,17.316780488009584,17.316780488009584,0.725354700706684,25178.598829565937,25178.598829565937,1054.6657348275185,17.316780488009584,,0,,,,False,17.316780488009584,0.725354700706684,53.300148010253906,56.6698112487793,55.03525871929127,17.31132571736495
PbI2,4.0,4.0,detector_qspace_per_pixel,detector_qr_band_per_qz_bin_fast,False,3,2.73777137567738,2.73777137567738,0,0,saved_q_group_rows_no_fit_points,+,+,0.13,80,2.369902275246725,2.3940356996382395,2.381968987442482,1489,1489.0,pixel_count,25732.556871989957,25732.556871989957,1092.2563350200653,17.28177090126928,17.28177090126928,0.7335502585762695,25732.556871989957,25732.556871989957,1092.2563350200653,17.28177090126928,,0,,,,False,17.28177090126928,0.7335502585762695,53.57024383544922,56.956199645996094,55.3171503797811,17.248149759427278
PbI2,4.0,4.0,detector_qspace_per_pixel,detector_qr_band_per_qz_bin_fast,False,3,2.73777137567738,2.73777137567738,0,0,saved_q_group_rows_no_fit_points,+,+,0.13,81,2.3940356996382395,2.418169124029754,2.406102411833997,1529,1529.0,pixel_count,26234.68390244881,26234.68390244881,1135.315728366375,17.158066646467503,17.158066646467503,0.7425217320905003,26234.68390244881,26234.68390244881,1135.315728366375,17.158066646467503,,0,,,,False,17.158066646467503,0.7425217320905003,53.838199615478516,57.25481033325195,55.59720477338748,17.16309817979672
PbI2,4.0,4.0,detector_qspace_per_pixel,detector_qr_band_per_qz_bin_fast,False,3,2.73777137567738,2.73777137567738,0,0,saved_q_group_rows_no_fit_points,+,+,0.13,82,2.418169124029754,2.4423025484212686,2.430235836225511,1567,1567.0,pixel_count,26699.141669570996,26699.141669570996,1178.6702970862389,17.038380133740265,17.038380133740265,0.7521827039478232,26699.141669570996,26699.141669570996,1178.6702970862389,17.038380133740265,,0,,,,False,17.038380133740265,0.7521827039478232,54.141075134277344,57.51874923706055,55.881233334118924,17.095948485602165
PbI2,4.0,4.0,detector_qspace_per_pixel,detector_qr_band_per_qz_bin_fast,False,3,2.73777137567738,2.73777137567738,0,0,saved_q_group_rows_no_fit_points,+,+,0.13,83,2.4423025484212686,2.466435972812783,2.4543692606170255,1609,1609.0,pixel_count,27452.562098777038,27452.562098777038,1227.1287778019905,17.061878246598532,17.061878246598532,0.7626654927296398,27452.562098777038,27452.562098777038,1227.1287778019905,17.061878246598532,,0,,,,False,17.061878246598532,0.7626654927296398,54.44072341918945,57.81076431274414,56.16609202099403,17.111044293548836
PbI2,4.0,4.0,detector_qspace_per_pixel,detector_qr_band_per_qz_bin_fast,False,3,2.73777137567738,2.73777137567738,0,0,saved_q_group_rows_no_fit_points,+,+,0.13,84,2.466435972812783,2.4905693972042973,2.4785026850085403,1647,1647.0,pixel_count,28262.761327447115,28262.761327447115,1274.769755423069,17.1601465254688,17.1601465254688,0.7739949941852271,28262.761327447115,28262.761327447115,1274.769755423069,17.1601465254688,,0,,,,False,17.1601465254688,0.7739949941852271,54.7198486328125,58.06903839111328,56.45284694822691,17.245786442940613
PbI2,4.0,4.0,detector_qspace_per_pixel,detector_qr_band_per_qz_bin_fast,False,3,2.73777137567738,2.73777137567738,0,0,saved_q_group_rows_no_fit_points,+,+,0.13,85,2.4905693972042973,2.514702821595812,2.5026361094000547,1697,1697.0,pixel_count,29611.951495675374,29611.951495675374,1334.188501894474,17.449588388730334,17.449588388730334,0.7862041849702263,29611.951495675374,29611.951495675374,1334.188501894474,17.449588388730334,,0,,,,False,17.449588388730334,0.7862041849702263,54.996463775634766,58.369422912597656,56.74366493101079,17.52169369828194
PbI2,4.0,4.0,detector_qspace_per_pixel,detector_qr_band_per_qz_bin_fast,False,3,2.73777137567738,2.73777137567738,0,0,saved_q_group_rows_no_fit_points,+,+,0.13,86,2.514702821595812,2.5388362459873264,2.526769533791569,1737,1737.0,pixel_count,31115.43237238748,31115.43237238748,1388.6649302244186,17.913317427972068,17.913317427972068,0.7994616754314442,31115.43237238748,31115.43237238748,1388.6649302244186,17.913317427972068,,0,,,,False,17.913317427972068,0.7994616754314442,55.30552673339844,58.651153564453125,57.030041244255884,17.911988224364947
PbI2,4.0,4.0,detector_qspace_per_pixel,detector_qr_band_per_qz_bin_fast,False,3,2.73777137567738,2.73777137567738,0,0,saved_q_group_rows_no_fit_points,+,+,0.13,87,2.5388362459873264,2.5629696703788407,2.5509029581830838,1805,1805.0,pixel_count,33028.359752566554,33028.359752566554,1468.5968024134636,18.298260250729392,18.298260250729392,0.8136270373481793,33028.359752566554,33028.359752566554,1468.5968024134636,18.298260250729392,,0,,,,False,18.298260250729392,0.8136270373481793,55.629215240478516,58.9299430847168,57.3318929728799,18.370330389114333
PbI2,4.0,4.0,detector_qspace_per_pixel,detector_qr_band_per_qz_bin_fast,False,3,2.73777137567738,2.73777137567738,0,0,saved_q_group_rows_no_fit_points,+,+,0.13,88,2.5629696703788407,2.5871030947703555,2.575036382574598,1834,1834.0,pixel_count,34762.08947012815,34762.08947012815,1520.591331899166,18.954247257430833,18.954247257430833,0.8291119585055431,34762.08947012815,34762.08947012815,1520.591331899166,18.954247257430833,,0,,,,False,18.954247257430833,0.8291119585055431,55.89704513549805,59.219337463378906,57.6227878956871,18.85584170308791
PbI2,4.0,4.0,detector_qspace_per_pixel,detector_qr_band_per_qz_bin_fast,False,3,2.73777137567738,2.73777137567738,0,0,saved_q_group_rows_no_fit_points,+,+,0.13,89,2.5871030947703555,2.61123651916187,2.5991698069661124,1900,1900.0,pixel_count,36532.25530908347,36532.25530908347,1606.718311369419,19.22750279425446,19.22750279425446,0.8456412165102206,36532.25530908347,36532.25530908347,1606.718311369419,19.22750279425446,,0,,,,False,19.22750279425446,0.8456412165102206,56.213565826416016,59.5192985534668,57.91646879316119,19.335289543523373
PbI2,4.0,4.0,detector_qspace_per_pixel,detector_qr_band_per_qz_bin_fast,False,3,2.73777137567738,2.73777137567738,0,0,saved_q_group_rows_no_fit_points,+,+,0.13,90,2.61123651916187,2.635369943553384,2.623303231357627,1954,1954.0,pixel_count,38866.63519898411,38866.63519898411,1687.1996755599976,19.89080614072882,19.89080614072882,0.8634594040736937,38866.63519898411,38866.63519898411,1687.1996755599976,19.89080614072882,,0,,,,False,19.89080614072882,0.8634594040736937,56.511043548583984,59.81515884399414,58.216708578217435,19.815718123302823
PbI2,4.0,4.0,detector_qspace_per_pixel,detector_qr_band_per_qz_bin_fast,False,3,2.73777137567738,2.73777137567738,0,0,saved_q_group_rows_no_fit_points,+,+,0.13,91,2.635369943553384,2.659503367944899,2.6474366557491416,2014,2014.0,pixel_count,41165.23245040354,41165.23245040354,1777.6468659043312,20.439539449058362,20.439539449058362,0.882644918522508,41165.23245040354,41165.23245040354,1777.6468659043312,20.439539449058362,,0,,,,False,20.439539449058362,0.882644918522508,56.81999969482422,60.10694122314453,58.51470032633739,20.06404620176495
PbI2,4.0,4.0,detector_qspace_per_pixel,detector_qr_band_per_qz_bin_fast,False,3,2.73777137567738,2.73777137567738,0,0,saved_q_group_rows_no_fit_points,+,+,0.13,92,2.659503367944899,2.6836367923364137,2.6715700801406563,2077,2077.0,pixel_count,41937.61392368369,41937.61392368369,1876.0521793365479,20.191436650786564,20.191436650786564,0.9032509289054155,41937.61392368369,41937.61392368369,1876.0521793365479,20.191436650786564,,0,,,,False,20.191436650786564,0.9032509289054155,57.11063766479492,60.40854263305664,58.8150237355325,19.674070803947362
PbI2,4.0,4.0,detector_qspace_per_pixel,detector_qr_band_per_qz_bin_fast,False,3,2.73777137567738,2.73777137567738,0,0,saved_q_group_rows_no_fit_points,+,+,0.13,93,2.6836367923364137,2.707770216727928,2.6957035045321707,2142,2142.0,pixel_count,40035.323647979414,40035.323647979414,1982.0829728841782,18.69062728663838,18.69062728663838,0.9253421908889721,40035.323647979414,40035.323647979414,1982.0829728841782,18.69062728663838,,0,,,,False,18.69062728663838,0.9253421908889721,57.429195404052734,60.70578384399414,59.11927579356775,18.56552801258961
PbI2,4.0,4.0,detector_qspace_per_pixel,detector_qr_band_per_qz_bin_fast,False,3,2.73777137567738,2.73777137567738,0,0,saved_q_group_rows_no_fit_points,+,+,0.13,94,2.707770216727928,2.731903641119443,2.7198369289236854,2212,2212.0,pixel_count,37565.10403149085,37565.10403149085,2099.2310547828674,16.982415927437096,16.982415927437096,0.9490194641875531,37565.10403149085,37565.10403149085,2099.2310547828674,16.982415927437096,,0,,,,False,16.982415927437096,0.9490194641875531,57.743431091308594,60.99870300292969,59.42505562734959,17.176503085010353
PbI2,4.0,4.0,detector_qspace_per_pixel,detector_qr_band_per_qz_bin_fast,False,3,2.73777137567738,2.73777137567738,0,0,saved_q_group_rows_no_fit_points,+,+,0.13,95,2.731903641119443,2.756037065510957,2.7439703533152002,2282,2282.0,pixel_count,35968.398336949685,35968.398336949685,2223.4508043527603,15.761787176577426,15.761787176577426,0.9743430343351273,35968.398336949685,35968.398336949685,2223.4508043527603,15.761787176577426,,0,,,,False,15.761787176577426,0.9743430343351273,58.0400505065918,61.30068588256836,59.72952306018456,16.02312428568762
PbI2,4.0,4.0,detector_qspace_per_pixel,detector_qr_band_per_qz_bin_fast,False,3,2.73777137567738,2.73777137567738,0,0,saved_q_group_rows_no_fit_points,+,+,0.13,96,2.756037065510957,2.7801704899024715,2.768103777706714,2358,2358.0,pixel_count,35499.692590831466,35499.692590831466,2361.2418532967567,15.05500109874108,15.05500109874108,1.0013748317628315,35499.692590831466,35499.692590831466,2361.2418532967567,15.05500109874108,,0,,,,False,15.05500109874108,1.0013748317628315,58.36259841918945,61.62240982055664,60.03739791248975,15.346886451918927
PbI2,4.0,4.0,detector_qspace_per_pixel,detector_qr_band_per_qz_bin_fast,False,4,3.1613060814539744,3.1613060814539744,0,0,saved_q_group_rows_no_fit_points,-,-,0.13,1,0.46336174831707855,0.48749517270859305,0.4754284605128358,717,717.0,pixel_count,15871.948637113468,15871.948637113468,460.36854696273804,22.13660897784305,22.13660897784305,0.6420760766565384,15871.948637113468,15871.948637113468,460.36854696273804,22.13660897784305,,0,,,,False,22.13660897784305,0.6420760766565384,44.4716911315918,48.42624282836914,46.52473895163288,22.269828381093326
PbI2,4.0,4.0,detector_qspace_per_pixel,detector_qr_band_per_qz_bin_fast,False,4,3.1613060814539744,3.1613060814539744,0,0,saved_q_group_rows_no_fit_points,-,-,0.13,2,0.48749517270859305,0.5116285971001077,0.4995618849043504,719,719.0,pixel_count,16163.036829547178,16163.036829547178,463.48231840133667,22.479884324822223,22.479884324822223,0.6446207488196616,16163.036829547178,16163.036829547178,463.48231840133667,22.479884324822223,,0,,,,False,22.479884324822223,0.6446207488196616,44.5428581237793,48.490901947021484,46.5906954944244,22.547302175741375
PbI2,4.0,4.0,detector_qspace_per_pixel,detector_qr_band_per_qz_bin_fast,False,4,3.1613060814539744,3.1613060814539744,0,0,saved_q_group_rows_no_fit_points,-,-,0.13,3,0.5116285971001077,0.5357620214916221,0.5236953092958649,725,725.0,pixel_count,16645.685195518283,16645.685195518283,468.292868077755,22.959565786921768,22.959565786921768,0.6459211973486275,16645.685195518283,16645.685195518283,468.292868077755,22.959565786921768,,0,,,,False,22.959565786921768,0.6459211973486275,44.62151336669922,48.59031295776367,46.68452529291448,22.945914942508367
PbI2,4.0,4.0,detector_qspace_per_pixel,detector_qr_band_per_qz_bin_fast,False,4,3.1613060814539744,3.1613060814539744,0,0,saved_q_group_rows_no_fit_points,-,-,0.13,4,0.5357620214916221,0.5598954458831366,0.5478287336873793,728,728.0,pixel_count,17019.246112428154,17019.246112428154,471.7842034101486,23.37808531926944,23.37808531926944,0.6480552244644898,17019.246112428154,17019.246112428154,471.7842034101486,23.37808531926944,,0,,,,False,23.37808531926944,0.6480552244644898,44.73418045043945,48.658138275146484,46.75512221782142,23.355162901298563
PbI2,4.0,4.0,detector_qspace_per_pixel,detector_qr_band_per_qz_bin_fast,False,4,3.1613060814539744,3.1613060814539744,0,0,saved_q_group_rows_no_fit_points,-,-,0.13,5,0.5598954458831366,0.5840288702746511,0.5719621580788938,732,732.0,pixel_count,17419.0912778111,17419.0912778111,474.88538962602615,23.79657278389495,23.79657278389495,0.648750532275992,17419.0912778111,17419.0912778111,474.88538962602615,23.79657278389495,,0,,,,False,23.79657278389495,0.648750532275992,44.816650390625,48.760353088378906,46.857664107211384,23.711276974716263
PbI2,4.0,4.0,detector_qspace_per_pixel,detector_qr_band_per_qz_bin_fast,False,4,3.1613060814539744,3.1613060814539744,0,0,saved_q_group_rows_no_fit_points,-,-,0.13,6,0.5840288702746511,0.6081622946661657,0.5960955824704084,739,739.0,pixel_count,17619.35095709314,17619.35095709314,480.73113280534744,23.842152851276236,23.842152851276236,0.6505157412792252,17619.35095709314,17619.35095709314,480.73113280534744,23.842152851276236,,0,,,,False,23.842152851276236,0.6505157412792252,44.8943977355957,48.83122253417969,46.93157882180313,24.09320776360942
PbI2,4.0,4.0,detector_qspace_per_pixel,detector_qr_band_per_qz_bin_fast,False,4,3.1613060814539744,3.1613060814539744,0,0,saved_q_group_rows_no_fit_points,-,-,0.13,7,0.6081622946661657,0.6322957190576802,0.620229006861923,745,745.0,pixel_count,18417.927716732574,18417.927716732574,484.9634370803833,24.722050626486677,24.722050626486677,0.6509576336649441,18417.927716732574,18417.927716732574,484.9634370803833,24.722050626486677,,0,,,,False,24.722050626486677,0.6509576336649441,44.98069763183594,48.93610382080078,47.03557388554007,24.60681515984978
PbI2,4.0,4.0,detector_qspace_per_pixel,detector_qr_band_per_qz_bin_fast,False,4,3.1613060814539744,3.1613060814539744,0,0,saved_q_group_rows_no_fit_points,-,-,0.13,8,0.6322957190576802,0.6564291434491947,0.6443624312534375,749,749.0,pixel_count,18834.50009820018,18834.50009820018,488.37364131212234,25.146195057677144,25.146195057677144,0.6520342340615786,18834.50009820018,18834.50009820018,488.37364131212234,25.146195057677144,,0,,,,False,25.146195057677144,0.6520342340615786,45.06161880493164,49.042179107666016,47.121535590818915,25.11933518519481
PbI2,4.0,4.0,detector_qspace_per_pixel,detector_qr_band_per_qz_bin_fast,False,4,3.1613060814539744,3.1613060814539744,0,0,saved_q_group_rows_no_fit_points,-,-,0.13,9,0.6564291434491947,0.6805625678407091,0.6684958556449518,754,754.0,pixel_count,19276.11307040825,19276.11307040825,491.9771100282669,25.565136698154177,25.565136698154177,0.6524895358465078,19276.11307040825,19276.11307040825,491.9771100282669,25.565136698154177,,0,,,,False,25.565136698154177,0.6524895358465078,45.18879699707031,49.117305755615234,47.22005705659149,25.584731610843917
PbI2,4.0,4.0,detector_qspace_per_pixel,detector_qr_band_per_qz_bin_fast,False,4,3.1613060814539744,3.1613060814539744,0,0,saved_q_group_rows_no_fit_points,-,-,0.13,10,0.6805625678407091,0.7046959922322237,0.6926292800364664,759,759.0,pixel_count,19686.7901564847,19686.7901564847,495.3982983827591,25.937799942667592,25.937799942667592,0.6526986803461912,19686.7901564847,19686.7901564847,495.3982983827591,25.937799942667592,,0,,,,False,25.937799942667592,0.6526986803461912,45.27260208129883,49.2258415222168,47.32287004647056,26.152020697155244
PbI2,4.0,4.0,detector_qspace_per_pixel,detector_qr_band_per_qz_bin_fast,False,4,3.1613060814539744,3.1613060814539744,0,0,saved_q_group_rows_no_fit_points,-,-,0.13,11,0.7046959922322237,0.7288294166237382,0.716762704427981,767,767.0,pixel_count,20660.30876582955,20660.30876582955,500.6234908103943,26.936517295736053,26.936517295736053,0.6527033778492755,20660.30876582955,20660.30876582955,500.6234908103943,26.936517295736053,,0,,,,False,26.936517295736053,0.6527033778492755,45.36594009399414,49.34214401245117,47.4299249443593,26.921295229878645
PbI2,4.0,4.0,detector_qspace_per_pixel,detector_qr_band_per_qz_bin_fast,False,4,3.1613060814539744,3.1613060814539744,0,0,saved_q_group_rows_no_fit_points,-,-,0.13,12,0.7288294166237382,0.7529628410152527,0.7408961288194955,772,772.0,pixel_count,21429.692335326923,21429.692335326923,503.92874413728714,27.758668828143684,27.758668828143684,0.6527574405923409,21429.692335326923,21429.692335326923,503.92874413728714,27.758668828143684,,0,,,,False,27.758668828143684,0.6527574405923409,45.49772262573242,49.42145919799805,47.53306933506409,27.81499635429587
PbI2,4.0,4.0,detector_qspace_per_pixel,detector_qr_band_per_qz_bin_fast,False,4,3.1613060814539744,3.1613060814539744,0,0,saved_q_group_rows_no_fit_points,-,-,0.13,13,0.7529628410152527,0.7770962654067672,0.76502955321101,776,776.0,pixel_count,22279.83043118676,22279.83043118676,506.509270131588,28.71112168967366,28.71112168967366,0.6527181316128711,22279.83043118676,22279.83043118676,506.509270131588,28.71112168967366,,0,,,,False,28.71112168967366,0.6527181316128711,45.58579635620117,49.533531188964844,47.63687407177219,28.798428769286296
PbI2,4.0,4.0,detector_qspace_per_pixel,detector_qr_band_per_qz_bin_fast,False,4,3.1613060814539744,3.1613060814539744,0,0,saved_q_group_rows_no_fit_points,-,-,0.13,14,0.7770962654067672,0.8012296897982817,0.7891629776025244,783,783.0,pixel_count,23468.250061749317,23468.250061749317,510.5677589774132,29.972222301084695,29.972222301084695,0.6520661034194294,23468.250061749317,23468.250061749317,510.5677589774132,29.972222301084695,,0,,,,False,29.972222301084695,0.6520661034194294,45.72025680541992,49.653900146484375,47.75651004082297,29.79487012182651
PbI2,4.0,4.0,detector_qspace_per_pixel,detector_qr_band_per_qz_bin_fast,False,4,3.1613060814539744,3.1613060814539744,0,0,saved_q_group_rows_no_fit_points,-,-,0.13,15,0.8012296897982817,0.8253631141897962,0.813296401994039,793,793.0,pixel_count,24372.61626188053,24372.61626188053,516.7966673374176,30.73469894310281,30.73469894310281,0.6516981933637044,24372.61626188053,24372.61626188053,516.7966673374176,30.73469894310281,,0,,,,False,30.73469894310281,0.6516981933637044,45.82008361816406,49.768070220947266,47.867766511343966,30.567793872817745
PbI2,4.0,4.0,detector_qspace_per_pixel,detector_qr_band_per_qz_bin_fast,False,4,3.1613060814539744,3.1613060814539744,0,0,saved_q_group_rows_no_fit_points,-,-,0.13,16,0.8253631141897962,0.8494965385813108,0.8374298263855535,792,792.0,pixel_count,24816.8770437115,24816.8770437115,515.8867495059967,31.334440711756947,31.334440711756947,0.6513721584671676,24816.8770437115,24816.8770437115,515.8867495059967,31.334440711756947,,0,,,,False,31.334440711756947,0.6513721584671676,45.957298278808594,49.883140563964844,47.97598647024851,30.878122807098674
PbI2,4.0,4.0,detector_qspace_per_pixel,detector_qr_band_per_qz_bin_fast,False,4,3.1613060814539744,3.1613060814539744,0,0,saved_q_group_rows_no_fit_points,-,-,0.13,17,0.8494965385813108,0.8736299629728252,0.8615632507770681,806,806.0,pixel_count,24746.96810008032,24746.96810008032,524.1205246448517,30.703434367345313,30.703434367345313,0.6502736037777316,24746.96810008032,24746.96810008032,524.1205246448517,30.703434367345313,,0,,,,False,30.703434367345313,0.6502736037777316,46.06024169921875,50.00697708129883,48.10655666873653,30.65938779640073
PbI2,4.0,4.0,detector_qspace_per_pixel,detector_qr_band_per_qz_bin_fast,False,4,3.1613060814539744,3.1613060814539744,0,0,saved_q_group_rows_no_fit_points,-,-,0.13,18,0.8736299629728252,0.8977633873643397,0.8856966751685824,814,814.0,pixel_count,24508.369024064425,24508.369024064425,528.8123115301132,30.1085614546246,30.1085614546246,0.6496465743613185,24508.369024064425,24508.369024064425,528.8123115301132,30.1085614546246,,0,,,,False,30.1085614546246,0.6496465743613185,46.20001220703125,50.132022857666016,48.222929427462816,30.210786414638704
PbI2,4.0,4.0,detector_qspace_per_pixel,detector_qr_band_per_qz_bin_fast,False,4,3.1613060814539744,3.1613060814539744,0,0,saved_q_group_rows_no_fit_points,-,-,0.13,19,0.8977633873643397,0.9218968117558544,0.909830099560097,815,815.0,pixel_count,24366.54496128591,24366.54496128591,528.5192091464996,29.89760117949191,29.89760117949191,0.6484898271736191,24366.54496128591,24366.54496128591,528.5192091464996,29.89760117949191,,0,,,,False,29.89760117949191,0.6484898271736191,46.30588912963867,50.249916076660156,48.35488698641792,29.769899186007223
PbI2,4.0,4.0,detector_qspace_per_pixel,detector_qr_band_per_qz_bin_fast,False,4,3.1613060814539744,3.1613060814539744,0,0,saved_q_group_rows_no_fit_points,-,-,0.13,20,0.9218968117558544,0.9460302361473689,0.9339635239516116,826,826.0,pixel_count,23999.27006052995,23999.27006052995,535.0167687535286,29.054806368680328,29.054806368680328,0.6477200590236424,23999.27006052995,23999.27006052995,535.0167687535286,29.054806368680328,,0,,,,False,29.054806368680328,0.6477200590236424,46.448020935058594,50.377037048339844,48.475848830731756,29.421493123743915
PbI2,4.0,4.0,detector_qspace_per_pixel,detector_qr_band_per_qz_bin_fast,False,4,3.1613060814539744,3.1613060814539744,0,0,saved_q_group_rows_no_fit_points,-,-,0.13,21,0.9460302361473689,0.9701636605388833,0.9580969483431261,832,832.0,pixel_count,24573.92558222171,24573.92558222171,537.9068542718887,29.53596824786263,29.53596824786263,0.6465226613844817,24573.92558222171,24573.92558222171,537.9068542718887,29.53596824786263,,0,,,,False,29.53596824786263,0.6465226613844817,46.59113311767578,50.505218505859375,48.6101750129534,29.20649795157678
PbI2,4.0,4.0,detector_qspace_per_pixel,detector_qr_band_per_qz_bin_fast,False,4,3.1613060814539744,3.1613060814539744,0,0,saved_q_group_rows_no_fit_points,-,-,0.13,22,0.9701636605388833,0.9942970849303978,0.9822303727346405,841,841.0,pixel_count,24170.25814102573,24170.25814102573,542.8276478648186,28.739902664715494,28.739902664715494,0.6454549915158366,24170.25814102573,24170.25814102573,542.8276478648186,28.739902664715494,,0,,,,False,28.739902664715494,0.6454549915158366,46.700958251953125,50.62558364868164,48.741766426988605,28.98318517994145
PbI2,4.0,4.0,detector_qspace_per_pixel,detector_qr_band_per_qz_bin_fast,False,4,3.1613060814539744,3.1613060814539744,0,0,saved_q_group_rows_no_fit_points,-,-,0.13,23,0.9942970849303978,1.0184305093219124,1.0063637971261552,850,850.0,pixel_count,24472.37123682522,24472.37123682522,547.7561336159706,28.791024984500257,28.791024984500257,0.6444189807246713,24472.37123682522,24472.37123682522,547.7561336159706,28.791024984500257,,0,,,,False,28.791024984500257,0.6444189807246713,46.84614944458008,50.75558090209961,48.87410660733047,28.890930181521213
PbI2,4.0,4.0,detector_qspace_per_pixel,detector_qr_band_per_qz_bin_fast,False,4,3.1613060814539744,3.1613060814539744,0,0,saved_q_group_rows_no_fit_points,-,-,0.13,24,1.0184305093219124,1.0425639337134267,1.0304972215176695,857,857.0,pixel_count,24855.708805242783,24855.708805242783,551.0683631896973,29.003160799583178,29.003160799583178,0.6430202604313854,24855.708805242783,24855.708805242783,551.0683631896973,29.003160799583178,,0,,,,False,29.003160799583178,0.6430202604313854,47.00348663330078,50.91547775268555,49.0189084866738,28.972668862078997
PbI2,4.0,4.0,detector_qspace_per_pixel,detector_qr_band_per_qz_bin_fast,False,4,3.1613060814539744,3.1613060814539744,0,0,saved_q_group_rows_no_fit_points,-,-,0.13,25,1.0425639337134267,1.0666973581049413,1.0546306459091839,870,870.0,pixel_count,25339.19601588351,25339.19601588351,558.3584714531898,29.12551266193507,29.12551266193507,0.6417913464979194,25339.19601588351,25339.19601588351,558.3584714531898,29.12551266193507,,0,,,,False,29.12551266193507,0.6417913464979194,47.150489807128906,51.04705810546875,49.1605235347154,29.032217983161228
PbI2,4.0,4.0,detector_qspace_per_pixel,detector_qr_band_per_qz_bin_fast,False,4,3.1613060814539744,3.1613060814539744,0,0,saved_q_group_rows_no_fit_points,-,-,0.13,26,1.0666973581049413,1.090830782496456,1.0787640703006987,873,873.0,pixel_count,25407.782240171695,25407.782240171695,559.2888963222504,29.10398882035704,29.10398882035704,0.6406516567265181,25407.782240171695,25407.782240171695,559.2888963222504,29.10398882035704,,0,,,,False,29.10398882035704,0.6406516567265181,47.265079498291016,51.179473876953125,49.30210553008728,28.892697249739342
PbI2,4.0,4.0,detector_qspace_per_pixel,detector_qr_band_per_qz_bin_fast,False,4,3.1613060814539744,3.1613060814539744,0,0,saved_q_group_rows_no_fit_points,-,-,0.13,27,1.090830782496456,1.1149642068879704,1.1028974946922132,884,884.0,pixel_count,25191.58635954906,25191.58635954906,565.2510412335396,28.497269637498935,28.497269637498935,0.6394242547890719,25191.58635954906,25191.58635954906,565.2510412335396,28.497269637498935,,0,,,,False,28.497269637498935,0.6394242547890719,47.425697326660156,51.312686920166016,49.448410598397096,28.51582209908095
PbI2,4.0,4.0,detector_qspace_per_pixel,detector_qr_band_per_qz_bin_fast,False,4,3.1613060814539744,3.1613060814539744,0,0,saved_q_group_rows_no_fit_points,-,-,0.13,28,1.1149642068879704,1.139097631279485,1.1270309190837278,896,896.0,pixel_count,25161.99978642256,25161.99978642256,572.0846181511879,28.082589047346605,28.082589047346605,0.6384872970437365,25161.99978642256,25161.99978642256,572.0846181511879,28.082589047346605,,0,,,,False,28.082589047346605,0.6384872970437365,47.57522201538086,51.47465133666992,49.58833446090602,28.02057109369416
PbI2,4.0,4.0,detector_qspace_per_pixel,detector_qr_band_per_qz_bin_fast,False,4,3.1613060814539744,3.1613060814539744,0,0,saved_q_group_rows_no_fit_points,-,-,0.13,29,1.139097631279485,1.1632310556709995,1.151164343475242,905,905.0,pixel_count,24831.53830169339,24831.53830169339,576.4644373655319,27.43816386927446,27.43816386927446,0.6369772788569413,24831.53830169339,24831.53830169339,576.4644373655319,27.43816386927446,,0,,,,False,27.43816386927446,0.6369772788569413,47.73761749267578,51.6190071105957,49.75008543471574,27.49075705917093
PbI2,4.0,4.0,detector_qspace_per_pixel,detector_qr_band_per_qz_bin_fast,False,4,3.1613060814539744,3.1613060814539744,0,0,saved_q_group_rows_no_fit_points,-,-,0.13,30,1.1632310556709995,1.1873644800625138,1.1752977678667567,912,912.0,pixel_count,24619.625086531345,24619.625086531345,579.8631303310394,26.995202945758052,26.995202945758052,0.6358148358892977,24619.625086531345,24619.625086531345,579.8631303310394,26.995202945758052,,0,,,,False,26.995202945758052,0.6358148358892977,47.888458251953125,51.78171920776367,49.90415165838364,26.97475051231876
PbI2,4.0,4.0,detector_qspace_per_pixel,detector_qr_band_per_qz_bin_fast,False,4,3.1613060814539744,3.1613060814539744,0,0,saved_q_group_rows_no_fit_points,-,-,0.13,31,1.1873644800625138,1.2114979044540284,1.1994311922582712,928,928.0,pixel_count,24524.499372152073,24524.499372152073,589.2199951410294,26.42726225447422,26.42726225447422,0.6349353395916265,24524.499372152073,24524.499372152073,589.2199951410294,26.42726225447422,,0,,,,False,26.42726225447422,0.6349353395916265,48.05241394042969,51.95471954345703,50.052374445080176,26.50781390077818
PbI2,4.0,4.0,detector_qspace_per_pixel,detector_qr_band_per_qz_bin_fast,False,4,3.1613060814539744,3.1613060814539744,0,0,saved_q_group_rows_no_fit_points,-,-,0.13,32,1.2114979044540284,1.235631328845543,1.2235646166497856,935,935.0,pixel_count,24351.58564653077,24351.58564653077,592.4874571561813,26.044476627305635,26.044476627305635,0.6336764247659693,24351.58564653077,24351.58564653077,592.4874571561813,26.044476627305635,,0,,,,False,26.044476627305635,0.6336764247659693,48.21714782714844,52.0908088684082,50.21746505937417,26.152925252175635
PbI2,4.0,4.0,detector_qspace_per_pixel,detector_qr_band_per_qz_bin_fast,False,4,3.1613060814539744,3.1613060814539744,0,0,saved_q_group_rows_no_fit_points,-,-,0.13,33,1.235631328845543,1.2597647532370573,1.2476980410413,949,949.0,pixel_count,24692.232099141384,24692.232099141384,600.4690207839012,26.019211906366053,26.019211906366053,0.6327386941874618,24692.232099141384,24692.232099141384,600.4690207839012,26.019211906366053,,0,,,,False,26.019211906366053,0.6327386941874618,48.36967849731445,52.2645378112793,50.37562259097564,25.85524230493381
PbI2,4.0,4.0,detector_qspace_per_pixel,detector_qr_band_per_qz_bin_fast,False,4,3.1613060814539744,3.1613060814539744,0,0,saved_q_group_rows_no_fit_points,-,-,0.13,34,1.2597647532370573,1.283898177628572,1.2718314654328147,958,958.0,pixel_count,24408.063407012887,24408.063407012887,605.1575378775597,25.478145518802595,25.478145518802595,0.6316884528993316,24408.063407012887,24408.063407012887,605.1575378775597,25.478145518802595,,0,,,,False,25.478145518802595,0.6316884528993316,48.53565216064453,52.40153884887695,50.54259526220754,25.47277749086523
PbI2,4.0,4.0,detector_qspace_per_pixel,detector_qr_band_per_qz_bin_fast,False,4,3.1613060814539744,3.1613060814539744,0,0,saved_q_group_rows_no_fit_points,-,-,0.13,35,1.283898177628572,1.3080316020200866,1.2959648898243294,969,969.0,pixel_count,24115.9869837946,24115.9869837946,611.3849811553955,24.88749946728029,24.88749946728029,0.6309442529983442,24115.9869837946,24115.9869837946,611.3849811553955,24.88749946728029,,0,,,,False,24.88749946728029,0.6309442529983442,48.70224380493164,52.57579803466797,50.70287192665106,25.116627900299157
PbI2,4.0,4.0,detector_qspace_per_pixel,detector_qr_band_per_qz_bin_fast,False,4,3.1613060814539744,3.1613060814539744,0,0,saved_q_group_rows_no_fit_points,-,-,0.13,36,1.3080316020200866,1.332165026411601,1.3200983142158438,987,987.0,pixel_count,24695.637820750308,24695.637820750308,621.6811661720276,25.020909646150262,25.020909646150262,0.629869469272571,24695.637820750308,24695.637820750308,621.6811661720276,25.020909646150262,,0,,,,False,25.020909646150262,0.629869469272571,48.86940002441406,52.75016784667969,50.88119532233035,24.912991796377455
PbI2,4.0,4.0,detector_qspace_per_pixel,detector_qr_band_per_qz_bin_fast,False,4,3.1613060814539744,3.1613060814539744,0,0,saved_q_group_rows_no_fit_points,-,-,0.13,37,1.332165026411601,1.3562984508031155,1.3442317386073581,993,993.0,pixel_count,24501.409930886948,24501.409930886948,624.8793968558311,24.67412883271596,24.67412883271596,0.6292843875688129,24501.409930886948,24501.409930886948,624.8793968558311,24.67412883271596,,0,,,,False,24.67412883271596,0.6292843875688129,49.03706359863281,52.924591064453125,51.0470908094197,24.762899634886153
PbI2,4.0,4.0,detector_qspace_per_pixel,detector_qr_band_per_qz_bin_fast,False,4,3.1613060814539744,3.1613060814539744,0,0,saved_q_group_rows_no_fit_points,-,-,0.13,38,1.3562984508031155,1.38043187519463,1.368365162998873,1011,1011.0,pixel_count,24946.83012869487,24946.83012869487,635.5123516321182,24.67540072076644,24.67540072076644,0.6285977760950724,24946.83012869487,24946.83012869487,635.5123516321182,24.67540072076644,,0,,,,False,24.67540072076644,0.6285977760950724,49.20518493652344,53.07373809814453,51.221631019847344,24.622585630464293
PbI2,4.0,4.0,detector_qspace_per_pixel,detector_qr_band_per_qz_bin_fast,False,4,3.1613060814539744,3.1613060814539744,0,0,saved_q_group_rows_no_fit_points,-,-,0.13,39,1.38043187519463,1.4045652995861444,1.3924985873903872,1020,1020.0,pixel_count,25016.007357692444,25016.007357692444,640.6527172923088,24.525497409502396,24.525497409502396,0.6280908993061851,25016.007357692444,25016.007357692444,640.6527172923088,24.525497409502396,,0,,,,False,24.525497409502396,0.6280908993061851,49.4167594909668,53.2484130859375,51.395384092301114,24.414139291910928
PbI2,4.0,4.0,detector_qspace_per_pixel,detector_qr_band_per_qz_bin_fast,False,4,3.1613060814539744,3.1613060814539744,0,0,saved_q_group_rows_no_fit_points,-,-,0.13,40,1.4045652995861444,1.428698723977659,1.4166320117819016,1038,1038.0,pixel_count,25015.158496981458,25015.158496981458,651.3960365653038,24.099381981677706,24.099381981677706,0.6275491681746664,25015.158496981458,25015.158496981458,651.3960365653038,24.099381981677706,,0,,,,False,24.099381981677706,0.6275491681746664,49.58545684814453,53.423004150390625,51.57736483749524,24.0646501908313
PbI2,4.0,4.0,detector_qspace_per_pixel,detector_qr_band_per_qz_bin_fast,False,4,3.1613060814539744,3.1613060814539744,0,0,saved_q_group_rows_no_fit_points,-,-,0.13,41,1.428698723977659,1.4528321483691735,1.4407654361734163,1052,1052.0,pixel_count,24860.919655207734,24860.919655207734,659.8198393583298,23.632052904189862,23.632052904189862,0.627205170492709,24860.919655207734,24860.919655207734,659.8198393583298,23.632052904189862,,0,,,,False,23.632052904189862,0.627205170492709,49.754459381103516,53.59746551513672,51.75862538686136,23.64471764774466
PbI2,4.0,4.0,detector_qspace_per_pixel,detector_qr_band_per_qz_bin_fast,False,4,3.1613060814539744,3.1613060814539744,0,0,saved_q_group_rows_no_fit_points,-,-,0.13,42,1.4528321483691735,1.4769655727606879,1.4648988605649307,1065,1065.0,pixel_count,24584.48476410556,24584.48476410556,667.8409361243248,23.084023252681277,23.084023252681277,0.6270806911965491,24584.48476410556,24584.48476410556,667.8409361243248,23.084023252681277,,0,,,,False,23.084023252681277,0.6270806911965491,49.96612548828125,53.78306198120117,51.93706560800854,23.32753405157536
PbI2,4.0,4.0,detector_qspace_per_pixel,detector_qr_band_per_qz_bin_fast,False,4,3.1613060814539744,3.1613060814539744,0,0,saved_q_group_rows_no_fit_points,-,-,0.13,43,1.4769655727606879,1.5010989971522026,1.4890322849564452,1082,1082.0,pixel_count,25202.541164951876,25202.541164951876,678.3740989565849,23.292551908458297,23.292551908458297,0.6269631228803927,25202.541164951876,25202.541164951876,678.3740989565849,23.292551908458297,,0,,,,False,23.292551908458297,0.6269631228803927,50.1353874206543,53.957210540771484,52.123164969125575,23.17971162855781
PbI2,4.0,4.0,detector_qspace_per_pixel,detector_qr_band_per_qz_bin_fast,False,4,3.1613060814539744,3.1613060814539744,0,0,saved_q_group_rows_no_fit_points,-,-,0.13,44,1.5010989971522026,1.5252324215437172,1.5131657093479598,1095,1095.0,pixel_count,25295.947690984525,25295.947690984525,686.4803661108017,23.10132209222331,23.10132209222331,0.6269227087769879,25295.947690984525,25295.947690984525,686.4803661108017,23.10132209222331,,0,,,,False,23.10132209222331,0.6269227087769879,50.3190803527832,54.166114807128906,52.31369908643464,22.992075901869818
PbI2,4.0,4.0,detector_qspace_per_pixel,detector_qr_band_per_qz_bin_fast,False,4,3.1613060814539744,3.1613060814539744,0,0,saved_q_group_rows_no_fit_points,-,-,0.13,45,1.5252324215437172,1.5493658459352315,1.5372991337394744,1115,1115.0,pixel_count,25288.60024315166,25288.60024315166,699.1619010567665,22.680358962467857,22.680358962467857,0.6270510323379072,25288.60024315166,25288.60024315166,699.1619010567665,22.680358962467857,,0,,,,False,22.680358962467857,0.6270510323379072,50.530426025390625,54.35099411010742,52.506267105403865,22.653262989213506
PbI2,4.0,4.0,detector_qspace_per_pixel,detector_qr_band_per_qz_bin_fast,False,4,3.1613060814539744,3.1613060814539744,0,0,saved_q_group_rows_no_fit_points,-,-,0.13,46,1.5493658459352315,1.573499270326746,1.561432558130989,1136,1136.0,pixel_count,25192.4601853639,25192.4601853639,712.836744427681,22.17646143077808,22.17646143077808,0.6274971341792966,25192.4601853639,25192.4601853639,712.836744427681,22.17646143077808,,0,,,,False,22.17646143077808,0.6274971341792966,50.7143440246582,54.52410125732422,52.69253160533646,22.30149868012226
PbI2,4.0,4.0,detector_qspace_per_pixel,detector_qr_band_per_qz_bin_fast,False,4,3.1613060814539744,3.1613060814539744,0,0,saved_q_group_rows_no_fit_points,-,-,0.13,47,1.573499270326746,1.5976326947182606,1.5855659825225032,1149,1149.0,pixel_count,25203.974272213076,25203.974272213076,721.3423946499825,21.93557377912365,21.93557377912365,0.6278001694081657,25203.974272213076,25203.974272213076,721.3423946499825,21.93557377912365,,0,,,,False,21.93557377912365,0.6278001694081657,50.92512893676758,54.74272918701172,52.89569024004102,22.143245587802696
PbI2,4.0,4.0,detector_qspace_per_pixel,detector_qr_band_per_qz_bin_fast,False,4,3.1613060814539744,3.1613060814539744,0,0,saved_q_group_rows_no_fit_points,-,-,0.13,48,1.5976326947182606,1.621766119109775,1.6096994069140178,1164,1164.0,pixel_count,25948.028004595424,25948.028004595424,731.4918304085732,22.292120278862047,22.292120278862047,0.6284294075675027,25948.028004595424,25948.028004595424,731.4918304085732,22.292120278862047,,0,,,,False,22.292120278862047,0.6284294075675027,51.1353874206543,54.92652893066406,53.09200885655098,22.20313675491041
PbI2,4.0,4.0,detector_qspace_per_pixel,detector_qr_band_per_qz_bin_fast,False,4,3.1613060814539744,3.1613060814539744,0,0,saved_q_group_rows_no_fit_points,-,-,0.13,49,1.621766119109775,1.6458995435012895,1.6338328313055324,1187,1187.0,pixel_count,26343.817087363554,26343.817087363554,746.9561986923218,22.193611699548065,22.193611699548065,0.6292807065647192,26343.817087363554,26343.817087363554,746.9561986923218,22.193611699548065,,0,,,,False,22.193611699548065,0.6292807065647192,51.31907272338867,55.10997772216797,53.28925943603251,22.36336950929698
PbI2,4.0,4.0,detector_qspace_per_pixel,detector_qr_band_per_qz_bin_fast,False,4,3.1613060814539744,3.1613060814539744,0,0,saved_q_group_rows_no_fit_points,-,-,0.13,50,1.6458995435012895,1.670032967892804,1.6579662556970467,1205,1205.0,pixel_count,27386.41650317536,27386.41650317536,759.5456293821335,22.727316600145524,22.727316600145524,0.6303283231387,27386.41650317536,27386.41650317536,759.5456293821335,22.727316600145524,,0,,,,False,22.727316600145524,0.6303283231387,51.52846908569336,55.314823150634766,53.48759644858132,22.5509139269486
PbI2,4.0,4.0,detector_qspace_per_pixel,detector_qr_band_per_qz_bin_fast,False,4,3.1613060814539744,3.1613060814539744,0,0,saved_q_group_rows_no_fit_points,-,-,0.13,51,1.670032967892804,1.6941663922843184,1.6820996800885613,1228,1228.0,pixel_count,27939.965396067466,27939.965396067466,775.3133835196495,22.752414817644517,22.752414817644517,0.6313626901625811,27939.965396067466,27939.965396067466,775.3133835196495,22.752414817644517,,0,,,,False,22.752414817644517,0.6313626901625811,51.711849212646484,55.5303955078125,53.69930502618319,22.544257257832605
PbI2,4.0,4.0,detector_qspace_per_pixel,detector_qr_band_per_qz_bin_fast,False,4,3.1613060814539744,3.1613060814539744,0,0,saved_q_group_rows_no_fit_points,-,-,0.13,52,1.6941663922843184,1.7182998166758332,1.7062331044800758,1247,1247.0,pixel_count,27851.805781838466,27851.805781838466,789.0501098632812,22.33504874245266,22.33504874245266,0.6327587087917251,27851.805781838466,27851.805781838466,789.0501098632812,22.33504874245266,,0,,,,False,22.33504874245266,0.6327587087917251,51.93497085571289,55.712013244628906,53.90415590374276,22.200802670233777
PbI2,4.0,4.0,detector_qspace_per_pixel,detector_qr_band_per_qz_bin_fast,False,4,3.1613060814539744,3.1613060814539744,0,0,saved_q_group_rows_no_fit_points,-,-,0.13,53,1.7182998166758332,1.7424332410673478,1.7303665288715906,1268,1268.0,pixel_count,27436.437561463903,27436.437561463903,804.3427196145058,21.637569054782258,21.637569054782258,0.6343396842385692,27436.437561463903,27436.437561463903,804.3427196145058,21.637569054782258,,0,,,,False,21.637569054782258,0.6343396842385692,52.157405853271484,55.925811767578125,54.1126683838775,21.615946459531067
PbI2,4.0,4.0,detector_qspace_per_pixel,detector_qr_band_per_qz_bin_fast,False,4,3.1613060814539744,3.1613060814539744,0,0,saved_q_group_rows_no_fit_points,-,-,0.13,54,1.7424332410673478,1.766566665458862,1.754499953263105,1290,1290.0,pixel_count,26942.90039834021,26942.90039834021,820.6736182570457,20.885969301038923,20.885969301038923,0.6361810994240664,26942.90039834021,26942.90039834021,820.6736182570457,20.885969301038923,,0,,,,False,20.885969301038923,0.6361810994240664,52.364253997802734,56.13851547241211,54.321818682596124,20.97787363005785
PbI2,4.0,4.0,detector_qspace_per_pixel,detector_qr_band_per_qz_bin_fast,False,4,3.1613060814539744,3.1613060814539744,0,0,saved_q_group_rows_no_fit_points,-,-,0.13,55,1.766566665458862,1.7907000898503767,1.7786333776546193,1316,1316.0,pixel_count,26888.56700124281,26888.56700124281,839.8221927881241,20.432041794257454,20.432041794257454,0.6381627604772979,26888.56700124281,26888.56700124281,839.8221927881241,20.432041794257454,,0,,,,False,20.432041794257454,0.6381627604772979,52.585121154785156,56.361907958984375,54.537494866183785,20.389787873361826
PbI2,4.0,4.0,detector_qspace_per_pixel,detector_qr_band_per_qz_bin_fast,False,4,3.1613060814539744,3.1613060814539744,0,0,saved_q_group_rows_no_fit_points,-,-,0.13,56,1.7907000898503767,1.8148335142418912,1.802766802046134,1339,1339.0,pixel_count,26487.963194373442,26487.963194373442,857.6032436490059,19.78189932365455,19.78189932365455,0.640480391074687,26487.963194373442,26487.963194373442,857.6032436490059,19.78189932365455,,0,,,,False,19.78189932365455,0.640480391074687,52.805145263671875,56.57231521606445,54.751129485761204,19.825855002440406
PbI2,4.0,4.0,detector_qspace_per_pixel,detector_qr_band_per_qz_bin_fast,False,4,3.1613060814539744,3.1613060814539744,0,0,saved_q_group_rows_no_fit_points,-,-,0.13,57,1.8148335142418912,1.8389669386334055,1.8269002264376484,1364,1364.0,pixel_count,26343.500749823823,26343.500749823823,877.0679221749306,19.313416972011602,19.313416972011602,0.643011673148776,26343.500749823823,26343.500749823823,877.0679221749306,19.313416972011602,,0,,,,False,19.313416972011602,0.643011673148776,53.0009880065918,56.76186752319336,54.96935877427468,19.27332624326597
PbI2,4.0,4.0,detector_qspace_per_pixel,detector_qr_band_per_qz_bin_fast,False,4,3.1613060814539744,3.1613060814539744,0,0,saved_q_group_rows_no_fit_points,-,-,0.13,58,1.8389669386334055,1.8631003630249203,1.851033650829163,1387,1387.0,pixel_count,25857.328413688414,25857.328413688414,895.7556257247925,18.642630435247593,18.642630435247593,0.6458223689436139,25857.328413688414,25857.328413688414,895.7556257247925,18.642630435247593,,0,,,,False,18.642630435247593,0.6458223689436139,53.257389068603516,57.00130844116211,55.18968008979203,18.76435185559981
PbI2,4.0,4.0,detector_qspace_per_pixel,detector_qr_band_per_qz_bin_fast,False,4,3.1613060814539744,3.1613060814539744,0,0,saved_q_group_rows_no_fit_points,-,-,0.13,59,1.8631003630249203,1.8872337874164347,1.8751670752206775,1414,1414.0,pixel_count,25917.32682132804,25917.32682132804,917.5429702401161,18.329085446483763,18.329085446483763,0.6488988474116805,25917.32682132804,25917.32682132804,917.5429702401161,18.329085446483763,,0,,,,False,18.329085446483763,0.6488988474116805,53.47462844848633,57.21981430053711,55.41270881226792,18.36885565700937
PbI2,4.0,4.0,detector_qspace_per_pixel,detector_qr_band_per_qz_bin_fast,False,4,3.1613060814539744,3.1613060814539744,0,0,saved_q_group_rows_no_fit_points,-,-,0.13,60,1.8872337874164347,1.9113672118079492,1.8993004996121918,1447,1447.0,pixel_count,26164.1532051022,26164.1532051022,943.8257983922958,18.081653908156323,18.081653908156323,0.652263855143259,26164.1532051022,26164.1532051022,943.8257983922958,18.081653908156323,,0,,,,False,18.081653908156323,0.652263855143259,53.705745697021484,57.437007904052734,55.63975784696216,18.054674133754702
PbI2,4.0,4.0,detector_qspace_per_pixel,detector_qr_band_per_qz_bin_fast,False,4,3.1613060814539744,3.1613060814539744,0,0,saved_q_group_rows_no_fit_points,-,-,0.13,61,1.9113672118079492,1.935500636199464,1.9234339240037066,1476,1476.0,pixel_count,26180.47564976362,26180.47564976362,968.441448032856,17.737449627211124,17.737449627211124,0.6561256422986829,26180.47564976362,26180.47564976362,968.441448032856,17.737449627211124,,0,,,,False,17.737449627211124,0.6561256422986829,53.9209098815918,57.65285110473633,55.85785151357129,17.74721698691796
PbI2,4.0,4.0,detector_qspace_per_pixel,detector_qr_band_per_qz_bin_fast,False,4,3.1613060814539744,3.1613060814539744,0,0,saved_q_group_rows_no_fit_points,-,-,0.13,62,1.935500636199464,1.9596340605909783,1.9475673483952212,1505,1505.0,pixel_count,26229.70040966347,26229.70040966347,993.5072090029716,17.4283723652249,17.4283723652249,0.6601376804006456,26229.70040966347,26229.70040966347,993.5072090029716,17.4283723652249,,0,,,,False,17.4283723652249,0.6601376804006456,54.14985656738281,57.8673095703125,56.091372660627,17.45219575941718
PbI2,4.0,4.0,detector_qspace_per_pixel,detector_qr_band_per_qz_bin_fast,False,4,3.1613060814539744,3.1613060814539744,0,0,saved_q_group_rows_no_fit_points,-,-,0.13,63,1.9596340605909783,1.9837674849824927,1.9717007727867355,1535,1535.0,pixel_count,26326.20066332076,26326.20066332076,1020.0715502500534,17.15061932463893,17.15061932463893,0.6645417265472661,26326.20066332076,26326.20066332076,1020.0715502500534,17.15061932463893,,0,,,,False,17.15061932463893,0.6645417265472661,54.37765121459961,58.10991287231445,56.32468672286488,17.217532476713174
PbI2,4.0,4.0,detector_qspace_per_pixel,detector_qr_band_per_qz_bin_fast,False,4,3.1613060814539744,3.1613060814539744,0,0,saved_q_group_rows_no_fit_points,-,-,0.13,64,1.9837674849824927,2.0079009093740074,1.99583419717825,1565,1565.0,pixel_count,26658.14173624947,26658.14173624947,1047.6233658194542,17.033956380990077,17.033956380990077,0.6694079014820794,26658.14173624947,26658.14173624947,1047.6233658194542,17.033956380990077,,0,,,,False,17.033956380990077,0.6694079014820794,54.63995361328125,58.35040283203125,56.55241766997305,17.07874442039939
PbI2,4.0,4.0,detector_qspace_per_pixel,detector_qr_band_per_qz_bin_fast,False,4,3.1613060814539744,3.1613060814539744,0,0,saved_q_group_rows_no_fit_points,-,-,0.13,65,2.0079009093740074,2.032034333765522,2.019967621569765,1602,1602.0,pixel_count,27259.11582503987,27259.11582503987,1080.6633784770966,17.01567779340816,17.01567779340816,0.6745713973015584,27259.11582503987,27259.11582503987,1080.6633784770966,17.01567779340816,,0,,,,False,17.01567779340816,0.6745713973015584,54.864952087402344,58.57158660888672,56.791546157811915,17.00686704759632
PbI2,4.0,4.0,detector_qspace_per_pixel,detector_qr_band_per_qz_bin_fast,False,4,3.1613060814539744,3.1613060814539744,0,0,saved_q_group_rows_no_fit_points,-,-,0.13,66,2.032034333765522,2.056167758157036,2.0441010459612787,1635,1635.0,pixel_count,27787.39636264428,27787.39636264428,1112.1660816073418,16.995349457274788,16.995349457274788,0.6802239031237565,27787.39636264428,27787.39636264428,1112.1660816073418,16.995349457274788,,0,,,,False,16.995349457274788,0.6802239031237565,55.08867645263672,58.808101654052734,57.02839916050939,16.925116907400394
PbI2,4.0,4.0,detector_qspace_per_pixel,detector_qr_band_per_qz_bin_fast,False,4,3.1613060814539744,3.1613060814539744,0,0,saved_q_group_rows_no_fit_points,-,-,0.13,67,2.056167758157036,2.080301182548551,2.0682344703527935,1674,1674.0,pixel_count,27961.730717249546,27961.730717249546,1148.9112580418587,16.703542841845607,16.703542841845607,0.686326916392986,27961.730717249546,27961.730717249546,1148.9112580418587,16.703542841845607,,0,,,,False,16.703542841845607,0.686326916392986,55.345672607421875,59.054012298583984,57.26585754589026,16.842597690219904
PbI2,4.0,4.0,detector_qspace_per_pixel,detector_qr_band_per_qz_bin_fast,False,4,3.1613060814539744,3.1613060814539744,0,0,saved_q_group_rows_no_fit_points,-,-,0.13,68,2.080301182548551,2.1044346069400652,2.0923678947443083,1712,1712.0,pixel_count,28876.23294047948,28876.23294047948,1186.2278426885605,16.866958493270726,16.866958493270726,0.6928900950283647,28876.23294047948,28876.23294047948,1186.2278426885605,16.866958493270726,,0,,,,False,16.866958493270726,0.6928900950283647,55.58106231689453,59.26985168457031,57.50723127287511,16.828997434714573
PbI2,4.0,4.0,detector_qspace_per_pixel,detector_qr_band_per_qz_bin_fast,False,4,3.1613060814539744,3.1613060814539744,0,0,saved_q_group_rows_no_fit_points,-,-,0.13,69,2.1044346069400652,2.1285680313315796,2.116501319135822,1749,1749.0,pixel_count,29572.364868361172,29572.364868361172,1224.2467765808105,16.90815601392863,16.90815601392863,0.6999695692285938,29572.364868361172,29572.364868361172,1224.2467765808105,16.90815601392863,,0,,,,False,16.90815601392863,0.6999695692285938,55.83415985107422,59.51152801513672,57.74910055572742,16.795320807118365
PbI2,4.0,4.0,detector_qspace_per_pixel,detector_qr_band_per_qz_bin_fast,False,4,3.1613060814539744,3.1613060814539744,0,0,saved_q_group_rows_no_fit_points,-,-,0.13,70,2.1285680313315796,2.1527014557230943,2.140634743527337,1787,1787.0,pixel_count,29640.64902403014,29640.64902403014,1264.371125459671,16.586820942378367,16.586820942378367,0.7075384026075383,29640.64902403014,29640.64902403014,1264.371125459671,16.586820942378367,,0,,,,False,16.586820942378367,0.7075384026075383,56.0662727355957,59.750877380371094,57.99618509014601,16.693160671496944
PbI2,4.0,4.0,detector_qspace_per_pixel,detector_qr_band_per_qz_bin_fast,False,4,3.1613060814539744,3.1613060814539744,0,0,saved_q_group_rows_no_fit_points,-,-,0.13,71,2.1527014557230943,2.1768348801146087,2.1647681679188517,1837,1837.0,pixel_count,30648.174584079847,30648.174584079847,1314.7536202073097,16.683818499771284,16.683818499771284,0.7157069244460043,30648.174584079847,30648.174584079847,1314.7536202073097,16.683818499771284,,0,,,,False,16.683818499771284,0.7157069244460043,56.329856872558594,59.98788833618164,58.24065019026494,16.59935486020005
PbI2,4.0,4.0,detector_qspace_per_pixel,detector_qr_band_per_qz_bin_fast,False,4,3.1613060814539744,3.1613060814539744,0,0,saved_q_group_rows_no_fit_points,-,-,0.13,72,2.1768348801146087,2.200968304506123,2.1889015923103656,1876,1876.0,pixel_count,30736.96565710243,30736.96565710243,1359.0669745206833,16.38431005176036,16.38431005176036,0.7244493467594261,30736.96565710243,30736.96565710243,1359.0669745206833,16.38431005176036,,0,,,,False,16.38431005176036,0.7244493467594261,56.59109115600586,60.23384094238281,58.49154808118204,16.548535186243512
PbI2,4.0,4.0,detector_qspace_per_pixel,detector_qr_band_per_qz_bin_fast,False,4,3.1613060814539744,3.1613060814539744,0,0,saved_q_group_rows_no_fit_points,-,-,0.13,73,2.200968304506123,2.225101728897638,2.2130350167018804,1927,1927.0,pixel_count,32116.26759989242,32116.26759989242,1414.0701326727867,16.666459574412258,16.666459574412258,0.7338194772562463,32116.26759989242,32116.26759989242,1414.0701326727867,16.666459574412258,,0,,,,False,16.666459574412258,0.7338194772562463,56.849945068359375,60.492069244384766,58.74325727535583,16.554814922394446
PbI2,4.0,4.0,detector_qspace_per_pixel,detector_qr_band_per_qz_bin_fast,False,4,3.1613060814539744,3.1613060814539744,0,0,saved_q_group_rows_no_fit_points,-,-,0.13,74,2.225101728897638,2.2492351532891526,2.237168441093395,1972,1972.0,pixel_count,32696.1098565407,32696.1098565407,1466.8663740754128,16.580177412038896,16.580177412038896,0.743847045677187,32696.1098565407,32696.1098565407,1466.8663740754128,16.580177412038896,,0,,,,False,16.580177412038896,0.743847045677187,57.10639953613281,60.73273849487305,58.997998013456744,16.48252864858586
PbI2,4.0,4.0,detector_qspace_per_pixel,detector_qr_band_per_qz_bin_fast,False,4,3.1613060814539744,3.1613060814539744,0,0,saved_q_group_rows_no_fit_points,-,-,0.13,75,2.2492351532891526,2.273368577680667,2.26130186548491,2026,2026.0,pixel_count,33037.170446556185,33037.170446556185,1528.79372048378,16.306599430679263,16.306599430679263,0.7545872262999901,33037.170446556185,33037.170446556185,1528.79372048378,16.306599430679263,,0,,,,False,16.306599430679263,0.7545872262999901,57.34333038330078,60.99612808227539,59.249904237072755,16.256826616051967
PbI2,4.0,4.0,detector_qspace_per_pixel,detector_qr_band_per_qz_bin_fast,False,4,3.1613060814539744,3.1613060814539744,0,0,saved_q_group_rows_no_fit_points,-,-,0.13,76,2.273368577680667,2.2975020020721817,2.2854352898764243,2077,2077.0,pixel_count,32941.04993928009,32941.04993928009,1591.0803032517433,15.859918121945157,15.859918121945157,0.7660473294423416,32941.04993928009,32941.04993928009,1591.0803032517433,15.859918121945157,,0,,,,False,15.859918121945157,0.7660473294423416,57.60938262939453,61.24240493774414,59.5077412876006,15.988931355620295
PbI2,4.0,4.0,detector_qspace_per_pixel,detector_qr_band_per_qz_bin_fast,False,4,3.1613060814539744,3.1613060814539744,0,0,saved_q_group_rows_no_fit_points,-,-,0.13,77,2.2975020020721817,2.321635426463696,2.3095687142679386,2132,2132.0,pixel_count,33818.81635299872,33818.81635299872,1659.2834694385529,15.862484218104466,15.862484218104466,0.7782755485171449,33818.81635299872,33818.81635299872,1659.2834694385529,15.862484218104466,,0,,,,False,15.862484218104466,0.7782755485171449,57.85877990722656,61.49958801269531,59.7677002835578,15.768201850654854
PbI2,4.0,4.0,detector_qspace_per_pixel,detector_qr_band_per_qz_bin_fast,False,4,3.1613060814539744,3.1613060814539744,0,0,saved_q_group_rows_no_fit_points,-,-,0.13,78,2.321635426463696,2.3457688508552104,2.3337021386594534,2190,2190.0,pixel_count,33932.77641682877,33932.77641682877,1732.9766676425934,15.494418455172953,15.494418455172953,0.7913135468687641,33932.77641682877,33932.77641682877,1732.9766676425934,15.494418455172953,,0,,,,False,15.494418455172953,0.7913135468687641,58.149681091308594,61.764320373535156,60.02840744936775,15.55609470340407
PbI2,4.0,4.0,detector_qspace_per_pixel,detector_qr_band_per_qz_bin_fast,False,4,3.1613060814539744,3.1613060814539744,0,0,saved_q_group_rows_no_fit_points,-,-,0.13,79,2.3457688508552104,2.369902275246725,2.3578355630509678,2251,2251.0,pixel_count,34466.79525291785,34466.79525291785,1812.468755543232,15.311770436658309,15.311770436658309,0.8051838096593656,34466.79525291785,34466.79525291785,1812.468755543232,15.311770436658309,,0,,,,False,15.311770436658309,0.8051838096593656,58.40747833251953,62.025638580322266,60.28846681956727,15.397787449100061
PbI2,4.0,4.0,detector_qspace_per_pixel,detector_qr_band_per_qz_bin_fast,False,4,3.1613060814539744,3.1613060814539744,0,0,saved_q_group_rows_no_fit_points,-,-,0.13,80,2.369902275246725,2.3940356996382395,2.381968987442482,2309,2309.0,pixel_count,35567.63443197753,35567.63443197753,1893.201594054699,15.403912703325046,15.403912703325046,0.8199227345407964,35567.63443197753,35567.63443197753,1893.201594054699,15.403912703325046,,0,,,,False,15.403912703325046,0.8199227345407964,58.676326751708984,62.2835578918457,60.55148147137643,15.287514918326517
PbI2,4.0,4.0,detector_qspace_per_pixel,detector_qr_band_per_qz_bin_fast,False,4,3.1613060814539744,3.1613060814539744,0,0,saved_q_group_rows_no_fit_points,-,-,0.13,81,2.3940356996382395,2.418169124029754,2.406102411833997,2396,2396.0,pixel_count,36204.52140025397,36204.52140025397,2002.304613828659,15.11040125219281,15.11040125219281,0.8356863997615438,36204.52140025397,36204.52140025397,2002.304613828659,15.11040125219281,,0,,,,False,15.11040125219281,0.8356863997615438,58.94230270385742,62.54859161376953,60.824996608920216,15.12407026258833
PbI2,4.0,4.0,detector_qspace_per_pixel,detector_qr_band_per_qz_bin_fast,False,4,3.1613060814539744,3.1613060814539744,0,0,saved_q_group_rows_no_fit_points,-,-,0.13,82,2.418169124029754,2.4423025484212686,2.430235836225511,2434,2434.0,pixel_count,36264.74612377277,36264.74612377277,2074.6187552809715,14.8992383417308,14.8992383417308,0.8523495296963729,36264.74612377277,36264.74612377277,2074.6187552809715,14.8992383417308,,0,,,,False,14.8992383417308,0.8523495296963729,59.20539093017578,62.79966354370117,61.09294252422014,14.944933073536992
PbI2,4.0,4.0,detector_qspace_per_pixel,detector_qr_band_per_qz_bin_fast,False,4,3.1613060814539744,3.1613060814539744,0,0,saved_q_group_rows_no_fit_points,-,-,0.13,83,2.4423025484212686,2.466435972812783,2.4543692606170255,2528,2528.0,pixel_count,37384.62395706541,37384.62395706541,2199.21028226614,14.78822150200372,14.78822150200372,0.8699407762128718,37384.62395706541,37384.62395706541,2199.21028226614,14.78822150200372,,0,,,,False,14.78822150200372,0.8699407762128718,59.493431091308594,63.07979965209961,61.36012991277449,14.824690634377259
PbI2,4.0,4.0,detector_qspace_per_pixel,detector_qr_band_per_qz_bin_fast,False,4,3.1613060814539744,3.1613060814539744,0,0,saved_q_group_rows_no_fit_points,-,-,0.13,84,2.466435972812783,2.4905693972042973,2.4785026850085403,2602,2602.0,pixel_count,38450.49553252771,38450.49553252771,2312.307584106922,14.777284985598659,14.777284985598659,0.8886654819780638,38450.49553252771,38450.49553252771,2312.307584106922,14.777284985598659,,0,,,,False,14.777284985598659,0.8886654819780638,59.75031661987305,63.34410095214844,61.63377483638651,14.747388627658072
PbI2,4.0,4.0,detector_qspace_per_pixel,detector_qr_band_per_qz_bin_fast,False,4,3.1613060814539744,3.1613060814539744,0,0,saved_q_group_rows_no_fit_points,-,-,0.13,85,2.4905693972042973,2.514702821595812,2.5026361094000547,2675,2675.0,pixel_count,39210.57199074794,39210.57199074794,2429.9471084475517,14.658157753550633,14.658157753550633,0.9083914424102997,39210.57199074794,39210.57199074794,2429.9471084475517,14.658157753550633,,0,,,,False,14.658157753550633,0.9083914424102997,60.04440689086914,63.61595153808594,61.90778870050583,14.66115575317648
PbI2,4.0,4.0,detector_qspace_per_pixel,detector_qr_band_per_qz_bin_fast,False,4,3.1613060814539744,3.1613060814539744,0,0,saved_q_group_rows_no_fit_points,-,-,0.13,86,2.514702821595812,2.5388362459873264,2.526769533791569,2759,2759.0,pixel_count,40265.90317442052,40265.90317442052,2563.546027004719,14.594383173041145,14.594383173041145,0.9291576756088143,40265.90317442052,40265.90317442052,2563.546027004719,14.594383173041145,,0,,,,False,14.594383173041145,0.9291576756088143,60.30800247192383,63.893516540527344,62.18306096804249,14.543727059140025
PbI2,4.0,4.0,detector_qspace_per_pixel,detector_qr_band_per_qz_bin_fast,False,4,3.1613060814539744,3.1613060814539744,0,0,saved_q_group_rows_no_fit_points,-,-,0.13,87,2.5388362459873264,2.5629696703788407,2.5509029581830838,2855,2855.0,pixel_count,40947.47654702485,40947.47654702485,2715.229372560978,14.342373571637427,14.342373571637427,0.9510435630686438,40947.47654702485,40947.47654702485,2715.229372560978,14.342373571637427,,0,,,,False,14.342373571637427,0.9510435630686438,60.594547271728516,64.16667175292969,62.46120488149165,14.410669094213842
PbI2,4.0,4.0,detector_qspace_per_pixel,detector_qr_band_per_qz_bin_fast,False,4,3.1613060814539744,3.1613060814539744,0,0,saved_q_group_rows_no_fit_points,-,-,0.13,88,2.5629696703788407,2.5871030947703555,2.575036382574598,2941,2941.0,pixel_count,42156.00703202642,42156.00703202642,2864.4928913116455,14.333902425034484,14.333902425034484,0.9739860222072919,42156.00703202642,42156.00703202642,2864.4928913116455,14.333902425034484,,0,,,,False,14.333902425034484,0.9739860222072919,60.87712097167969,64.44515228271484,62.74027509219424,14.290675081902688
PbI2,4.0,4.0,detector_qspace_per_pixel,detector_qr_band_per_qz_bin_fast,False,4,3.1613060814539744,3.1613060814539744,0,0,saved_q_group_rows_no_fit_points,-,-,0.13,89,2.5871030947703555,2.61123651916187,2.5991698069661124,3046,3046.0,pixel_count,43273.7876045088,43273.7876045088,3039.9587209820747,14.206758898394222,14.206758898394222,0.9980166516684421,43273.7876045088,43273.7876045088,3039.9587209820747,14.206758898394222,,0,,,,False,14.206758898394222,0.9980166516684421,61.16832733154297,64.71908569335938,63.02295107860234,14.124300439164003
PbI2,4.0,4.0,detector_qspace_per_pixel,detector_qr_band_per_qz_bin_fast,False,4,3.1613060814539744,3.1613060814539744,0,0,saved_q_group_rows_no_fit_points,-,-,0.13,90,2.61123651916187,2.635369943553384,2.623303231357627,3144,3144.0,pixel_count,43488.37582578588,43488.37582578588,3216.4986551404,13.832180606165991,13.832180606165991,1.0230593686833334,43488.37582578588,43488.37582578588,3216.4986551404,13.832180606165991,,0,,,,False,13.832180606165991,1.0230593686833334,61.43064498901367,64.988525390625,63.3061815880885,13.891270201339347
PbI2,4.0,4.0,detector_qspace_per_pixel,detector_qr_band_per_qz_bin_fast,False,4,3.1613060814539744,3.1613060814539744,0,0,saved_q_group_rows_no_fit_points,-,-,0.13,91,2.635369943553384,2.659503367944899,2.6474366557491416,3252,3252.0,pixel_count,44517.26951307781,44517.26951307781,3411.536332845688,13.689197267244099,13.689197267244099,1.0490579129291784,44517.26951307781,44517.26951307781,3411.536332845688,13.689197267244099,,0,,,,False,13.689197267244099,1.0490579129291784,61.73816680908203,65.28174591064453,63.59038405458863,13.657830405280464
PbI2,4.0,4.0,detector_qspace_per_pixel,detector_qr_band_per_qz_bin_fast,False,4,3.1613060814539744,3.1613060814539744,0,0,saved_q_group_rows_no_fit_points,-,-,0.13,92,2.659503367944899,2.6836367923364137,2.6715700801406563,3368,3368.0,pixel_count,45098.42112264203,45098.42112264203,3623.8286786079407,13.39026755422863,13.39026755422863,1.0759586337909564,45098.42112264203,45098.42112264203,3623.8286786079407,13.39026755422863,,0,,,,False,13.39026755422863,1.0759586337909564,62.02900314331055,65.56954956054688,63.878422022280084,13.449960393339733
PbI2,4.0,4.0,detector_qspace_per_pixel,detector_qr_band_per_qz_bin_fast,False,4,3.1613060814539744,3.1613060814539744,0,0,saved_q_group_rows_no_fit_points,-,-,0.13,93,2.6836367923364137,2.707770216727928,2.6957035045321707,3494,3494.0,pixel_count,46393.34441035364,46393.34441035364,3856.080397605896,13.278003551904304,13.278003551904304,1.1036291922169135,46393.34441035364,46393.34441035364,3856.080397605896,13.278003551904304,,0,,,,False,13.278003551904304,1.1036291922169135,62.31544494628906,65.84296417236328,64.1651595296846,13.286391659580215
PbI2,4.0,4.0,detector_qspace_per_pixel,detector_qr_band_per_qz_bin_fast,False,4,3.1613060814539744,3.1613060814539744,0,0,saved_q_group_rows_no_fit_points,-,-,0.13,94,2.707770216727928,2.731903641119443,2.7198369289236854,3615,3615.0,pixel_count,47680.649052691835,47680.649052691835,4092.2368067502975,13.189667787743247,13.189667787743247,1.1320157141771223,47680.649052691835,47680.649052691835,4092.2368067502975,13.189667787743247,,0,,,,False,13.189667787743247,1.1320157141771223,62.6093635559082,66.12934875488281,64.45852396126487,13.137882986465677
PbI2,4.0,4.0,detector_qspace_per_pixel,detector_qr_band_per_qz_bin_fast,False,4,3.1613060814539744,3.1613060814539744,0,0,saved_q_group_rows_no_fit_points,-,-,0.13,95,2.731903641119443,2.756037065510957,2.7439703533152002,3754,3754.0,pixel_count,48415.07629616942,48415.07629616942,4357.632602095604,12.896930286672728,12.896930286672728,1.160797176903464,48415.07629616942,48415.07629616942,4357.632602095604,12.896930286672728,,0,,,,False,12.896930286672728,1.160797176903464,62.89866638183594,66.4276123046875,64.74906669468636,12.999283966756458
PbI2,4.0,4.0,detector_qspace_per_pixel,detector_qr_band_per_qz_bin_fast,False,4,3.1613060814539744,3.1613060814539744,0,0,saved_q_group_rows_no_fit_points,-,-,0.13,96,2.756037065510957,2.7801704899024715,2.768103777706714,3896,3896.0,pixel_count,50358.61074423196,50358.61074423196,4635.744091629982,12.925721443591366,12.925721443591366,1.1898727134573877,50358.61074423196,50358.61074423196,4635.744091629982,12.925721443591366,,0,,,,False,12.925721443591366,1.1898727134573877,63.18340301513672,66.71147155761719,65.04409661526937,12.934629002480374
PbI2,4.0,4.0,detector_qspace_per_pixel,detector_qr_band_per_qz_bin_fast,False,4,3.1613060814539744,3.1613060814539744,0,0,saved_q_group_rows_no_fit_points,+,+,0.13,1,0.46336174831707855,0.48749517270859305,0.4754284605128358,721,721.0,pixel_count,6305.332674428153,6305.332674428153,279.0968173146248,8.745260297403819,8.745260297403819,0.38709683400086653,6305.332674428153,6305.332674428153,279.0968173146248,8.745260297403819,,0,,,,False,8.745260297403819,0.38709683400086653,44.56019592285156,48.53583908081055,46.62346426427323,8.80378823946485
PbI2,4.0,4.0,detector_qspace_per_pixel,detector_qr_band_per_qz_bin_fast,False,4,3.1613060814539744,3.1613060814539744,0,0,saved_q_group_rows_no_fit_points,+,+,0.13,2,0.48749517270859305,0.5116285971001077,0.4995618849043504,729,729.0,pixel_count,6512.168933740668,6512.168933740668,283.9928666651249,8.933016370014634,8.933016370014634,0.3895649748492797,6512.168933740668,6512.168933740668,283.9928666651249,8.933016370014634,,0,,,,False,8.933016370014634,0.3895649748492797,44.631351470947266,48.600372314453125,46.68420402632889,8.89952930529708
PbI2,4.0,4.0,detector_qspace_per_pixel,detector_qr_band_per_qz_bin_fast,False,4,3.1613060814539744,3.1613060814539744,0,0,saved_q_group_rows_no_fit_points,+,+,0.13,3,0.5116285971001077,0.5357620214916221,0.5236953092958649,734,734.0,pixel_count,6562.744308683158,6562.744308683158,287.324282348156,8.94106854044027,8.94106854044027,0.39144997595116615,6562.744308683158,6562.744308683158,287.324282348156,8.94106854044027,,0,,,,False,8.94106854044027,0.39144997595116615,44.70408248901367,48.69949722290039,46.77919029654631,9.029014378618765
PbI2,4.0,4.0,detector_qspace_per_pixel,detector_qr_band_per_qz_bin_fast,False,4,3.1613060814539744,3.1613060814539744,0,0,saved_q_group_rows_no_fit_points,+,+,0.13,4,0.5357620214916221,0.5598954458831366,0.5478287336873793,741,741.0,pixel_count,6893.3069522767755,6893.3069522767755,291.7607038319111,9.30270843762048,9.30270843762048,0.3937391414735642,6893.3069522767755,6893.3069522767755,291.7607038319111,9.30270843762048,,0,,,,False,9.30270843762048,0.3937391414735642,44.78456115722656,48.76716613769531,46.85381525336021,9.169818345538491
PbI2,4.0,4.0,detector_qspace_per_pixel,detector_qr_band_per_qz_bin_fast,False,4,3.1613060814539744,3.1613060814539744,0,0,saved_q_group_rows_no_fit_points,+,+,0.13,5,0.5598954458831366,0.5840288702746511,0.5719621580788938,742,742.0,pixel_count,6787.782828563873,6787.782828563873,293.5581189393997,9.147955294560477,9.147955294560477,0.39563088805849017,6787.782828563873,6787.782828563873,293.5581189393997,9.147955294560477,,0,,,,False,9.147955294560477,0.39563088805849017,44.89844512939453,48.86906433105469,46.95185688046378,9.310421975861276
PbI2,4.0,4.0,detector_qspace_per_pixel,detector_qr_band_per_qz_bin_fast,False,4,3.1613060814539744,3.1613060814539744,0,0,saved_q_group_rows_no_fit_points,+,+,0.13,6,0.5840288702746511,0.6081622946661657,0.5960955824704084,749,749.0,pixel_count,7126.670290009421,7126.670290009421,298.09635800123215,9.514913604818986,9.514913604818986,0.39799246729136467,7126.670290009421,7126.670290009421,298.09635800123215,9.514913604818986,,0,,,,False,9.514913604818986,0.39799246729136467,44.98263931274414,48.93974304199219,47.026093614764825,9.543956692939407
PbI2,4.0,4.0,detector_qspace_per_pixel,detector_qr_band_per_qz_bin_fast,False,4,3.1613060814539744,3.1613060814539744,0,0,saved_q_group_rows_no_fit_points,+,+,0.13,7,0.6081622946661657,0.6322957190576802,0.620229006861923,755,755.0,pixel_count,7542.351687976482,7542.351687976482,301.85290709137917,9.989869785399314,9.989869785399314,0.3998051749554691,7542.351687976482,7542.351687976482,301.85290709137917,9.989869785399314,,0,,,,False,9.989869785399314,0.3998051749554691,45.06178283691406,49.04428482055664,47.131732514949924,9.780490435349552
PbI2,4.0,4.0,detector_qspace_per_pixel,detector_qr_band_per_qz_bin_fast,False,4,3.1613060814539744,3.1613060814539744,0,0,saved_q_group_rows_no_fit_points,+,+,0.13,8,0.6322957190576802,0.6564291434491947,0.6443624312534375,758,758.0,pixel_count,7419.074457874069,7419.074457874069,304.6935479044914,9.787697173976344,9.787697173976344,0.4019703798212288,7419.074457874069,7419.074457874069,304.6935479044914,9.787697173976344,,0,,,,False,9.787697173976344,0.4019703798212288,45.14971160888672,49.150001525878906,47.220199612806475,9.919720528894349
PbI2,4.0,4.0,detector_qspace_per_pixel,detector_qr_band_per_qz_bin_fast,False,4,3.1613060814539744,3.1613060814539744,0,0,saved_q_group_rows_no_fit_points,+,+,0.13,9,0.6564291434491947,0.6805625678407091,0.6684958556449518,764,764.0,pixel_count,7632.799109316997,7632.799109316997,308.63485941290855,9.990574750414916,9.990574750414916,0.40397232907448766,7632.799109316997,7632.799109316997,308.63485941290855,9.990574750414916,,0,,,,False,9.990574750414916,0.40397232907448766,45.276676177978516,49.22489929199219,47.31826578545034,10.149055932527391
PbI2,4.0,4.0,detector_qspace_per_pixel,detector_qr_band_per_qz_bin_fast,False,4,3.1613060814539744,3.1613060814539744,0,0,saved_q_group_rows_no_fit_points,+,+,0.13,10,0.6805625678407091,0.7046959922322237,0.6926292800364664,771,771.0,pixel_count,8217.458207002966,8217.458207002966,312.9577430486679,10.658181850846908,10.658181850846908,0.4059114695832269,8217.458207002966,8217.458207002966,312.9577430486679,10.658181850846908,,0,,,,False,10.658181850846908,0.4059114695832269,45.360374450683594,49.339515686035156,47.42310279321891,10.50243819925948
PbI2,4.0,4.0,detector_qspace_per_pixel,detector_qr_band_per_qz_bin_fast,False,4,3.1613060814539744,3.1613060814539744,0,0,saved_q_group_rows_no_fit_points,+,+,0.13,11,0.7046959922322237,0.7288294166237382,0.716762704427981,778,778.0,pixel_count,8401.308533319412,8401.308533319412,317.3313961327076,10.798597086528808,10.798597086528808,0.40788097189294037,8401.308533319412,8401.308533319412,317.3313961327076,10.798597086528808,,0,,,,False,10.798597086528808,0.40788097189294037,45.45359420776367,49.448944091796875,47.52721970529903,10.802750208814587
PbI2,4.0,4.0,detector_qspace_per_pixel,detector_qr_band_per_qz_bin_fast,False,4,3.1613060814539744,3.1613060814539744,0,0,saved_q_group_rows_no_fit_points,+,+,0.13,12,0.7288294166237382,0.7529628410152527,0.7408961288194955,782,782.0,pixel_count,8601.770891916314,8601.770891916314,320.56342899799347,10.999707022910888,10.999707022910888,0.409927658565209,8601.770891916314,8601.770891916314,320.56342899799347,10.999707022910888,,0,,,,False,10.999707022910888,0.409927658565209,45.585121154785156,49.52798843383789,47.62910945370814,11.075237424116644
PbI2,4.0,4.0,detector_qspace_per_pixel,detector_qr_band_per_qz_bin_fast,False,4,3.1613060814539744,3.1613060814539744,0,0,saved_q_group_rows_no_fit_points,+,+,0.13,13,0.7529628410152527,0.7770962654067672,0.76502955321101,786,786.0,pixel_count,8971.007482134915,8971.007482134915,323.71007338166237,11.413495524344675,11.413495524344675,0.41184487707590633,8971.007482134915,8971.007482134915,323.71007338166237,11.413495524344675,,0,,,,False,11.413495524344675,0.41184487707590633,45.681785583496094,49.646751403808594,47.73912831176075,11.412864057155435
PbI2,4.0,4.0,detector_qspace_per_pixel,detector_qr_band_per_qz_bin_fast,False,4,3.1613060814539744,3.1613060814539744,0,0,saved_q_group_rows_no_fit_points,+,+,0.13,14,0.7770962654067672,0.8012296897982817,0.7891629776025244,794,794.0,pixel_count,9342.27110057714,9342.27110057714,328.41244998574257,11.766084509542997,11.766084509542997,0.4136176951961493,9342.27110057714,9342.27110057714,328.41244998574257,11.766084509542997,,0,,,,False,11.766084509542997,0.4136176951961493,45.80723571777344,49.759559631347656,47.85888604789465,11.806902800076108
PbI2,4.0,4.0,detector_qspace_per_pixel,detector_qr_band_per_qz_bin_fast,False,4,3.1613060814539744,3.1613060814539744,0,0,saved_q_group_rows_no_fit_points,+,+,0.13,15,0.8012296897982817,0.8253631141897962,0.813296401994039,801,801.0,pixel_count,9812.868162519717,9812.868162519717,332.95053508877754,12.25077173847655,12.25077173847655,0.41566858313205685,9812.868162519717,9812.868162519717,332.95053508877754,12.25077173847655,,0,,,,False,12.25077173847655,0.41566858313205685,45.906890869140625,49.873287200927734,47.96559391154561,12.245707434504105
PbI2,4.0,4.0,detector_qspace_per_pixel,detector_qr_band_per_qz_bin_fast,False,4,3.1613060814539744,3.1613060814539744,0,0,saved_q_group_rows_no_fit_points,+,+,0.13,16,0.8253631141897962,0.8494965385813108,0.8374298263855535,808,808.0,pixel_count,10216.002303368039,10216.002303368039,337.3207025229931,12.643567207138663,12.643567207138663,0.41747611698390236,10216.002303368039,10216.002303368039,337.3207025229931,12.643567207138663,,0,,,,False,12.643567207138663,0.41747611698390236,46.043800354003906,49.99560546875,48.088259542655756,12.766165576049753
PbI2,4.0,4.0,detector_qspace_per_pixel,detector_qr_band_per_qz_bin_fast,False,4,3.1613060814539744,3.1613060814539744,0,0,saved_q_group_rows_no_fit_points,+,+,0.13,17,0.8494965385813108,0.8736299629728252,0.8615632507770681,813,813.0,pixel_count,10840.466874410304,10840.466874410304,340.9493526816368,13.33390759460062,13.33390759460062,0.41937189751738846,10840.466874410304,10840.466874410304,340.9493526816368,13.33390759460062,,0,,,,False,13.33390759460062,0.41937189751738846,46.14654541015625,50.11125564575195,48.206216074512284,13.465800906703599
PbI2,4.0,4.0,detector_qspace_per_pixel,detector_qr_band_per_qz_bin_fast,False,4,3.1613060814539744,3.1613060814539744,0,0,saved_q_group_rows_no_fit_points,+,+,0.13,18,0.8736299629728252,0.8977633873643397,0.8856966751685824,823,823.0,pixel_count,11794.378614505205,11794.378614505205,346.6544146835804,14.330958219325888,14.330958219325888,0.42120828029596646,11794.378614505205,11794.378614505205,346.6544146835804,14.330958219325888,,0,,,,False,14.330958219325888,0.42120828029596646,46.285987854003906,50.23579788208008,48.33032225331942,14.35991684754788
PbI2,4.0,4.0,detector_qspace_per_pixel,detector_qr_band_per_qz_bin_fast,False,4,3.1613060814539744,3.1613060814539744,0,0,saved_q_group_rows_no_fit_points,+,+,0.13,19,0.8977633873643397,0.9218968117558544,0.909830099560097,829,829.0,pixel_count,12735.430857301833,12735.430857301833,350.727451890707,15.362401516648774,15.362401516648774,0.42307292146044273,12735.430857301833,12735.430857301833,350.727451890707,15.362401516648774,,0,,,,False,15.362401516648774,0.42307292146044273,46.391639709472656,50.36148452758789,48.454581475483195,15.329359924324368
PbI2,4.0,4.0,detector_qspace_per_pixel,detector_qr_band_per_qz_bin_fast,False,4,3.1613060814539744,3.1613060814539744,0,0,saved_q_group_rows_no_fit_points,+,+,0.13,20,0.9218968117558544,0.9460302361473689,0.9339635239516116,839,839.0,pixel_count,13712.048053349385,13712.048053349385,356.51769280433655,16.343323067162554,16.343323067162554,0.4249316958335358,13712.048053349385,13712.048053349385,356.51769280433655,16.343323067162554,,0,,,,False,16.343323067162554,0.4249316958335358,46.53342819213867,50.47980499267578,48.58197123457471,16.199116493226306
PbI2,4.0,4.0,detector_qspace_per_pixel,detector_qr_band_per_qz_bin_fast,False,4,3.1613060814539744,3.1613060814539744,0,0,saved_q_group_rows_no_fit_points,+,+,0.13,21,0.9460302361473689,0.9701636605388833,0.9580969483431261,842,842.0,pixel_count,14406.368130681136,14406.368130681136,359.2377997934818,17.109700867792323,17.109700867792323,0.4266482182820449,14406.368130681136,14406.368130681136,359.2377997934818,17.109700867792323,,0,,,,False,17.109700867792323,0.4266482182820449,46.67618179321289,50.60745620727539,48.718074168654745,16.741665206184855
PbI2,4.0,4.0,detector_qspace_per_pixel,detector_qr_band_per_qz_bin_fast,False,4,3.1613060814539744,3.1613060814539744,0,0,saved_q_group_rows_no_fit_points,+,+,0.13,22,0.9701636605388833,0.9942970849303978,0.9822303727346405,854,854.0,pixel_count,14396.977973635445,14396.977973635445,366.02771827578545,16.858288025334243,16.858288025334243,0.42860388556883544,14396.977973635445,14396.977973635445,366.02771827578545,16.858288025334243,,0,,,,False,16.858288025334243,0.42860388556883544,46.78574752807617,50.736114501953125,48.843541840582134,16.880511194277048
PbI2,4.0,4.0,detector_qspace_per_pixel,detector_qr_band_per_qz_bin_fast,False,4,3.1613060814539744,3.1613060814539744,0,0,saved_q_group_rows_no_fit_points,+,+,0.13,23,0.9942970849303978,1.0184305093219124,1.0063637971261552,862,862.0,pixel_count,14540.932809426344,14540.932809426344,370.916197091341,16.868831565459796,16.868831565459796,0.4302972124029478,14540.932809426344,14540.932809426344,370.916197091341,16.868831565459796,,0,,,,False,16.868831565459796,0.4302972124029478,46.941654205322266,50.8947868347168,48.98575366661573,16.83251097069123
PbI2,4.0,4.0,detector_qspace_per_pixel,detector_qr_band_per_qz_bin_fast,False,4,3.1613060814539744,3.1613060814539744,0,0,saved_q_group_rows_no_fit_points,+,+,0.13,24,1.0184305093219124,1.0425639337134267,1.0304972215176695,872,872.0,pixel_count,14620.610926919273,14620.610926919273,376.83056849241257,16.76675565013678,16.76675565013678,0.43214514735368414,14620.610926919273,14620.610926919273,376.83056849241257,16.76675565013678,,0,,,,False,16.76675565013678,0.43214514735368414,47.087486267089844,51.02509307861328,49.1217717077859,16.72356253183611
PbI2,4.0,4.0,detector_qspace_per_pixel,detector_qr_band_per_qz_bin_fast,False,4,3.1613060814539744,3.1613060814539744,0,0,saved_q_group_rows_no_fit_points,+,+,0.13,25,1.0425639337134267,1.0666973581049413,1.0546306459091839,878,878.0,pixel_count,14525.581458782657,14525.581458782657,381.03028696775436,16.543942435971136,16.543942435971136,0.4339752698949366,14525.581458782657,14525.581458782657,381.03028696775436,16.543942435971136,,0,,,,False,16.543942435971136,0.4339752698949366,47.234092712402344,51.15626525878906,49.26173553094207,16.57079939492204
PbI2,4.0,4.0,detector_qspace_per_pixel,detector_qr_band_per_qz_bin_fast,False,4,3.1613060814539744,3.1613060814539744,0,0,saved_q_group_rows_no_fit_points,+,+,0.13,26,1.0666973581049413,1.090830782496456,1.0787640703006987,884,884.0,pixel_count,14530.259656189168,14530.259656189168,385.1570710539818,16.436945312431185,16.436945312431185,0.43569804417871244,14530.259656189168,14530.259656189168,385.1570710539818,16.436945312431185,,0,,,,False,16.436945312431185,0.43569804417871244,47.39310836791992,51.288265228271484,49.407662587480814,16.409092935649603
PbI2,4.0,4.0,detector_qspace_per_pixel,detector_qr_band_per_qz_bin_fast,False,4,3.1613060814539744,3.1613060814539744,0,0,saved_q_group_rows_no_fit_points,+,+,0.13,27,1.090830782496456,1.1149642068879704,1.1028974946922132,902,902.0,pixel_count,14616.312782631376,14616.312782631376,394.60576140880585,16.204337896487115,16.204337896487115,0.4374786711849289,14616.312782631376,14616.312782631376,394.60576140880585,16.204337896487115,,0,,,,False,16.204337896487115,0.4374786711849289,47.50856018066406,51.449134826660156,49.55609459986022,16.265207238200937
PbI2,4.0,4.0,detector_qspace_per_pixel,detector_qr_band_per_qz_bin_fast,False,4,3.1613060814539744,3.1613060814539744,0,0,saved_q_group_rows_no_fit_points,+,+,0.13,28,1.1149642068879704,1.139097631279485,1.1270309190837278,904,904.0,pixel_count,14590.394753098835,14590.394753098835,397.084940135479,16.13981720475535,16.13981720475535,0.4392532523622555,14590.394753098835,14590.394753098835,397.084940135479,16.13981720475535,,0,,,,False,16.13981720475535,0.4392532523622555,47.66973876953125,51.58241653442383,49.705558684853436,16.201831345848454
PbI2,4.0,4.0,detector_qspace_per_pixel,detector_qr_band_per_qz_bin_fast,False,4,3.1613060814539744,3.1613060814539744,0,0,saved_q_group_rows_no_fit_points,+,+,0.13,29,1.139097631279485,1.1632310556709995,1.151164343475242,917,917.0,pixel_count,14824.421151533767,14824.421151533767,404.4530998170376,16.166217177245112,16.166217177245112,0.44106117755402136,14824.421151533767,14824.421151533767,404.4530998170376,16.166217177245112,,0,,,,False,16.166217177245112,0.44106117755402136,47.81959533691406,51.75386428833008,49.8571447378254,16.283501604706174
PbI2,4.0,4.0,detector_qspace_per_pixel,detector_qr_band_per_qz_bin_fast,False,4,3.1613060814539744,3.1613060814539744,0,0,saved_q_group_rows_no_fit_points,+,+,0.13,30,1.1632310556709995,1.1873644800625138,1.1752977678667567,927,927.0,pixel_count,15282.471848967769,15282.471848967769,410.5684532523155,16.485945899641607,16.485945899641607,0.44290016532072873,15282.471848967769,15282.471848967769,410.5684532523155,16.485945899641607,,0,,,,False,16.485945899641607,0.44290016532072873,47.982418060302734,51.888397216796875,50.00885606391331,16.523554270698735
PbI2,4.0,4.0,detector_qspace_per_pixel,detector_qr_band_per_qz_bin_fast,False,4,3.1613060814539744,3.1613060814539744,0,0,saved_q_group_rows_no_fit_points,+,+,0.13,31,1.1873644800625138,1.2114979044540284,1.1994311922582712,940,940.0,pixel_count,15865.398145149453,15865.398145149453,418.0463755428791,16.878083133137714,16.878083133137714,0.4447301867477437,15865.398145149453,15865.398145149453,418.0463755428791,16.878083133137714,,0,,,,False,16.878083133137714,0.4447301867477437,48.13347625732422,52.060752868652344,50.165461947329476,16.830743642153934
PbI2,4.0,4.0,detector_qspace_per_pixel,detector_qr_band_per_qz_bin_fast,False,4,3.1613060814539744,3.1613060814539744,0,0,saved_q_group_rows_no_fit_points,+,+,0.13,32,1.2114979044540284,1.235631328845543,1.2235646166497856,949,949.0,pixel_count,16287.83058240234,16287.83058240234,423.7672630548477,17.163151298632602,17.163151298632602,0.4465408462116414,16287.83058240234,16287.83058240234,423.7672630548477,17.163151298632602,,0,,,,False,17.163151298632602,0.4465408462116414,48.297725677490234,52.19635009765625,50.325215041010395,17.05762527885121
PbI2,4.0,4.0,detector_qspace_per_pixel,detector_qr_band_per_qz_bin_fast,False,4,3.1613060814539744,3.1613060814539744,0,0,saved_q_group_rows_no_fit_points,+,+,0.13,33,1.235631328845543,1.2597647532370573,1.2476980410413,962,962.0,pixel_count,16601.12327742391,16601.12327742391,431.33590707182884,17.25688490376706,17.25688490376706,0.44837412377528985,16601.12327742391,16601.12327742391,431.33590707182884,17.25688490376706,,0,,,,False,17.25688490376706,0.44837412377528985,48.46269607543945,52.369415283203125,50.488525339293304,17.084780646723793
PbI2,4.0,4.0,detector_qspace_per_pixel,detector_qr_band_per_qz_bin_fast,False,4,3.1613060814539744,3.1613060814539744,0,0,saved_q_group_rows_no_fit_points,+,+,0.13,34,1.2597647532370573,1.283898177628572,1.2718314654328147,972,972.0,pixel_count,16389.55440043337,16389.55440043337,437.68558660149574,16.861681481927338,16.861681481927338,0.4502938133760244,16389.55440043337,16389.55440043337,437.68558660149574,16.861681481927338,,0,,,,False,16.861681481927338,0.4502938133760244,48.62832260131836,52.532161712646484,50.649825923131104,16.929396423562793
PbI2,4.0,4.0,detector_qspace_per_pixel,detector_qr_band_per_qz_bin_fast,False,4,3.1613060814539744,3.1613060814539744,0,0,saved_q_group_rows_no_fit_points,+,+,0.13,35,1.283898177628572,1.3080316020200866,1.2959648898243294,983,983.0,pixel_count,16484.11608485126,16484.11608485126,444.4342152476311,16.769192354884293,16.769192354884293,0.4521202596618831,16484.11608485126,16484.11608485126,444.4342152476311,16.769192354884293,,0,,,,False,16.769192354884293,0.4521202596618831,48.794559478759766,52.67947769165039,50.82017227036398,16.726804760913225
PbI2,4.0,4.0,detector_qspace_per_pixel,detector_qr_band_per_qz_bin_fast,False,4,3.1613060814539744,3.1613060814539744,0,0,saved_q_group_rows_no_fit_points,+,+,0.13,36,1.3080316020200866,1.332165026411601,1.3200983142158438,997,997.0,pixel_count,16459.496675462757,16459.496675462757,452.6368260383606,16.509023746702866,16.509023746702866,0.45399882250587825,16459.496675462757,16459.496675462757,452.6368260383606,16.509023746702866,,0,,,,False,16.509023746702866,0.45399882250587825,48.961341857910156,52.853153228759766,50.99185578838332,16.525410793217922
PbI2,4.0,4.0,detector_qspace_per_pixel,detector_qr_band_per_qz_bin_fast,False,4,3.1613060814539744,3.1613060814539744,0,0,saved_q_group_rows_no_fit_points,+,+,0.13,37,1.332165026411601,1.3562984508031155,1.3442317386073581,1014,1014.0,pixel_count,16472.774722639402,16472.774722639402,462.40546575188637,16.245339963155228,16.245339963155228,0.45602116938055853,16472.774722639402,16472.774722639402,462.40546575188637,16.245339963155228,,0,,,,False,16.245339963155228,0.45602116938055853,49.158409118652344,53.02687454223633,51.15975497499134,16.397139120787642
PbI2,4.0,4.0,detector_qspace_per_pixel,detector_qr_band_per_qz_bin_fast,False,4,3.1613060814539744,3.1613060814539744,0,0,saved_q_group_rows_no_fit_points,+,+,0.13,38,1.3562984508031155,1.38043187519463,1.368365162998873,1025,1025.0,pixel_count,16820.278718325302,16820.278718325302,469.5568836033344,16.410028017878343,16.410028017878343,0.4581042766861799,16820.278718325302,16820.278718325302,469.5568836033344,16.410028017878343,,0,,,,False,16.410028017878343,0.4581042766861799,49.32583236694336,53.20059585571289,51.32993714260841,16.41146529480544
PbI2,4.0,4.0,detector_qspace_per_pixel,detector_qr_band_per_qz_bin_fast,False,4,3.1613060814539744,3.1613060814539744,0,0,saved_q_group_rows_no_fit_points,+,+,0.13,39,1.38043187519463,1.4045652995861444,1.3924985873903872,1036,1036.0,pixel_count,17137.439707558588,17137.439707558588,476.5457792580128,16.541930219651146,16.541930219651146,0.45998627341507026,17137.439707558588,17137.439707558588,476.5457792580128,16.541930219651146,,0,,,,False,16.541930219651146,0.45998627341507026,49.50737380981445,53.37427520751953,51.51473286491672,16.459775034391576
PbI2,4.0,4.0,detector_qspace_per_pixel,detector_qr_band_per_qz_bin_fast,False,4,3.1613060814539744,3.1613060814539744,0,0,saved_q_group_rows_no_fit_points,+,+,0.13,40,1.4045652995861444,1.428698723977659,1.4166320117819016,1052,1052.0,pixel_count,17322.879509940587,17322.879509940587,486.15908348560333,16.466615503745807,16.466615503745807,0.46212840635513625,17322.879509940587,17322.879509940587,486.15908348560333,16.466615503745807,,0,,,,False,16.466615503745807,0.46212840635513625,49.67565155029297,53.5589599609375,51.689885060998286,16.42847788501513
PbI2,4.0,4.0,detector_qspace_per_pixel,detector_qr_band_per_qz_bin_fast,False,4,3.1613060814539744,3.1613060814539744,0,0,saved_q_group_rows_no_fit_points,+,+,0.13,41,1.428698723977659,1.4528321483691735,1.4407654361734163,1068,1068.0,pixel_count,17359.61928970008,17359.61928970008,495.88012051582336,16.254325177621798,16.254325177621798,0.4643072289474002,17359.61928970008,17359.61928970008,495.88012051582336,16.254325177621798,,0,,,,False,16.254325177621798,0.4643072289474002,49.87275314331055,53.73249053955078,51.868763313095535,16.371064574126564
PbI2,4.0,4.0,detector_qspace_per_pixel,detector_qr_band_per_qz_bin_fast,False,4,3.1613060814539744,3.1613060814539744,0,0,saved_q_group_rows_no_fit_points,+,+,0.13,42,1.4528321483691735,1.4769655727606879,1.4648988605649307,1080,1080.0,pixel_count,17789.37248920329,17789.37248920329,503.7396523654461,16.471641193706752,16.471641193706752,0.4664256040420797,17789.37248920329,17789.37248920329,503.7396523654461,16.471641193706752,,0,,,,False,16.471641193706752,0.4664256040420797,50.05530548095703,53.90584182739258,52.056812536450764,16.33487020580896
PbI2,4.0,4.0,detector_qspace_per_pixel,detector_qr_band_per_qz_bin_fast,False,4,3.1613060814539744,3.1613060814539744,0,0,saved_q_group_rows_no_fit_points,+,+,0.13,43,1.4769655727606879,1.5010989971522026,1.4890322849564452,1098,1098.0,pixel_count,17783.0789573492,17783.0789573492,514.579264998436,16.19588247481712,16.19588247481712,0.46865142531733694,17783.0789573492,17783.0789573492,514.579264998436,16.19588247481712,,0,,,,False,16.19588247481712,0.46865142531733694,50.22412109375,54.09029769897461,52.244500336384895,16.245159186790538
PbI2,4.0,4.0,detector_qspace_per_pixel,detector_qr_band_per_qz_bin_fast,False,4,3.1613060814539744,3.1613060814539744,0,0,saved_q_group_rows_no_fit_points,+,+,0.13,44,1.5010989971522026,1.5252324215437172,1.5131657093479598,1122,1122.0,pixel_count,18184.506063754634,18184.506063754634,528.3550044894218,16.207224655752793,16.207224655752793,0.4709046385823724,18184.506063754634,18184.506063754634,528.3550044894218,16.207224655752793,,0,,,,False,16.207224655752793,0.4709046385823724,50.43488311767578,54.29803466796875,52.43894790053904,16.095738392466888
PbI2,4.0,4.0,detector_qspace_per_pixel,detector_qr_band_per_qz_bin_fast,False,4,3.1613060814539744,3.1613060814539744,0,0,saved_q_group_rows_no_fit_points,+,+,0.13,45,1.5252324215437172,1.5493658459352315,1.5372991337394744,1128,1128.0,pixel_count,17779.333683284425,17779.333683284425,534.0927169024944,15.761820641209598,15.761820641209598,0.4734864511546936,17779.333683284425,17779.333683284425,534.0927169024944,15.761820641209598,,0,,,,False,15.761820641209598,0.4734864511546936,50.61806106567383,54.48189926147461,52.6184391213006,15.95161920815986
PbI2,4.0,4.0,detector_qspace_per_pixel,detector_qr_band_per_qz_bin_fast,False,4,3.1613060814539744,3.1613060814539744,0,0,saved_q_group_rows_no_fit_points,+,+,0.13,46,1.5493658459352315,1.573499270326746,1.561432558130989,1149,1149.0,pixel_count,18316.940484209757,18316.940484209757,546.8229921460152,15.941636626814411,15.941636626814411,0.4759120906405702,18316.940484209757,18316.940484209757,546.8229921460152,15.941636626814411,,0,,,,False,15.941636626814411,0.4759120906405702,50.8283576965332,54.6540412902832,52.81487087043592,15.926552567441103
PbI2,4.0,4.0,detector_qspace_per_pixel,detector_qr_band_per_qz_bin_fast,False,4,3.1613060814539744,3.1613060814539744,0,0,saved_q_group_rows_no_fit_points,+,+,0.13,47,1.573499270326746,1.5976326947182606,1.5855659825225032,1164,1164.0,pixel_count,18566.830323388655,18566.830323388655,556.8379290699959,15.95088515755039,15.95088515755039,0.47838310057559785,18566.830323388655,18566.830323388655,556.8379290699959,15.95088515755039,,0,,,,False,15.95088515755039,0.47838310057559785,51.03817367553711,54.871429443359375,53.01614068606081,15.990658700416581
PbI2,4.0,4.0,detector_qspace_per_pixel,detector_qr_band_per_qz_bin_fast,False,4,3.1613060814539744,3.1613060814539744,0,0,saved_q_group_rows_no_fit_points,+,+,0.13,48,1.5976326947182606,1.621766119109775,1.6096994069140178,1187,1187.0,pixel_count,19141.545565978264,19141.545565978264,571.0345306396484,16.125986154994326,16.125986154994326,0.4810737410612034,19141.545565978264,19141.545565978264,571.0345306396484,16.125986154994326,,0,,,,False,16.125986154994326,0.4810737410612034,51.221256256103516,55.05419921875,53.21262058110278,16.06805639463041
PbI2,4.0,4.0,detector_qspace_per_pixel,detector_qr_band_per_qz_bin_fast,False,4,3.1613060814539744,3.1613060814539744,0,0,saved_q_group_rows_no_fit_points,+,+,0.13,49,1.621766119109775,1.6458995435012895,1.6338328313055324,1203,1203.0,pixel_count,19358.923867468788,19358.923867468788,582.1445180177689,16.092206041121187,16.092206041121187,0.4839106550438644,19358.923867468788,19358.923867468788,582.1445180177689,16.092206041121187,,0,,,,False,16.092206041121187,0.4839106550438644,51.4302978515625,55.236610412597656,53.408886715405195,16.135309935530277
PbI2,4.0,4.0,detector_qspace_per_pixel,detector_qr_band_per_qz_bin_fast,False,4,3.1613060814539744,3.1613060814539744,0,0,saved_q_group_rows_no_fit_points,+,+,0.13,50,1.6458995435012895,1.670032967892804,1.6579662556970467,1221,1221.0,pixel_count,19745.214106224532,19745.214106224532,594.3661448061466,16.171346524344415,16.171346524344415,0.48678635938259346,19745.214106224532,19745.214106224532,594.3661448061466,16.171346524344415,,0,,,,False,16.171346524344415,0.48678635938259346,51.6533317565918,55.45193099975586,53.6110178330791,16.250206510416547
PbI2,4.0,4.0,detector_qspace_per_pixel,detector_qr_band_per_qz_bin_fast,False,4,3.1613060814539744,3.1613060814539744,0,0,saved_q_group_rows_no_fit_points,+,+,0.13,51,1.670032967892804,1.6941663922843184,1.6820996800885613,1248,1248.0,pixel_count,20595.005623202407,20595.005623202407,611.21579682827,16.502408351925006,16.502408351925006,0.4897562474585496,20595.005623202407,20595.005623202407,611.21579682827,16.502408351925006,,0,,,,False,16.502408351925006,0.4897562474585496,51.83591842651367,55.65459442138672,53.81948725854558,16.417462379538684
PbI2,4.0,4.0,detector_qspace_per_pixel,detector_qr_band_per_qz_bin_fast,False,4,3.1613060814539744,3.1613060814539744,0,0,saved_q_group_rows_no_fit_points,+,+,0.13,52,1.6941663922843184,1.7182998166758332,1.7062331044800758,1266,1266.0,pixel_count,20912.070993644535,20912.070993644535,624.0387802124023,16.518223533684466,16.518223533684466,0.49292162733997025,20912.070993644535,20912.070993644535,624.0387802124023,16.518223533684466,,0,,,,False,16.518223533684466,0.49292162733997025,52.05803298950195,55.84688186645508,54.02439466736016,16.578862975169493
PbI2,4.0,4.0,detector_qspace_per_pixel,detector_qr_band_per_qz_bin_fast,False,4,3.1613060814539744,3.1613060814539744,0,0,saved_q_group_rows_no_fit_points,+,+,0.13,53,1.7182998166758332,1.7424332410673478,1.7303665288715906,1288,1288.0,pixel_count,21560.12038689979,21560.12038689979,639.1152741312981,16.73922390287251,16.73922390287251,0.49620751097150473,21560.12038689979,21560.12038689979,639.1152741312981,16.73922390287251,,0,,,,False,16.73922390287251,0.49620751097150473,52.26469421386719,56.0594482421875,54.23357233689817,16.783569649133263
PbI2,4.0,4.0,detector_qspace_per_pixel,detector_qr_band_per_qz_bin_fast,False,4,3.1613060814539744,3.1613060814539744,0,0,saved_q_group_rows_no_fit_points,+,+,0.13,54,1.7424332410673478,1.766566665458862,1.754499953263105,1313,1313.0,pixel_count,22351.749106848136,22351.749106848136,655.9482257068157,17.023418969419755,17.023418969419755,0.49957976062971493,22351.749106848136,22351.749106848136,655.9482257068157,17.023418969419755,,0,,,,False,17.023418969419755,0.49957976062971493,52.485328674316406,56.27091598510742,54.44991926680373,17.08303571996459
PbI2,4.0,4.0,detector_qspace_per_pixel,detector_qr_band_per_qz_bin_fast,False,4,3.1613060814539744,3.1613060814539744,0,0,saved_q_group_rows_no_fit_points,+,+,0.13,55,1.766566665458862,1.7907000898503767,1.7786333776546193,1336,1336.0,pixel_count,23335.750328201084,23335.750328201084,672.3644150197506,17.466878988174464,17.466878988174464,0.5032667777093942,23335.750328201084,23335.750328201084,672.3644150197506,17.466878988174464,,0,,,,False,17.466878988174464,0.5032667777093942,52.68132781982422,56.48125076293945,54.65710001029792,17.45853146227926
PbI2,4.0,4.0,detector_qspace_per_pixel,detector_qr_band_per_qz_bin_fast,False,4,3.1613060814539744,3.1613060814539744,0,0,saved_q_group_rows_no_fit_points,+,+,0.13,56,1.7907000898503767,1.8148335142418912,1.802766802046134,1360,1360.0,pixel_count,24283.07785573221,24283.07785573221,689.4853806197643,17.855204305685447,17.855204305685447,0.5069745445733561,24283.07785573221,24283.07785573221,689.4853806197643,17.855204305685447,,0,,,,False,17.855204305685447,0.5069745445733561,52.90066146850586,56.6904182434082,54.87887613099367,17.834161033657487
PbI2,4.0,4.0,detector_qspace_per_pixel,detector_qr_band_per_qz_bin_fast,False,4,3.1613060814539744,3.1613060814539744,0,0,saved_q_group_rows_no_fit_points,+,+,0.13,57,1.8148335142418912,1.8389669386334055,1.8269002264376484,1383,1383.0,pixel_count,25330.069607390258,25330.069607390258,706.7274569869041,18.315307019081892,18.315307019081892,0.5110104533527868,25330.069607390258,25330.069607390258,706.7274569869041,18.315307019081892,,0,,,,False,18.315307019081892,0.5110104533527868,53.11909866333008,56.91013717651367,55.089936945097314,18.05331966536592
PbI2,4.0,4.0,detector_qspace_per_pixel,detector_qr_band_per_qz_bin_fast,False,4,3.1613060814539744,3.1613060814539744,0,0,saved_q_group_rows_no_fit_points,+,+,0.13,58,1.8389669386334055,1.8631003630249203,1.851033650829163,1418,1418.0,pixel_count,25663.200433576876,25663.200433576876,730.4042296111584,18.09816673736028,18.09816673736028,0.5150946612208451,25663.200433576876,25663.200433576876,730.4042296111584,18.09816673736028,,0,,,,False,18.09816673736028,0.5150946612208451,53.37425231933594,57.128623962402344,55.318517746402314,17.958240116525932
PbI2,4.0,4.0,detector_qspace_per_pixel,detector_qr_band_per_qz_bin_fast,False,4,3.1613060814539744,3.1613060814539744,0,0,saved_q_group_rows_no_fit_points,+,+,0.13,59,1.8631003630249203,1.8872337874164347,1.8751670752206775,1434,1434.0,pixel_count,25137.890468479618,25137.890468479618,745.011813044548,17.52990967118523,17.52990967118523,0.5195340397800196,25137.890468479618,25137.890468479618,745.011813044548,17.52990967118523,,0,,,,False,17.52990967118523,0.5195340397800196,53.59044647216797,57.345829010009766,55.536083782031724,17.6720877262813
PbI2,4.0,4.0,detector_qspace_per_pixel,detector_qr_band_per_qz_bin_fast,False,4,3.1613060814539744,3.1613060814539744,0,0,saved_q_group_rows_no_fit_points,+,+,0.13,60,1.8872337874164347,1.9113672118079492,1.8993004996121918,1471,1471.0,pixel_count,25674.989096556892,25674.989096556892,771.0370795726776,17.45410543613657,17.45410543613657,0.5241584497434926,25674.989096556892,25674.989096556892,771.0370795726776,17.45410543613657,,0,,,,False,17.45410543613657,0.5241584497434926,53.82044982910156,57.56172180175781,55.758699970715284,17.414128476177005
PbI2,4.0,4.0,detector_qspace_per_pixel,detector_qr_band_per_qz_bin_fast,False,4,3.1613060814539744,3.1613060814539744,0,0,saved_q_group_rows_no_fit_points,+,+,0.13,61,1.9113672118079492,1.935500636199464,1.9234339240037066,1495,1495.0,pixel_count,25720.398809995917,25720.398809995917,790.7677457928658,17.204280140465496,17.204280140465496,0.52894163598185,25720.398809995917,25720.398809995917,790.7677457928658,17.204280140465496,,0,,,,False,17.204280140465496,0.52894163598185,54.04938888549805,57.79454040527344,55.993045280328616,17.181037086102346
PbI2,4.0,4.0,detector_qspace_per_pixel,detector_qr_band_per_qz_bin_fast,False,4,3.1613060814539744,3.1613060814539744,0,0,saved_q_group_rows_no_fit_points,+,+,0.13,62,1.935500636199464,1.9596340605909783,1.9475673483952212,1529,1529.0,pixel_count,25709.555775786597,25709.555775786597,816.6347721815109,16.814621174484365,16.814621174484365,0.5340973003149189,25709.555775786597,25709.555775786597,816.6347721815109,16.814621174484365,,0,,,,False,16.814621174484365,0.5340973003149189,54.26239776611328,58.007408142089844,56.2186137690098,17.00393961715025
PbI2,4.0,4.0,detector_qspace_per_pixel,detector_qr_band_per_qz_bin_fast,False,4,3.1613060814539744,3.1613060814539744,0,0,saved_q_group_rows_no_fit_points,+,+,0.13,63,1.9596340605909783,1.9837674849824927,1.9717007727867355,1558,1558.0,pixel_count,26519.774990017795,26519.774990017795,840.5534403920174,17.021678427482538,17.021678427482538,0.5395079848472512,26519.774990017795,26519.774990017795,840.5534403920174,17.021678427482538,,0,,,,False,17.021678427482538,0.5395079848472512,54.48907470703125,58.24820327758789,56.44901822666611,16.960129344985432
PbI2,4.0,4.0,detector_qspace_per_pixel,detector_qr_band_per_qz_bin_fast,False,4,3.1613060814539744,3.1613060814539744,0,0,saved_q_group_rows_no_fit_points,+,+,0.13,64,1.9837674849824927,2.0079009093740074,1.99583419717825,1593,1593.0,pixel_count,26972.35380868013,26972.35380868013,868.5176578164101,16.931797745561916,16.931797745561916,0.5452088247435092,26972.35380868013,26972.35380868013,868.5176578164101,16.931797745561916,,0,,,,False,16.931797745561916,0.5452088247435092,54.75006866455078,58.46955108642578,56.68164453198593,16.981555492789973
PbI2,4.0,4.0,detector_qspace_per_pixel,detector_qr_band_per_qz_bin_fast,False,4,3.1613060814539744,3.1613060814539744,0,0,saved_q_group_rows_no_fit_points,+,+,0.13,65,2.0079009093740074,2.032034333765522,2.019967621569765,1628,1628.0,pixel_count,27616.879235698896,27616.879235698896,897.3864599466324,16.963685034213082,16.963685034213082,0.5512201842424032,27616.879235698896,27616.879235698896,897.3864599466324,16.963685034213082,,0,,,,False,16.963685034213082,0.5512201842424032,54.97395324707031,58.70643997192383,56.919379357125756,17.075310922797726
PbI2,4.0,4.0,detector_qspace_per_pixel,detector_qr_band_per_qz_bin_fast,False,4,3.1613060814539744,3.1613060814539744,0,0,saved_q_group_rows_no_fit_points,+,+,0.13,66,2.032034333765522,2.056167758157036,2.0441010459612787,1663,1663.0,pixel_count,28891.16420752725,28891.16420752725,927.2985042333603,17.372918946197984,17.372918946197984,0.5576058353778475,28891.16420752725,28891.16420752725,927.2985042333603,17.372918946197984,,0,,,,False,17.372918946197984,0.5576058353778475,55.23131561279297,58.952728271484375,57.15420520921996,17.218536892768938
PbI2,4.0,4.0,detector_qspace_per_pixel,detector_qr_band_per_qz_bin_fast,False,4,3.1613060814539744,3.1613060814539744,0,0,saved_q_group_rows_no_fit_points,+,+,0.13,67,2.056167758157036,2.080301182548551,2.0682344703527935,1697,1697.0,pixel_count,29298.55788311958,29298.55788311958,957.6354620456696,17.264913307672117,17.264913307672117,0.5643108202979785,29298.55788311958,29298.55788311958,957.6354620456696,17.264913307672117,,0,,,,False,17.264913307672117,0.5643108202979785,55.46691131591797,59.1688346862793,57.39589579699375,17.289938967381033
PbI2,4.0,4.0,detector_qspace_per_pixel,detector_qr_band_per_qz_bin_fast,False,4,3.1613060814539744,3.1613060814539744,0,0,saved_q_group_rows_no_fit_points,+,+,0.13,68,2.080301182548551,2.1044346069400652,2.0923678947443083,1743,1743.0,pixel_count,30155.66783316642,30155.66783316642,996.0289381146431,17.301014247370293,17.301014247370293,0.5714451739039834,30155.66783316642,30155.66783316642,996.0289381146431,17.301014247370293,,0,,,,False,17.301014247370293,0.5714451739039834,55.68648147583008,59.410953521728516,57.63637843677945,17.32661448900904
PbI2,4.0,4.0,detector_qspace_per_pixel,detector_qr_band_per_qz_bin_fast,False,4,3.1613060814539744,3.1613060814539744,0,0,saved_q_group_rows_no_fit_points,+,+,0.13,69,2.1044346069400652,2.1285680313315796,2.116501319135822,1779,1779.0,pixel_count,30941.846110843602,30941.846110843602,1030.022248864174,17.392830866129064,17.392830866129064,0.5789894597325317,30941.846110843602,30941.846110843602,1030.022248864174,17.392830866129064,,0,,,,False,17.392830866129064,0.5789894597325317,55.952842712402344,59.65077590942383,57.87943436305797,17.37037180117225
PbI2,4.0,4.0,detector_qspace_per_pixel,detector_qr_band_per_qz_bin_fast,False,4,3.1613060814539744,3.1613060814539744,0,0,saved_q_group_rows_no_fit_points,+,+,0.13,70,2.1285680313315796,2.1527014557230943,2.140634743527337,1818,1818.0,pixel_count,31816.461268976298,31816.461268976298,1067.0760231614113,17.500803778314797,17.500803778314797,0.5869505077895552,31816.461268976298,31816.461268976298,1067.0760231614113,17.500803778314797,,0,,,,False,17.500803778314797,0.5869505077895552,56.20243453979492,59.88828659057617,58.12595903252734,17.317139553281685
PbI2,4.0,4.0,detector_qspace_per_pixel,detector_qr_band_per_qz_bin_fast,False,4,3.1613060814539744,3.1613060814539744,0,0,saved_q_group_rows_no_fit_points,+,+,0.13,71,2.1527014557230943,2.1768348801146087,2.1647681679188517,1867,1867.0,pixel_count,31908.044603836355,31908.044603836355,1111.5898194909096,17.09054344072649,17.09054344072649,0.5953882268296249,31908.044603836355,31908.044603836355,1111.5898194909096,17.09054344072649,,0,,,,False,17.09054344072649,0.5953882268296249,56.46426010131836,60.14996337890625,58.3743176501033,17.070911371682172
PbI2,4.0,4.0,detector_qspace_per_pixel,detector_qr_band_per_qz_bin_fast,False,4,3.1613060814539744,3.1613060814539744,0,0,saved_q_group_rows_no_fit_points,+,+,0.13,72,2.1768348801146087,2.200968304506123,2.1889015923103656,1909,1909.0,pixel_count,31982.73081613427,31982.73081613427,1153.6812146902084,16.75365679210805,16.75365679210805,0.6043379856941898,31982.73081613427,31982.73081613427,1153.6812146902084,16.75365679210805,,0,,,,False,16.75365679210805,0.6043379856941898,56.69139862060547,60.3936653137207,58.62138661772163,16.689200180073335
PbI2,4.0,4.0,detector_qspace_per_pixel,detector_qr_band_per_qz_bin_fast,False,4,3.1613060814539744,3.1613060814539744,0,0,saved_q_group_rows_no_fit_points,+,+,0.13,73,2.200968304506123,2.225101728897638,2.2130350167018804,1957,1957.0,pixel_count,31657.681931076113,31657.681931076113,1201.2098652720451,16.17663869753506,16.17663869753506,0.6138016685089653,31657.681931076113,31657.681931076113,1201.2098652720451,16.17663869753506,,0,,,,False,16.17663869753506,0.6138016685089653,56.963218688964844,60.63489532470703,58.87230664142964,16.277443160223047
PbI2,4.0,4.0,detector_qspace_per_pixel,detector_qr_band_per_qz_bin_fast,False,4,3.1613060814539744,3.1613060814539744,0,0,saved_q_group_rows_no_fit_points,+,+,0.13,74,2.225101728897638,2.2492351532891526,2.237168441093395,2007,2007.0,pixel_count,31984.716578565138,31984.716578565138,1252.0282405614853,15.936580258378244,15.936580258378244,0.6238307127859917,31984.716578565138,31984.716578565138,1252.0282405614853,15.936580258378244,,0,,,,False,15.936580258378244,0.6238307127859917,57.218284606933594,60.887969970703125,59.129352975598586,15.935420570999586
PbI2,4.0,4.0,detector_qspace_per_pixel,detector_qr_band_per_qz_bin_fast,False,4,3.1613060814539744,3.1613060814539744,0,0,saved_q_group_rows_no_fit_points,+,+,0.13,75,2.2492351532891526,2.273368577680667,2.26130186548491,2059,2059.0,pixel_count,32013.840825353822,32013.840825353822,1306.373906493187,15.548247122561351,15.548247122561351,0.634470085717915,32013.840825353822,32013.840825353822,1306.373906493187,15.548247122561351,,0,,,,False,15.548247122561351,0.634470085717915,57.470951080322266,61.13492202758789,59.38165208547512,15.71198292334733
PbI2,4.0,4.0,detector_qspace_per_pixel,detector_qr_band_per_qz_bin_fast,False,4,3.1613060814539744,3.1613060814539744,0,0,saved_q_group_rows_no_fit_points,+,+,0.13,76,2.273368577680667,2.2975020020721817,2.2854352898764243,2111,2111.0,pixel_count,33160.87696916547,33160.87696916547,1363.1419548988342,15.708610596478193,15.708610596478193,0.6457328066787467,33160.87696916547,33160.87696916547,1363.1419548988342,15.708610596478193,,0,,,,False,15.708610596478193,0.6457328066787467,57.7352180480957,61.392967224121094,59.64086527289989,15.588495888482004
PbI2,4.0,4.0,detector_qspace_per_pixel,detector_qr_band_per_qz_bin_fast,False,4,3.1613060814539744,3.1613060814539744,0,0,saved_q_group_rows_no_fit_points,+,+,0.13,77,2.2975020020721817,2.321635426463696,2.3095687142679386,2171,2171.0,pixel_count,33458.763999963434,33458.763999963434,1427.8174713850021,15.411683095330924,15.411683095330924,0.6576773244518664,33458.763999963434,33458.763999963434,1427.8174713850021,15.411683095330924,,0,,,,False,15.411683095330924,0.6576773244518664,57.99687576293945,61.64779281616211,59.89798616471955,15.458803767950654
PbI2,4.0,4.0,detector_qspace_per_pixel,detector_qr_band_per_qz_bin_fast,False,4,3.1613060814539744,3.1613060814539744,0,0,saved_q_group_rows_no_fit_points,+,+,0.13,78,2.321635426463696,2.3457688508552104,2.3337021386594534,2228,2228.0,pixel_count,34087.24331298971,34087.24331298971,1493.5358636379242,15.299480840659655,15.299480840659655,0.6703482332306662,34087.24331298971,34087.24331298971,1493.5358636379242,15.299480840659655,,0,,,,False,15.299480840659655,0.6703482332306662,58.25590896606445,61.91010665893555,60.162942568027944,15.339792715877174
PbI2,4.0,4.0,detector_qspace_per_pixel,detector_qr_band_per_qz_bin_fast,False,4,3.1613060814539744,3.1613060814539744,0,0,saved_q_group_rows_no_fit_points,+,+,0.13,79,2.3457688508552104,2.369902275246725,2.3578355630509678,2296,2296.0,pixel_count,35123.14840977428,35123.14840977428,1570.0016387701035,15.29753850599925,15.29753850599925,0.6837986231577106,35123.14840977428,35123.14840977428,1570.0016387701035,15.29753850599925,,0,,,,False,15.29753850599925,0.6837986231577106,58.526039123535156,62.16904067993164,60.426715018910315,15.249157126223535
PbI2,4.0,4.0,detector_qspace_per_pixel,detector_qr_band_per_qz_bin_fast,False,4,3.1613060814539744,3.1613060814539744,0,0,saved_q_group_rows_no_fit_points,+,+,0.13,80,2.369902275246725,2.3940356996382395,2.381968987442482,2349,2349.0,pixel_count,35590.27948245566,35590.27948245566,1639.549729347229,15.151247118967929,15.151247118967929,0.6979777476999698,35590.27948245566,35590.27948245566,1639.549729347229,15.151247118967929,,0,,,,False,15.151247118967929,0.6979777476999698,58.77968215942383,62.42461013793945,60.685803188634345,15.122689763562281
PbI2,4.0,4.0,detector_qspace_per_pixel,detector_qr_band_per_qz_bin_fast,False,4,3.1613060814539744,3.1613060814539744,0,0,saved_q_group_rows_no_fit_points,+,+,0.13,81,2.3940356996382395,2.418169124029754,2.406102411833997,2420,2420.0,pixel_count,36167.145438396044,36167.145438396044,1725.4982108473778,14.945101420824813,14.945101420824813,0.7130157896063545,36167.145438396044,36167.145438396044,1725.4982108473778,14.945101420824813,,0,,,,False,14.945101420824813,0.7130157896063545,59.07272720336914,62.68724060058594,60.953058922384706,14.950836470382342
PbI2,4.0,4.0,detector_qspace_per_pixel,detector_qr_band_per_qz_bin_fast,False,4,3.1613060814539744,3.1613060814539744,0,0,saved_q_group_rows_no_fit_points,+,+,0.13,82,2.418169124029754,2.4423025484212686,2.430235836225511,2501,2501.0,pixel_count,36934.38984954265,36934.38984954265,1823.1437726020813,14.76784880029694,14.76784880029694,0.7289659226717639,36934.38984954265,36934.38984954265,1823.1437726020813,14.76784880029694,,0,,,,False,14.76784880029694,0.7289659226717639,59.33395767211914,62.946346282958984,61.22028074734092,14.767664631591142
PbI2,4.0,4.0,detector_qspace_per_pixel,detector_qr_band_per_qz_bin_fast,False,4,3.1613060814539744,3.1613060814539744,0,0,saved_q_group_rows_no_fit_points,+,+,0.13,83,2.4423025484212686,2.466435972812783,2.4543692606170255,2557,2557.0,pixel_count,37296.77687192099,37296.77687192099,1907.3431733250618,14.586146606148217,14.586146606148217,0.7459300638737043,37296.77687192099,37296.77687192099,1907.3431733250618,14.586146606148217,,0,,,,False,14.586146606148217,0.7459300638737043,59.61994934082031,63.22383499145508,61.50195585952724,14.59177717162489
PbI2,4.0,4.0,detector_qspace_per_pixel,detector_qr_band_per_qz_bin_fast,False,4,3.1613060814539744,3.1613060814539744,0,0,saved_q_group_rows_no_fit_points,+,+,0.13,84,2.466435972812783,2.4905693972042973,2.4785026850085403,2646,2646.0,pixel_count,38075.88947241834,38075.88947241834,2020.728078842163,14.38998090416415,14.38998090416415,0.7636916397740601,38075.88947241834,38075.88947241834,2020.728078842163,14.38998090416415,,0,,,,False,14.38998090416415,0.7636916397740601,59.87501907348633,63.47557830810547,61.76513109349945,14.45178569521413
PbI2,4.0,4.0,detector_qspace_per_pixel,detector_qr_band_per_qz_bin_fast,False,4,3.1613060814539744,3.1613060814539744,0,0,saved_q_group_rows_no_fit_points,+,+,0.13,85,2.4905693972042973,2.514702821595812,2.5026361094000547,2727,2727.0,pixel_count,39183.51355608125,39183.51355608125,2134.123275578022,14.368725176414099,14.368725176414099,0.7825901267246138,39183.51355608125,39183.51355608125,2134.123275578022,14.368725176414099,,0,,,,False,14.368725176414099,0.7825901267246138,60.167022705078125,63.75495910644531,62.04144605424021,14.367013987204874
PbI2,4.0,4.0,detector_qspace_per_pixel,detector_qr_band_per_qz_bin_fast,False,4,3.1613060814539744,3.1613060814539744,0,0,saved_q_group_rows_no_fit_points,+,+,0.13,86,2.514702821595812,2.5388362459873264,2.526769533791569,2813,2813.0,pixel_count,40367.15574669043,40367.15574669043,2257.584722995758,14.350215338318673,14.350215338318673,0.8025541141115385,40367.15574669043,40367.15574669043,2257.584722995758,14.350215338318673,,0,,,,False,14.350215338318673,0.8025541141115385,60.42876052856445,64.0299301147461,62.31892334417102,14.28067149658857
PbI2,4.0,4.0,detector_qspace_per_pixel,detector_qr_band_per_qz_bin_fast,False,4,3.1613060814539744,3.1613060814539744,0,0,saved_q_group_rows_no_fit_points,+,+,0.13,87,2.5388362459873264,2.5629696703788407,2.5509029581830838,2902,2902.0,pixel_count,40913.800170249415,40913.800170249415,2389.9775310754776,14.098483862939151,14.098483862939151,0.8235622091921012,40913.800170249415,40913.800170249415,2389.9775310754776,14.098483862939151,,0,,,,False,14.098483862939151,0.8235622091921012,60.713279724121094,64.300537109375,62.594584703009104,14.168456680316151
PbI2,4.0,4.0,detector_qspace_per_pixel,detector_qr_band_per_qz_bin_fast,False,4,3.1613060814539744,3.1613060814539744,0,0,saved_q_group_rows_no_fit_points,+,+,0.13,88,2.5629696703788407,2.5871030947703555,2.575036382574598,3001,3001.0,pixel_count,42216.12023175419,42216.12023175419,2538.104183077812,14.067350960264642,14.067350960264642,0.845752810089241,42216.12023175419,42216.12023175419,2538.104183077812,14.067350960264642,,0,,,,False,14.067350960264642,0.845752810089241,61.006492614746094,64.5764389038086,62.875102108903576,14.10208911119803
PbI2,4.0,4.0,detector_qspace_per_pixel,detector_qr_band_per_qz_bin_fast,False,4,3.1613060814539744,3.1613060814539744,0,0,saved_q_group_rows_no_fit_points,+,+,0.13,89,2.5871030947703555,2.61123651916187,2.5991698069661124,3096,3096.0,pixel_count,43695.33303672163,43695.33303672163,2690.7769181728363,14.113479663023783,14.113479663023783,0.8691139916578928,43695.33303672163,43695.33303672163,2690.7769181728363,14.113479663023783,,0,,,,False,14.113479663023783,0.8691139916578928,61.29550552368164,64.86734008789062,63.15818685773041,14.081309258710466
PbI2,4.0,4.0,detector_qspace_per_pixel,detector_qr_band_per_qz_bin_fast,False,4,3.1613060814539744,3.1613060814539744,0,0,saved_q_group_rows_no_fit_points,+,+,0.13,90,2.61123651916187,2.635369943553384,2.623303231357627,3200,3200.0,pixel_count,45011.762847558086,45011.762847558086,2859.405425608158,14.066175889861903,14.066175889861903,0.8935641955025494,45011.762847558086,45011.762847558086,2859.405425608158,14.066175889861903,,0,,,,False,14.066175889861903,0.8935641955025494,61.580352783203125,65.13391876220703,63.4398009107092,14.039135804674684
PbI2,4.0,4.0,detector_qspace_per_pixel,detector_qr_band_per_qz_bin_fast,False,4,3.1613060814539744,3.1613060814539744,0,0,saved_q_group_rows_no_fit_points,+,+,0.13,91,2.635369943553384,2.659503367944899,2.6474366557491416,3319,3319.0,pixel_count,46297.71586371309,46297.71586371309,3051.099558711052,13.94929673507475,13.94929673507475,0.9192827835827213,46297.71586371309,46297.71586371309,3051.099558711052,13.94929673507475,,0,,,,False,13.94929673507475,0.9192827835827213,61.861061096191406,65.42404174804688,63.7262464104817,13.958718038574762
PbI2,4.0,4.0,detector_qspace_per_pixel,detector_qr_band_per_qz_bin_fast,False,4,3.1613060814539744,3.1613060814539744,0,0,saved_q_group_rows_no_fit_points,+,+,0.13,92,2.659503367944899,2.6836367923364137,2.6715700801406563,3427,3427.0,pixel_count,47663.34874683672,47663.34874683672,3242.313529908657,13.908184635785444,13.908184635785444,0.9461084125791237,47663.34874683672,47663.34874683672,3242.313529908657,13.908184635785444,,0,,,,False,13.908184635785444,0.9461084125791237,62.14971923828125,65.69960021972656,64.01232368388848,13.838972853718982
PbI2,4.0,4.0,detector_qspace_per_pixel,detector_qr_band_per_qz_bin_fast,False,4,3.1613060814539744,3.1613060814539744,0,0,saved_q_group_rows_no_fit_points,+,+,0.13,93,2.6836367923364137,2.707770216727928,2.6957035045321707,3553,3553.0,pixel_count,48503.12247436178,48503.12247436178,3460.89464533329,13.651315078627013,13.651315078627013,0.9740767366544583,48503.12247436178,48503.12247436178,3460.89464533329,13.651315078627013,,0,,,,False,13.651315078627013,0.9740767366544583,62.434024810791016,65.97938537597656,64.30136798525672,13.669186026299341
PbI2,4.0,4.0,detector_qspace_per_pixel,detector_qr_band_per_qz_bin_fast,False,4,3.1613060814539744,3.1613060814539744,0,0,saved_q_group_rows_no_fit_points,+,+,0.13,94,2.707770216727928,2.731903641119443,2.7198369289236854,3683,3683.0,pixel_count,49583.8027578106,49583.8027578106,3694.454200923443,13.462884267665109,13.462884267665109,1.003110019256976,49583.8027578106,49583.8027578106,3694.454200923443,13.462884267665109,,0,,,,False,13.462884267665109,1.003110019256976,62.72575378417969,66.27159118652344,64.59008481642526,13.497956636442744
PbI2,4.0,4.0,detector_qspace_per_pixel,detector_qr_band_per_qz_bin_fast,False,4,3.1613060814539744,3.1613060814539744,0,0,saved_q_group_rows_no_fit_points,+,+,0.13,95,2.731903641119443,2.756037065510957,2.7439703533152002,3817,3817.0,pixel_count,51086.29196655767,51086.29196655767,3943.6284512877464,13.383885765406777,13.383885765406777,1.0331748627947988,51086.29196655767,51086.29196655767,3943.6284512877464,13.383885765406777,,0,,,,False,13.383885765406777,1.0331748627947988,63.03512191772461,66.5666275024414,64.88276254132953,13.352812339504563
PbI2,4.0,4.0,detector_qspace_per_pixel,detector_qr_band_per_qz_bin_fast,False,4,3.1613060814539744,3.1613060814539744,0,0,saved_q_group_rows_no_fit_points,+,+,0.13,96,2.756037065510957,2.7801704899024715,2.768103777706714,3976,3976.0,pixel_count,52327.56135697654,52327.56135697654,4231.149316906929,13.160855472076594,13.160855472076594,1.0641723634071754,52327.56135697654,52327.56135697654,4231.149316906929,13.160855472076594,,0,,,,False,13.160855472076594,1.0641723634071754,63.31731414794922,66.84744262695312,65.17788192719335,13.233402974401475
PbI2,4.0,4.0,detector_qspace_per_pixel,detector_qr_band_per_qz_bin_fast,False,7,4.182014854841658,4.182014854841658,0,0,saved_q_group_rows_no_fit_points,-,-,0.13,1,0.46336174831707855,0.48749517270859305,0.4754284605128358,2522,2522.0,pixel_count,32577.243058929696,32577.243058929696,976.6096322536469,12.91722563795785,12.91722563795785,0.38723617456528425,32577.243058929696,32577.243058929696,976.6096322536469,12.91722563795785,,0,,,,False,12.91722563795785,0.38723617456528425,60.263580322265625,64.53227233886719,62.54133292306951,12.899695288285844
PbI2,4.0,4.0,detector_qspace_per_pixel,detector_qr_band_per_qz_bin_fast,False,7,4.182014854841658,4.182014854841658,0,0,saved_q_group_rows_no_fit_points,-,-,0.13,2,0.48749517270859305,0.5116285971001077,0.4995618849043504,2543,2543.0,pixel_count,32695.279655047216,32695.279655047216,990.8868044316769,12.856971944572244,12.856971944572244,0.38965269541159137,32695.279655047216,32695.279655047216,990.8868044316769,12.856971944572244,,0,,,,False,12.856971944572244,0.38965269541159137,60.337467193603516,64.60272216796875,62.61496674629321,12.885595437267364
PbI2,4.0,4.0,detector_qspace_per_pixel,detector_qr_band_per_qz_bin_fast,False,7,4.182014854841658,4.182014854841658,0,0,saved_q_group_rows_no_fit_points,-,-,0.13,3,0.5116285971001077,0.5357620214916221,0.5236953092958649,2565,2565.0,pixel_count,32962.479218341454,32962.479218341454,1005.7882910966873,12.850869090971328,12.850869090971328,0.3921201914606968,32962.479218341454,32962.479218341454,1005.7882910966873,12.850869090971328,,0,,,,False,12.850869090971328,0.3921201914606968,60.410362243652344,64.67379760742188,62.68542635748616,12.92426706648731
PbI2,4.0,4.0,detector_qspace_per_pixel,detector_qr_band_per_qz_bin_fast,False,7,4.182014854841658,4.182014854841658,0,0,saved_q_group_rows_no_fit_points,-,-,0.13,4,0.5357620214916221,0.5598954458831366,0.5478287336873793,2596,2596.0,pixel_count,33883.24425911803,33883.24425911803,1024.3998434245586,13.052097172233447,13.052097172233447,0.3946070275133123,33883.24425911803,33883.24425911803,1024.3998434245586,13.052097172233447,,0,,,,False,13.052097172233447,0.3946070275133123,60.483978271484375,64.74396514892578,62.76314157898743,13.034904180761357
PbI2,4.0,4.0,detector_qspace_per_pixel,detector_qr_band_per_qz_bin_fast,False,7,4.182014854841658,4.182014854841658,0,0,saved_q_group_rows_no_fit_points,-,-,0.13,5,0.5598954458831366,0.5840288702746511,0.5719621580788938,2617,2617.0,pixel_count,34474.249168130955,34474.249168130955,1039.2754407823086,13.173194179644996,13.173194179644996,0.39712473854883784,34474.249168130955,34474.249168130955,1039.2754407823086,13.173194179644996,,0,,,,False,13.173194179644996,0.39712473854883784,60.560489654541016,64.82987213134766,62.84639931441135,13.160160359741699
PbI2,4.0,4.0,detector_qspace_per_pixel,detector_qr_band_per_qz_bin_fast,False,7,4.182014854841658,4.182014854841658,0,0,saved_q_group_rows_no_fit_points,-,-,0.13,6,0.5840288702746511,0.6081622946661657,0.5960955824704084,2648,2648.0,pixel_count,35149.07138000671,35149.07138000671,1058.4041587114334,13.273818496981386,13.273818496981386,0.39969945570673465,35149.07138000671,35149.07138000671,1058.4041587114334,13.273818496981386,,0,,,,False,13.273818496981386,0.39969945570673465,60.635589599609375,64.9161605834961,62.92503631052397,13.263419316396828
PbI2,4.0,4.0,detector_qspace_per_pixel,detector_qr_band_per_qz_bin_fast,False,7,4.182014854841658,4.182014854841658,0,0,saved_q_group_rows_no_fit_points,-,-,0.13,7,0.6081622946661657,0.6322957190576802,0.620229006861923,2671,2671.0,pixel_count,35662.51914550988,35662.51914550988,1074.540352910757,13.351748088921708,13.351748088921708,0.40229889663450286,35662.51914550988,35662.51914550988,1074.540352910757,13.351748088921708,,0,,,,False,13.351748088921708,0.40229889663450286,60.73187255859375,65.00454711914062,63.01214469817533,13.351698285128899
PbI2,4.0,4.0,detector_qspace_per_pixel,detector_qr_band_per_qz_bin_fast,False,7,4.182014854841658,4.182014854841658,0,0,saved_q_group_rows_no_fit_points,-,-,0.13,8,0.6322957190576802,0.6564291434491947,0.6443624312534375,2705,2705.0,pixel_count,36281.31028963678,36281.31028963678,1095.4056582450867,13.412684025743726,13.412684025743726,0.40495588105178804,36281.31028963678,36281.31028963678,1095.4056582450867,13.412684025743726,,0,,,,False,13.412684025743726,0.40495588105178804,60.808265686035156,65.09159088134766,63.09848709315136,13.454498851482125
PbI2,4.0,4.0,detector_qspace_per_pixel,detector_qr_band_per_qz_bin_fast,False,7,4.182014854841658,4.182014854841658,0,0,saved_q_group_rows_no_fit_points,-,-,0.13,9,0.6564291434491947,0.6805625678407091,0.6684958556449518,2728,2728.0,pixel_count,37091.80347004088,37091.80347004088,1112.090877354145,13.596702151774517,13.596702151774517,0.40765794624418805,37091.80347004088,37091.80347004088,1112.090877354145,13.596702151774517,,0,,,,False,13.596702151774517,0.40765794624418805,60.90577697753906,65.17893981933594,63.18505122082708,13.59053254916585
PbI2,4.0,4.0,detector_qspace_per_pixel,detector_qr_band_per_qz_bin_fast,False,7,4.182014854841658,4.182014854841658,0,0,saved_q_group_rows_no_fit_points,-,-,0.13,10,0.6805625678407091,0.7046959922322237,0.6926292800364664,2757,2757.0,pixel_count,37935.72648370246,37935.72648370246,1131.4795904755592,13.759784723867416,13.759784723867416,0.4104024629943994,37935.72648370246,37935.72648370246,1131.4795904755592,13.759784723867416,,0,,,,False,13.759784723867416,0.4104024629943994,60.98336410522461,65.2665786743164,63.27674827014986,13.721477870523215
PbI2,4.0,4.0,detector_qspace_per_pixel,detector_qr_band_per_qz_bin_fast,False,7,4.182014854841658,4.182014854841658,0,0,saved_q_group_rows_no_fit_points,-,-,0.13,11,0.7046959922322237,0.7288294166237382,0.716762704427981,2788,2788.0,pixel_count,38554.58273237475,38554.58273237475,1152.0134695768356,13.828759947049766,13.828759947049766,0.4132042573805006,38554.58273237475,38554.58273237475,1152.0134695768356,13.828759947049766,,0,,,,False,13.828759947049766,0.4132042573805006,61.081993103027344,65.35651397705078,63.37208479426503,13.812866422795675
PbI2,4.0,4.0,detector_qspace_per_pixel,detector_qr_band_per_qz_bin_fast,False,7,4.182014854841658,4.182014854841658,0,0,saved_q_group_rows_no_fit_points,-,-,0.13,12,0.7288294166237382,0.7529628410152527,0.7408961288194955,2821,2821.0,pixel_count,39001.82009620094,39001.82009620094,1173.7242884039879,13.825529988018767,13.825529988018767,0.41606674526904924,39001.82009620094,39001.82009620094,1173.7242884039879,13.825529988018767,,0,,,,False,13.825529988018767,0.41606674526904924,61.181129455566406,65.4598388671875,63.46415822451785,13.910372513056798
PbI2,4.0,4.0,detector_qspace_per_pixel,detector_qr_band_per_qz_bin_fast,False,7,4.182014854841658,4.182014854841658,0,0,saved_q_group_rows_no_fit_points,-,-,0.13,13,0.7529628410152527,0.7770962654067672,0.76502955321101,2852,2852.0,pixel_count,40184.46729962833,40184.46729962833,1194.9475891590118,14.089925420627045,14.089925420627045,0.4189858307009158,40184.46729962833,40184.46729962833,1194.9475891590118,14.089925420627045,,0,,,,False,14.089925420627045,0.4189858307009158,61.28074264526367,65.54822540283203,63.56463780690635,14.057185873895317
PbI2,4.0,4.0,detector_qspace_per_pixel,detector_qr_band_per_qz_bin_fast,False,7,4.182014854841658,4.182014854841658,0,0,saved_q_group_rows_no_fit_points,-,-,0.13,14,0.7770962654067672,0.8012296897982817,0.7891629776025244,2882,2882.0,pixel_count,41063.98569722949,41063.98569722949,1216.1115891635418,14.24843362152307,14.24843362152307,0.42196793517124975,41063.98569722949,41063.98569722949,1216.1115891635418,14.24843362152307,,0,,,,False,14.24843362152307,0.42196793517124975,61.38079833984375,65.6262435913086,63.663429208106706,14.181369818046367
PbI2,4.0,4.0,detector_qspace_per_pixel,detector_qr_band_per_qz_bin_fast,False,7,4.182014854841658,4.182014854841658,0,0,saved_q_group_rows_no_fit_points,-,-,0.13,15,0.8012296897982817,0.8253631141897962,0.813296401994039,2867,2867.0,pixel_count,40812.56746844013,40812.56746844013,1218.4562838673592,14.235286874237925,14.235286874237925,0.4249934718756049,40812.56746844013,40812.56746844013,1218.4562838673592,14.235286874237925,,0,,,,False,14.235286874237925,0.4249934718756049,61.48127746582031,65.65143585205078,63.728152624431864,14.228749391350064
PbI2,4.0,4.0,detector_qspace_per_pixel,detector_qr_band_per_qz_bin_fast,False,7,4.182014854841658,4.182014854841658,0,0,saved_q_group_rows_no_fit_points,+,+,0.13,1,0.46336174831707855,0.48749517270859305,0.4754284605128358,482,482.0,pixel_count,4572.201487438103,4572.201487438103,138.1586948633194,9.48589520215374,9.48589520215374,0.2866362963969282,4572.201487438103,4572.201487438103,138.1586948633194,9.48589520215374,,0,,,,False,9.48589520215374,0.2866362963969282,60.437583923339844,61.389007568359375,60.92739235504293,9.44870075947152
PbI2,4.0,4.0,detector_qspace_per_pixel,detector_qr_band_per_qz_bin_fast,False,7,4.182014854841658,4.182014854841658,0,0,saved_q_group_rows_no_fit_points,+,+,0.13,2,0.48749517270859305,0.5116285971001077,0.4995618849043504,461,461.0,pixel_count,4320.38973485219,4320.38973485219,133.11379036307335,9.37177816670757,9.37177816670757,0.28875008755547366,4320.38973485219,4320.38973485219,133.11379036307335,9.37177816670757,,0,,,,False,9.37177816670757,0.28875008755547366,60.49055862426758,61.406494140625,60.96914215668365,9.395101768719982
PbI2,4.0,4.0,detector_qspace_per_pixel,detector_qr_band_per_qz_bin_fast,False,7,4.182014854841658,4.182014854841658,0,0,saved_q_group_rows_no_fit_points,+,+,0.13,3,0.5116285971001077,0.5357620214916221,0.5236953092958649,431,431.0,pixel_count,4014.8807721862713,4014.8807721862713,125.38016858696938,9.315268612961185,9.315268612961185,0.2909052635428524,4014.8807721862713,4014.8807721862713,125.38016858696938,9.315268612961185,,0,,,,False,9.315268612961185,0.2909052635428524,60.56278991699219,61.42329025268555,61.0156986348456,9.380418999664066
PbI2,4.0,4.0,detector_qspace_per_pixel,detector_qr_band_per_qz_bin_fast,False,7,4.182014854841658,4.182014854841658,0,0,saved_q_group_rows_no_fit_points,+,+,0.13,4,0.5357620214916221,0.5598954458831366,0.5478287336873793,403,403.0,pixel_count,3787.476080979915,3787.476080979915,118.11678898334503,9.398203674888126,9.398203674888126,0.29309376918944174,3787.476080979915,3787.476080979915,118.11678898334503,9.398203674888126,,0,,,,False,9.398203674888126,0.29309376918944174,60.656036376953125,61.44312286376953,61.06354481031252,9.48235322650702
PbI2,4.0,4.0,detector_qspace_per_pixel,detector_qr_band_per_qz_bin_fast,False,7,4.182014854841658,4.182014854841658,0,0,saved_q_group_rows_no_fit_points,+,+,0.13,5,0.5598954458831366,0.5840288702746511,0.5719621580788938,371,371.0,pixel_count,3573.5460026306223,3573.5460026306223,109.56411883234978,9.632199468007068,9.632199468007068,0.2953210750198107,3573.5460026306223,3573.5460026306223,109.56411883234978,9.632199468007068,,0,,,,False,9.632199468007068,0.2953210750198107,60.729679107666016,61.46201705932617,61.11309709779245,9.714449847040118
PbI2,4.0,4.0,detector_qspace_per_pixel,detector_qr_band_per_qz_bin_fast,False,7,4.182014854841658,4.182014854841658,0,0,saved_q_group_rows_no_fit_points,+,+,0.13,6,0.5840288702746511,0.6081622946661657,0.5960955824704084,344,344.0,pixel_count,3534.941422321014,3534.941422321014,102.3705222606659,10.275992506747134,10.275992506747134,0.2975887275019357,3534.941422321014,3534.941422321014,102.3705222606659,10.275992506747134,,0,,,,False,10.275992506747134,0.2975887275019357,60.80626678466797,61.48416519165039,61.162828941921354,9.873612459994634
PbI2,4.0,4.0,detector_qspace_per_pixel,detector_qr_band_per_qz_bin_fast,False,7,4.182014854841658,4.182014854841658,0,0,saved_q_group_rows_no_fit_points,+,+,0.13,7,0.6081622946661657,0.6322957190576802,0.620229006861923,309,309.0,pixel_count,2989.640662578383,2989.640662578383,92.6678401529789,9.675212500253666,9.675212500253666,0.2998959228251744,2989.640662578383,2989.640662578383,92.6678401529789,9.675212500253666,,0,,,,False,9.675212500253666,0.2998959228251744,60.89923858642578,61.505130767822266,61.216342425428806,9.74825210276449
PbI2,4.0,4.0,detector_qspace_per_pixel,detector_qr_band_per_qz_bin_fast,False,7,4.182014854841658,4.182014854841658,0,0,saved_q_group_rows_no_fit_points,+,+,0.13,8,0.6322957190576802,0.6564291434491947,0.6443624312534375,281,281.0,pixel_count,2647.3309548181446,2647.3309548181446,84.93270027637482,9.421106600776316,9.421106600776316,0.3022516024070278,2647.3309548181446,2647.3309548181446,84.93270027637482,9.421106600776316,,0,,,,False,9.421106600776316,0.3022516024070278,60.9773063659668,61.529563903808594,61.270826799141645,9.567998228146525
PbI2,4.0,4.0,detector_qspace_per_pixel,detector_qr_band_per_qz_bin_fast,False,7,4.182014854841658,4.182014854841658,0,0,saved_q_group_rows_no_fit_points,+,+,0.13,9,0.6564291434491947,0.6805625678407091,0.6684958556449518,245,245.0,pixel_count,2340.7486349854144,2340.7486349854144,74.64041113853455,9.554076061164956,9.554076061164956,0.3046547393409573,2340.7486349854144,2340.7486349854144,74.64041113853455,9.554076061164956,,0,,,,False,9.554076061164956,0.3046547393409573,61.073875427246094,61.55518341064453,61.32516818722432,9.527116133621018
PbI2,4.0,4.0,detector_qspace_per_pixel,detector_qr_band_per_qz_bin_fast,False,7,4.182014854841658,4.182014854841658,0,0,saved_q_group_rows_no_fit_points,+,+,0.13,10,0.6805625678407091,0.7046959922322237,0.6926292800364664,210,210.0,pixel_count,1998.5259512561584,1998.5259512561584,64.48963469266891,9.516790244076944,9.516790244076944,0.3070934985365186,1998.5259512561584,1998.5259512561584,64.48963469266891,9.516790244076944,,0,,,,False,9.516790244076944,0.3070934985365186,61.170989990234375,61.57925033569336,61.386064086925856,9.552799005442077
PbI2,4.0,4.0,detector_qspace_per_pixel,detector_qr_band_per_qz_bin_fast,False,7,4.182014854841658,4.182014854841658,0,0,saved_q_group_rows_no_fit_points,+,+,0.13,11,0.7046959922322237,0.7288294166237382,0.716762704427981,176,176.0,pixel_count,1696.1626361909596,1696.1626361909596,54.487053245306015,9.637287705630452,9.637287705630452,0.30958552980287507,1696.1626361909596,1696.1626361909596,54.487053245306015,9.637287705630452,,0,,,,False,9.637287705630452,0.30958552980287507,61.24837112426758,61.60710144042969,61.445145449458124,9.579425078251983
PbI2,4.0,4.0,detector_qspace_per_pixel,detector_qr_band_per_qz_bin_fast,False,7,4.182014854841658,4.182014854841658,0,0,saved_q_group_rows_no_fit_points,+,+,0.13,12,0.7288294166237382,0.7529628410152527,0.7408961288194955,137,137.0,pixel_count,1308.6749361731954,1308.6749361731954,42.760116279125214,9.552371796884637,9.552371796884637,0.31211763707390666,1308.6749361731954,1308.6749361731954,42.760116279125214,9.552371796884637,,0,,,,False,9.552371796884637,0.31211763707390666,61.346527099609375,61.63611602783203,61.50600596614886,9.592195542296501
PbI2,4.0,4.0,detector_qspace_per_pixel,detector_qr_band_per_qz_bin_fast,False,7,4.182014854841658,4.182014854841658,0,0,saved_q_group_rows_no_fit_points,+,+,0.13,13,0.7529628410152527,0.7770962654067672,0.76502955321101,99,99.0,pixel_count,947.0878851710847,947.0878851710847,31.15302085876465,9.566544294657422,9.566544294657422,0.3146769783713601,947.0878851710847,947.0878851710847,31.15302085876465,9.566544294657422,,0,,,,False,9.566544294657422,0.3146769783713601,61.44514465332031,61.6632080078125,61.568377543460414,9.636575740138003
PbI2,4.0,4.0,detector_qspace_per_pixel,detector_qr_band_per_qz_bin_fast,False,7,4.182014854841658,4.182014854841658,0,0,saved_q_group_rows_no_fit_points,+,+,0.13,14,0.7770962654067672,0.8012296897982817,0.7891629776025244,60,60.0,pixel_count,593.6389435048462,593.6389435048462,19.035953015089035,9.893982391747437,9.893982391747437,0.3172658835848173,593.6389435048462,593.6389435048462,19.035953015089035,9.893982391747437,,0,,,,False,9.893982391747437,0.3172658835848173,61.547306060791016,61.69438934326172,61.63419575294818,9.648640295492655
PbI2,4.0,4.0,detector_qspace_per_pixel,detector_qr_band_per_qz_bin_fast,False,7,4.182014854841658,4.182014854841658,0,0,saved_q_group_rows_no_fit_points,+,+,0.13,15,0.8012296897982817,0.8253631141897962,0.813296401994039,20,20.0,pixel_count,188.13152181171074,188.13152181171074,6.393269032239914,9.406576090585537,9.406576090585537,0.3196634516119957,188.13152181171074,188.13152181171074,6.393269032239914,9.406576090585537,,0,,,,False,9.406576090585537,0.3196634516119957,61.6468620300293,61.72341537475586,61.69237631979526,9.533828384263785
PbI2,4.0,4.0,detector_qspace_per_pixel,detector_phi_two_theta_roi_per_qz_bin,False,0,0.0,0.0,0,0,original,qz,m = 0,1e-09,1,0.10582632477612738,0.12958809654240908,0.11770721065926823,102,102.0,pixel_count,3251.8328833467303,3251.8328833467303,1977.6370086669922,31.880714542615003,31.880714542615003,19.3885981241862,3251.8328833467303,3251.8328833467303,1977.6370086669922,31.880714542615003,,0,,,50.0,False,31.880714542615003,19.3885981241862,10.662483916569919,13.267411399834398,11.628413072539583,34.61859468072399
PbI2,4.0,4.0,detector_qspace_per_pixel,detector_phi_two_theta_roi_per_qz_bin,False,0,0.0,0.0,0,0,original,qz,m = 0,1e-09,2,0.12958809654240908,0.15334986830869074,0.1414689824255499,226,226.0,pixel_count,8988.700482399847,8988.700482399847,4746.559759140015,39.77301098407012,39.77301098407012,21.002476810354047,8988.700482399847,8988.700482399847,4746.559759140015,39.77301098407012,,0,,,50.0,False,39.77301098407012,21.002476810354047,10.674436499671492,15.507497404488253,12.74238343239043,39.36792580391938
PbI2,4.0,4.0,detector_qspace_per_pixel,detector_phi_two_theta_roi_per_qz_bin,False,0,0.0,0.0,0,0,original,qz,m = 0,1e-09,3,0.15334986830869074,0.17711164007497243,0.16523075419183159,404,404.0,pixel_count,18520.134822156448,18520.134822156448,7829.3779582977295,45.84191787662487,45.84191787662487,19.379648411628043,18520.134822156448,18520.134822156448,7829.3779582977295,45.84191787662487,,0,,,50.0,False,45.84191787662487,19.379648411628043,10.669493801614182,17.76878568275735,13.691288161051693,44.37094750250354
PbI2,4.0,4.0,detector_qspace_per_pixel,detector_phi_two_theta_roi_per_qz_bin,False,0,0.0,0.0,0,0,original,qz,m = 0,1e-09,4,0.17711164007497243,0.20087341184125412,0.18899252595811328,551,551.0,pixel_count,26508.731396062456,26508.731396062456,9440.227164268494,48.11022031953259,48.11022031953259,17.132898664734107,26508.731396062456,26508.731396062456,9440.227164268494,48.11022031953259,,0,,,50.0,False,48.11022031953259,17.132898664734107,10.660948705487145,19.907346929552595,15.14497024931064,47.77837079744847
PbI2,4.0,4.0,detector_qspace_per_pixel,detector_phi_two_theta_roi_per_qz_bin,False,0,0.0,0.0,0,0,original,qz,m = 0,1e-09,5,0.20087341184125412,0.2246351836075358,0.21275429772439497,672,672.0,pixel_count,33784.84011920364,33784.84011920364,10734.950437545776,50.27505970119589,50.27505970119589,15.974628627300262,33784.84011920364,33784.84011920364,10734.950437545776,50.27505970119589,,0,,,50.0,False,50.27505970119589,15.974628627300262,10.661283671749587,22.51721357968059,16.450943357306542,50.01558992222599
PbI2,4.0,4.0,detector_qspace_per_pixel,detector_phi_two_theta_roi_per_qz_bin,False,0,0.0,0.0,0,0,original,qz,m = 0,1e-09,6,0.2246351836075358,0.24839695537381748,0.23651606949067663,777,777.0,pixel_count,40145.64378395624,40145.64378395624,13261.363808631897,51.6674952174469,51.6674952174469,17.06739228910154,40145.64378395624,40145.64378395624,13261.363808631897,51.6674952174469,,0,,,50.0,False,51.6674952174469,17.06739228910154,10.665668003507736,24.58713421939213,17.385720110663954,52.0078375181062
PbI2,4.0,4.0,detector_qspace_per_pixel,detector_phi_two_theta_roi_per_qz_bin,False,0,0.0,0.0,0,0,original,qz,m = 0,1e-09,7,0.24839695537381748,0.27215872714009914,0.2602778412569583,669,669.0,pixel_count,35779.90865241023,35779.90865241023,11486.29868555069,53.48267362094205,53.48267362094205,17.169355284829134,35779.90865241023,35779.90865241023,11486.29868555069,53.48267362094205,,0,,,50.0,False,53.48267362094205,17.169355284829134,10.666060261239677,26.035068145464884,18.301896665209654,54.55696525400921
PbI2,4.0,4.0,detector_qspace_per_pixel,detector_phi_two_theta_roi_per_qz_bin,False,0,0.0,0.0,0,0,original,qz,m = 0,1e-09,8,0.27215872714009914,0.29592049890638084,0.28403961302324,3084,3084.0,pixel_count,184057.77315688523,184057.77315688523,50939.434851408005,59.68150880573451,59.68150880573451,16.51732647581323,184057.77315688523,184057.77315688523,50939.434851408005,59.68150880573451,,0,,,50.0,False,59.68150880573451,16.51732647581323,10.669905223159962,31.191296519248393,20.14436056117662,56.915002710818165
PbI2,4.0,4.0,detector_qspace_per_pixel,detector_phi_two_theta_roi_per_qz_bin,False,0,0.0,0.0,0,0,original,qz,m = 0,1e-09,9,0.29592049890638084,0.3196822706726625,0.3078013847895217,1144,1144.0,pixel_count,65334.54511877324,65334.54511877324,16342.623443603516,57.11061636256402,57.11061636256402,14.285510003149927,65334.54511877324,65334.54511877324,16342.623443603516,57.11061636256402,,0,,,50.0,False,57.11061636256402,14.285510003149927,10.683268033137058,32.90649701385456,22.63934132020983,57.331231236065086
PbI2,4.0,4.0,detector_qspace_per_pixel,detector_phi_two_theta_roi_per_qz_bin,False,0,0.0,0.0,0,0,original,qz,m = 0,1e-09,10,0.3196822706726625,0.3434440424389442,0.3315631565558034,1647,1647.0,pixel_count,93872.02612973237,93872.02612973237,23703.8731828928,56.99576571325584,56.99576571325584,14.392151295016879,93872.02612973237,93872.02612973237,23703.8731828928,56.99576571325584,,0,,,50.0,False,56.99576571325584,14.392151295016879,10.678429440340379,34.97338420730423,23.37541176801093,56.387582573986826
PbI2,4.0,4.0,detector_qspace_per_pixel,detector_phi_two_theta_roi_per_qz_bin,False,0,0.0,0.0,0,0,original,qz,m = 0,1e-09,11,0.3434440424389442,0.3672058142052259,0.35532492832208507,1977,1977.0,pixel_count,107815.7341666281,107815.7341666281,24247.676478862762,54.535019811142185,54.535019811142185,12.264884410148085,107815.7341666281,107815.7341666281,24247.676478862762,54.535019811142185,,0,,,50.0,False,54.535019811142185,12.264884410148085,10.679921743256813,36.89257031521578,24.654012686690805,55.161154592630595
PbI2,4.0,4.0,detector_qspace_per_pixel,detector_phi_two_theta_roi_per_qz_bin,False,0,0.0,0.0,0,0,original,qz,m = 0,1e-09,12,0.3672058142052259,0.3909675859715076,0.37908670008836676,2124,2124.0,pixel_count,114935.07809566136,114935.07809566136,26402.835671424866,54.11256030869179,54.11256030869179,12.43071359294956,114935.07809566136,114935.07809566136,26402.835671424866,54.11256030869179,,0,,,50.0,False,54.11256030869179,12.43071359294956,10.663057076706796,36.88288269778275,24.775242497106348,54.38269305525182
PbI2,4.0,4.0,detector_qspace_per_pixel,detector_phi_two_theta_roi_per_qz_bin,False,0,0.0,0.0,0,0,original,qz,m = 0,1e-09,13,0.3909675859715076,0.4147293577377893,0.40284847185464845,2114,2114.0,pixel_count,114159.19525818154,114159.19525818154,24774.60632812977,54.00151147501492,54.00151147501492,11.71930289883149,114159.19525818154,114159.19525818154,24774.60632812977,54.00151147501492,,0,,,50.0,False,54.00151147501492,11.71930289883149,10.663941568580514,36.89649312897799,25.013428751907213,54.23669605707222
PbI2,4.0,4.0,detector_qspace_per_pixel,detector_phi_two_theta_roi_per_qz_bin,False,0,0.0,0.0,0,0,original,qz,m = 0,1e-09,14,0.4147293577377893,0.4384911295040709,0.4266102436209301,2185,2185.0,pixel_count,119155.86144274112,119155.86144274112,25874.60967040062,54.533575031002805,54.533575031002805,11.841926622608979,119155.86144274112,119155.86144274112,25874.60967040062,54.533575031002805,,0,,,50.0,False,54.533575031002805,11.841926622608979,10.664288447212689,36.89106189196964,24.756946256072553,54.41868547033984
PbI2,4.0,4.0,detector_qspace_per_pixel,detector_phi_two_theta_roi_per_qz_bin,False,0,0.0,0.0,0,0,original,qz,m = 0,1e-09,15,0.4384911295040709,0.46225290127035257,0.4503720153872117,2166,2166.0,pixel_count,118312.89006243274,118312.89006243274,24221.448766708374,54.62275626151096,54.62275626151096,11.182570991093431,118312.89006243274,118312.89006243274,24221.448766708374,54.62275626151096,,0,,,50.0,False,54.62275626151096,11.182570991093431,10.674643152126096,36.89681697129465,24.945219518234797,54.62097252713237
PbI2,4.0,4.0,detector_qspace_per_pixel,detector_phi_two_theta_roi_per_qz_bin,False,0,0.0,0.0,0,0,original,qz,m = 0,1e-09,16,0.46225290127035257,0.48601467303663426,0.4741337871534934,2223,2223.0,pixel_count,121758.99390912079,121758.99390912079,25915.79526102543,54.77237692717984,54.77237692717984,11.658027557816208,121758.99390912079,121758.99390912079,25915.79526102543,54.77237692717984,,0,,,50.0,False,54.77237692717984,11.658027557816208,10.66878317099763,36.89832858252659,24.71528930251769,54.79669597446588
PbI2,4.0,4.0,detector_qspace_per_pixel,detector_phi_two_theta_roi_per_qz_bin,False,0,0.0,0.0,0,0,original,qz,m = 0,1e-09,17,0.48601467303663426,0.509776444802916,0.4978955589197751,2217,2217.0,pixel_count,121721.5206881247,121721.5206881247,25587.987894296646,54.90370802351136,54.90370802351136,11.541717588767094,121721.5206881247,121721.5206881247,25587.987894296646,54.90370802351136,,0,,,50.0,False,54.90370802351136,11.541717588767094,10.679087730002845,36.89403580937756,24.81698006185105,55.043638953417954
PbI2,4.0,4.0,detector_qspace_per_pixel,detector_phi_two_theta_roi_per_qz_bin,False,0,0.0,0.0,0,0,original,qz,m = 0,1e-09,18,0.509776444802916,0.5335382165691976,0.5216573306860568,2264,2264.0,pixel_count,125779.83697592071,125779.83697592071,27632.861087083817,55.55646509537134,55.55646509537134,12.205327335284371,125779.83697592071,125779.83697592071,27632.861087083817,55.55646509537134,,0,,,50.0,False,55.55646509537134,12.205327335284371,10.668574305719734,36.89199883589585,24.635068518398455,55.344133859096075
PbI2,4.0,4.0,detector_qspace_per_pixel,detector_phi_two_theta_roi_per_qz_bin,False,0,0.0,0.0,0,0,original,qz,m = 0,1e-09,19,0.5335382165691976,0.5572999883354793,0.5454191024523385,2271,2271.0,pixel_count,125732.36341285915,125732.36341285915,28948.395557284355,55.36431678241266,55.36431678241266,12.746981751336131,125732.36341285915,125732.36341285915,28948.395557284355,55.36431678241266,,0,,,50.0,False,55.36431678241266,12.746981751336131,10.669603446107722,36.89221852454617,24.66680698679563,55.66976272718351
PbI2,4.0,4.0,detector_qspace_per_pixel,detector_phi_two_theta_roi_per_qz_bin,False,0,0.0,0.0,0,0,original,qz,m = 0,1e-09,20,0.5572999883354793,0.581061760101761,0.5691808742186202,2297,2297.0,pixel_count,128991.81221235218,128991.81221235218,30622.01271903515,56.15664441112415,56.15664441112415,13.331307235104548,128991.81221235218,128991.81221235218,30622.01271903515,56.15664441112415,,0,,,50.0,False,56.15664441112415,13.331307235104548,10.668480314885668,36.894694782300235,24.547839627351145,56.2090347457247
PbI2,4.0,4.0,detector_qspace_per_pixel,detector_phi_two_theta_roi_per_qz_bin,False,0,0.0,0.0,0,0,original,qz,m = 0,1e-09,21,0.581061760101761,0.6048235318680427,0.5929426459849019,2333,2333.0,pixel_count,132781.92055649357,132781.92055649357,34106.07658994198,56.91466804821842,56.91466804821842,14.618978392602648,132781.92055649357,132781.92055649357,34106.07658994198,56.91466804821842,,0,,,50.0,False,56.91466804821842,14.618978392602648,10.67420427136331,36.895317192992586,24.49708684138899,56.95692614159884
PbI2,4.0,4.0,detector_qspace_per_pixel,detector_phi_two_theta_roi_per_qz_bin,False,0,0.0,0.0,0,0,original,qz,m = 0,1e-09,22,0.6048235318680427,0.6285853036343244,0.6167044177511836,2348,2348.0,pixel_count,135653.49514853559,135653.49514853559,35957.753484249115,57.774060966156554,57.774060966156554,15.314205061434887,135653.49514853559,135653.49514853559,35957.753484249115,57.774060966156554,,0,,,50.0,False,57.774060966156554,15.314205061434887,10.663773348897408,36.89268236929071,24.429131468516584,57.82240972758295
PbI2,4.0,4.0,detector_qspace_per_pixel,detector_phi_two_theta_roi_per_qz_bin,False,0,0.0,0.0,0,0,original,qz,m = 0,1e-09,23,0.6285853036343244,0.6523470754006061,0.6404661895174653,2407,2407.0,pixel_count,141129.41084967786,141129.41084967786,40894.26800262928,58.632908537464836,58.632908537464836,16.989724969933228,141129.41084967786,141129.41084967786,40894.26800262928,58.632908537464836,,0,,,50.0,False,58.632908537464836,16.989724969933228,10.662269168772058,36.89152281899586,24.24017154471031,58.88622046600747
PbI2,4.0,4.0,detector_qspace_per_pixel,detector_phi_two_theta_roi_per_qz_bin,False,0,0.0,0.0,0,0,original,qz,m = 0,1e-09,24,0.6523470754006061,0.6761088471668878,0.664227961283747,2420,2420.0,pixel_count,145532.99192640372,145532.99192640372,44934.94336748123,60.137599969588315,60.137599969588315,18.56815841631456,145532.99192640372,145532.99192640372,44934.94336748123,60.137599969588315,,0,,,50.0,False,60.137599969588315,18.56815841631456,10.677476354385389,36.89363041427749,24.257606669681973,60.290022345696585
PbI2,4.0,4.0,detector_qspace_per_pixel,detector_phi_two_theta_roi_per_qz_bin,False,0,0.0,0.0,0,0,original,qz,m = 0,1e-09,25,0.6761088471668878,0.6998706189331695,0.6879897330500286,2485,2485.0,pixel_count,153873.6896569063,153873.6896569063,49701.070722699165,61.921001874006556,61.921001874006556,20.00043087432562,153873.6896569063,153873.6896569063,49701.070722699165,61.921001874006556,,0,,,50.0,False,61.921001874006556,20.00043087432562,10.668754452287091,36.89689697634406,24.000263178387176,62.083493525190434
PbI2,4.0,4.0,detector_qspace_per_pixel,detector_phi_two_theta_roi_per_qz_bin,False,0,0.0,0.0,0,0,original,qz,m = 0,1e-09,26,0.6998706189331695,0.7236323906994512,0.7117515048163103,2538,2538.0,pixel_count,161697.5707186195,161697.5707186195,57625.33874750137,63.710626760685386,63.710626760685386,22.70501920705334,161697.5707186195,161697.5707186195,57625.33874750137,63.710626760685386,,0,,,50.0,False,63.710626760685386,22.70501920705334,10.664289492009207,36.89441437715037,23.83248295513942,64.60726249804819
PbI2,4.0,4.0,detector_qspace_per_pixel,detector_phi_two_theta_roi_per_qz_bin,False,0,0.0,0.0,0,0,original,qz,m = 0,1e-09,27,0.7236323906994512,0.7473941624657328,0.735513276582592,2655,2655.0,pixel_count,179202.49110881332,179202.49110881332,65682.17040288448,67.49623017281104,67.49623017281104,24.739047232724854,179202.49110881332,179202.49110881332,65682.17040288448,67.49623017281104,,0,,,50.0,False,67.49623017281104,24.739047232724854,10.664607104961613,36.896531136535025,23.355892660470424,68.47563102681414
PbI2,4.0,4.0,detector_qspace_per_pixel,detector_phi_two_theta_roi_per_qz_bin,False,0,0.0,0.0,0,0,original,qz,m = 0,1e-09,28,0.7473941624657328,0.7711559342320145,0.7592750483488736,2831,2831.0,pixel_count,210118.21273804829,210118.21273804829,79223.04711186886,74.2204919597486,74.2204919597486,27.98412119811687,210118.21273804829,210118.21273804829,79223.04711186886,74.2204919597486,,0,,,50.0,False,74.2204919597486,27.98412119811687,10.749901738538904,36.892170177678345,22.70385914770478,73.40315834861403
PbI2,4.0,4.0,detector_qspace_per_pixel,detector_phi_two_theta_roi_per_qz_bin,False,0,0.0,0.0,0,0,original,qz,m = 0,1e-09,29,0.7711559342320145,0.7949177059982961,0.7830368201151553,2805,2805.0,pixel_count,216443.40633987635,216443.40633987635,95143.96869647503,77.16342472009852,77.16342472009852,33.919418430115876,216443.40633987635,216443.40633987635,95143.96869647503,77.16342472009852,,0,,,50.0,False,77.16342472009852,33.919418430115876,11.11812811285331,36.88867623031591,22.96207525582129,80.01971831279872
PbI2,4.0,4.0,detector_qspace_per_pixel,detector_phi_two_theta_roi_per_qz_bin,False,0,0.0,0.0,0,0,original,qz,m = 0,1e-09,30,0.7949177059982961,0.8186794777645778,0.806798591881437,2800,2800.0,pixel_count,237295.5871019503,237295.5871019503,113734.53944838047,84.74842396498225,84.74842396498225,40.6194783744216,237295.5871019503,237295.5871019503,113734.53944838047,84.74842396498225,,0,,,50.0,False,84.74842396498225,40.6194783744216,11.41204256695249,36.88429150435,23.09197435146754,99.22684741216045
PbI2,4.0,4.0,detector_qspace_per_pixel,detector_phi_two_theta_roi_per_qz_bin,False,0,0.0,0.0,0,0,original,qz,m = 0,1e-09,31,0.8186794777645778,0.8424412495308595,0.8305603636477187,2832,2832.0,pixel_count,291428.4194484749,291428.4194484749,165304.15320169926,102.9055153419756,102.9055153419756,58.37011059382036,291428.4194484749,291428.4194484749,165304.15320169926,102.9055153419756,,0,,,50.0,False,102.9055153419756,58.37011059382036,11.778579962457384,36.88422663354033,23.121370574990934,168.92045731415155
PbI2,4.0,4.0,detector_qspace_per_pixel,detector_phi_two_theta_roi_per_qz_bin,False,0,0.0,0.0,0,0,original,qz,m = 0,1e-09,32,0.8424412495308595,0.8662030212971412,0.8543221354140004,2838,2838.0,pixel_count,760526.027085247,760526.027085247,658945.1069709063,267.9795726163661,267.9795726163661,232.18643656480137,760526.027085247,760526.027085247,658945.1069709063,267.9795726163661,,0,,,50.0,False,267.9795726163661,232.18643656480137,12.144142159850897,36.888524906193005,23.246645417225352,315.96547517490893
PbI2,4.0,4.0,detector_qspace_per_pixel,detector_phi_two_theta_roi_per_qz_bin,False,0,0.0,0.0,0,0,original,qz,m = 0,1e-09,33,0.8662030212971412,0.8899647930634229,0.8780839071802821,2844,2844.0,pixel_count,1943618.3398544546,1943618.3398544546,1773831.97766006,683.4101054340558,683.4101054340558,623.7102593741421,1943618.3398544546,1943618.3398544546,1773831.97766006,683.4101054340558,,0,,,50.0,False,683.4101054340558,623.7102593741421,12.508703396670342,36.89629345765632,23.389846062735668,409.2256398054726
PbI2,4.0,4.0,detector_qspace_per_pixel,detector_phi_two_theta_roi_per_qz_bin,False,0,0.0,0.0,0,0,original,qz,m = 0,1e-09,34,0.8899647930634229,0.9137265648297046,0.9018456789465638,2847,2847.0,pixel_count,707730.2324519511,707730.2324519511,542479.5037540197,248.58806900314406,248.58806900314406,190.54425843133816,707730.2324519511,707730.2324519511,542479.5037540197,248.58806900314406,,0,,,50.0,False,248.58806900314406,190.54425843133816,12.872238376406354,36.89018427100361,23.514096482382254,308.226996374363
PbI2,4.0,4.0,detector_qspace_per_pixel,detector_phi_two_theta_roi_per_qz_bin,False,0,0.0,0.0,0,0,original,qz,m = 0,1e-09,35,0.9137265648297046,0.9374883365959863,0.9256074507128454,2794,2794.0,pixel_count,270827.32607077435,270827.32607077435,96278.32531130314,96.93175593084264,96.93175593084264,34.458956804331834,270827.32607077435,270827.32607077435,96278.32531130314,96.93175593084264,,0,,,50.0,False,96.93175593084264,34.458956804331834,13.23472227602845,36.89684560655357,23.884599546039833,164.02088919737287
PbI2,4.0,4.0,detector_qspace_per_pixel,detector_phi_two_theta_roi_per_qz_bin,False,0,0.0,0.0,0,0,original,qz,m = 0,1e-09,36,0.9374883365959863,0.961250108362268,0.9493692224791271,2833,2833.0,pixel_count,256890.22104802355,256890.22104802355,71490.36704993248,90.67780481751626,90.67780481751626,25.23486306033621,256890.22104802355,256890.22104802355,71490.36704993248,90.67780481751626,,0,,,50.0,False,90.67780481751626,25.23486306033621,13.523936243562593,36.895129483006095,23.838189294054775,102.58482002823769
PbI2,4.0,4.0,detector_qspace_per_pixel,detector_phi_two_theta_roi_per_qz_bin,False,0,0.0,0.0,0,0,original,qz,m = 0,1e-09,37,0.961250108362268,0.9850118801285497,0.9731309942454088,2848,2848.0,pixel_count,250923.14227724075,250923.14227724075,59080.82044696808,88.10503591195251,88.10503591195251,20.744670100761265,250923.14227724075,250923.14227724075,59080.82044696808,88.10503591195251,,0,,,50.0,False,88.10503591195251,20.744670100761265,13.884467182964352,36.89804615870514,23.993702277393066,89.94285876294032
PbI2,4.0,4.0,detector_qspace_per_pixel,detector_phi_two_theta_roi_per_qz_bin,False,0,0.0,0.0,0,0,original,qz,m = 0,1e-09,38,0.9850118801285497,1.0087736518948311,0.9968927660116904,2849,2849.0,pixel_count,250581.26713222638,250581.26713222638,51684.27153337002,87.95411271752418,87.95411271752418,18.141197449410324,250581.26713222638,250581.26713222638,51684.27153337002,87.95411271752418,,0,,,50.0,False,87.95411271752418,18.141197449410324,14.243880114751317,36.890917621683734,24.12909274772981,88.1803515791846
PbI2,4.0,4.0,detector_qspace_per_pixel,detector_phi_two_theta_roi_per_qz_bin,False,0,0.0,0.0,0,0,original,qz,m = 0,1e-09,39,1.0087736518948311,1.0325354236611128,1.0206545377779719,2845,2845.0,pixel_count,249809.37242357992,249809.37242357992,46398.537110328674,87.80645779387694,87.80645779387694,16.3088003902737,249809.37242357992,249809.37242357992,46398.537110328674,87.80645779387694,,0,,,50.0,False,87.80645779387694,16.3088003902737,14.602152075181232,36.89739305077564,24.27675218731649,88.03671268878477
PbI2,4.0,4.0,detector_qspace_per_pixel,detector_phi_two_theta_roi_per_qz_bin,False,0,0.0,0.0,0,0,original,qz,m = 0,1e-09,40,1.0325354236611128,1.0562971954273945,1.0444163095442538,2855,2855.0,pixel_count,251753.8528864924,251753.8528864924,42436.04386126995,88.17998349789576,88.17998349789576,14.863763173824852,251753.8528864924,251753.8528864924,42436.04386126995,88.17998349789576,,0,,,50.0,False,88.17998349789576,14.863763173824852,14.95926060333111,36.897595571752326,24.43063655422843,88.37645944633785
PbI2,4.0,4.0,detector_qspace_per_pixel,detector_phi_two_theta_roi_per_qz_bin,False,0,0.0,0.0,0,0,original,qz,m = 0,1e-09,41,1.0562971954273945,1.0800589671936762,1.0681780813105353,2849,2849.0,pixel_count,253577.43084478006,253577.43084478006,39471.950288414955,89.00576723228504,89.00576723228504,13.854668405902055,253577.43084478006,253577.43084478006,39471.950288414955,89.00576723228504,,0,,,50.0,False,89.00576723228504,13.854668405902055,15.315183745787062,36.89385198988035,24.581261977893636,89.01758636379387
PbI2,4.0,4.0,detector_qspace_per_pixel,detector_phi_two_theta_roi_per_qz_bin,False,0,0.0,0.0,0,0,original,qz,m = 0,1e-09,42,1.0800589671936762,1.103820738959958,1.0919398530768172,2859,2859.0,pixel_count,256835.81777749024,256835.81777749024,36886.446554899216,89.83414402850306,89.83414402850306,12.901870078663594,256835.81777749024,256835.81777749024,36886.446554899216,89.83414402850306,,0,,,50.0,False,89.83414402850306,12.901870078663594,15.66990006084609,36.88522129036462,24.745721885178494,89.7208669525443
PbI2,4.0,4.0,detector_qspace_per_pixel,detector_phi_two_theta_roi_per_qz_bin,False,0,0.0,0.0,0,0,original,qz,m = 0,1e-09,43,1.103820738959958,1.1275825107262396,1.1157016248430986,2848,2848.0,pixel_count,257272.9915900007,257272.9915900007,34665.874133229256,90.33461783356766,90.33461783356766,12.172006367004654,257272.9915900007,257272.9915900007,34665.874133229256,90.33461783356766,,0,,,50.0,False,90.33461783356766,12.172006367004654,16.023388622233107,36.88049520716085,24.888481148581704,90.28502887478717
PbI2,4.0,4.0,detector_qspace_per_pixel,detector_phi_two_theta_roi_per_qz_bin,False,0,0.0,0.0,0,0,original,qz,m = 0,1e-09,44,1.1275825107262396,1.1513442824925213,1.1394633966093806,2867,2867.0,pixel_count,260872.82844685018,260872.82844685018,33049.915115475655,90.99156904319852,90.99156904319852,11.527699726360535,260872.82844685018,260872.82844685018,33049.915115475655,90.99156904319852,,0,,,50.0,False,90.99156904319852,11.527699726360535,16.375629022337485,36.88130343975325,25.026781661386963,90.48602357008414
PbI2,4.0,4.0,detector_qspace_per_pixel,detector_phi_two_theta_roi_per_qz_bin,False,0,0.0,0.0,0,0,original,qz,m = 0,1e-09,45,1.1513442824925213,1.175106054258803,1.163225168375662,2897,2897.0,pixel_count,261705.97147615254,261705.97147615254,31765.907406687737,90.33689039563428,90.33689039563428,10.965104386153861,261705.97147615254,261705.97147615254,31765.907406687737,90.33689039563428,,0,,,50.0,False,90.33689039563428,10.965104386153861,16.726601374974162,36.886998822629465,25.11431073634718,90.06860925148067
PbI2,4.0,4.0,detector_qspace_per_pixel,detector_phi_two_theta_roi_per_qz_bin,False,0,0.0,0.0,0,0,original,qz,m = 0,1e-09,46,1.175106054258803,1.1988678260250847,1.186986940141944,2852,2852.0,pixel_count,253976.2707525175,253976.2707525175,30641.408512473106,89.05198834239744,89.05198834239744,10.743831876743727,253976.2707525175,253976.2707525175,30641.408512473106,89.05198834239744,,0,,,50.0,False,89.05198834239744,10.743831876743727,17.146067150107573,36.89659751938021,25.429594464934585,89.27144752045477
PbI2,4.0,4.0,detector_qspace_per_pixel,detector_phi_two_theta_roi_per_qz_bin,False,0,0.0,0.0,0,0,original,qz,m = 0,1e-09,47,1.1988678260250847,1.2226295977913664,1.2107487119082254,2850,2850.0,pixel_count,251985.89952736348,251985.89952736348,29741.241513490677,88.41610509732052,88.41610509732052,10.435523338066904,251985.89952736348,251985.89952736348,29741.241513490677,88.41610509732052,,0,,,50.0,False,88.41610509732052,10.435523338066904,17.494182382499307,36.886241326816624,25.572185022192635,88.61818120080349
PbI2,4.0,4.0,detector_qspace_per_pixel,detector_phi_two_theta_roi_per_qz_bin,False,0,0.0,0.0,0,0,original,qz,m = 0,1e-09,48,1.2226295977913664,1.246391369557648,1.2345104836745073,2852,2852.0,pixel_count,251697.7500766646,251697.7500766646,29123.448789715767,88.2530680493214,88.2530680493214,10.211587934682948,251697.7500766646,251697.7500766646,29123.448789715767,88.2530680493214,,0,,,50.0,False,88.2530680493214,10.211587934682948,17.84096945935104,36.89706739791267,25.747552407850353,88.23464220713541
PbI2,4.0,4.0,detector_qspace_per_pixel,detector_phi_two_theta_roi_per_qz_bin,False,0,0.0,0.0,0,0,original,qz,m = 0,1e-09,49,1.246391369557648,1.2701531413239298,1.2582722554407888,2889,2889.0,pixel_count,254171.41687901877,254171.41687901877,28827.30497968197,87.97902972620933,87.97902972620933,9.978298712247133,254171.41687901877,254171.41687901877,28827.30497968197,87.97902972620933,,0,,,50.0,False,87.97902972620933,9.978298712247133,18.18641070414806,36.89192036873192,25.815081306772782,87.91657880601318
PbI2,4.0,4.0,detector_qspace_per_pixel,detector_phi_two_theta_roi_per_qz_bin,False,0,0.0,0.0,0,0,original,qz,m = 0,1e-09,50,1.2701531413239298,1.2939149130902114,1.2820340272070707,2870,2870.0,pixel_count,251198.17582038045,251198.17582038045,28640.676845788956,87.52549680152629,87.52549680152629,9.979329911424724,251198.17582038045,251198.17582038045,28640.676845788956,87.52549680152629,,0,,,50.0,False,87.52549680152629,9.979329911424724,18.530488968754497,36.89804329539661,26.052116534457564,87.57518633129351
PbI2,4.0,4.0,detector_qspace_per_pixel,detector_phi_two_theta_roi_per_qz_bin,False,0,0.0,0.0,0,0,original,qz,m = 0,1e-09,51,1.2939149130902114,1.3176766848564931,1.3057957989733522,2846,2846.0,pixel_count,248013.90035785548,248013.90035785548,28207.243765473366,87.14472957057465,87.14472957057465,9.911188954839552,248013.90035785548,248013.90035785548,28207.243765473366,87.14472957057465,,0,,,50.0,False,87.14472957057465,9.911188954839552,18.941560388947764,36.89047820560705,26.277612188271366,87.29337499159541
PbI2,4.0,4.0,detector_qspace_per_pixel,detector_phi_two_theta_roi_per_qz_bin,False,0,0.0,0.0,0,0,original,qz,m = 0,1e-09,52,1.3176766848564931,1.3414384566227748,1.329557570739634,2911,2911.0,pixel_count,254541.9732060656,254541.9732060656,28369.501757144928,87.44141985780337,87.44141985780337,9.745620665456864,254541.9732060656,254541.9732060656,28369.501757144928,87.44141985780337,,0,,,50.0,False,87.44141985780337,9.745620665456864,19.282582338733185,36.894183870192954,26.302319627412512,86.94789427125548
PbI2,4.0,4.0,detector_qspace_per_pixel,detector_phi_two_theta_roi_per_qz_bin,False,0,0.0,0.0,0,0,original,qz,m = 0,1e-09,53,1.3414384566227748,1.3652002283890565,1.3533193425059156,2837,2837.0,pixel_count,244087.38249444775,244087.38249444775,28116.130297660828,86.03714575059843,86.03714575059843,9.910514733049288,244087.38249444775,244087.38249444775,28116.130297660828,86.03714575059843,,0,,,50.0,False,86.03714575059843,9.910514733049288,19.68994047047669,36.898047633742664,26.655521498347984,86.41151180719142
PbI2,4.0,4.0,detector_qspace_per_pixel,detector_phi_two_theta_roi_per_qz_bin,False,0,0.0,0.0,0,0,original,qz,m = 0,1e-09,54,1.3652002283890565,1.388962000155338,1.3770811142721973,2866,2866.0,pixel_count,246225.58741597272,246225.58741597272,28194.647725224495,85.91262645358434,85.91262645358434,9.83763005067149,246225.58741597272,246225.58741597272,28194.647725224495,85.91262645358434,,0,,,50.0,False,85.91262645358434,9.83763005067149,20.027831279170528,36.89644201821658,26.76848157278786,86.03361521404787
PbI2,4.0,4.0,detector_qspace_per_pixel,detector_phi_two_theta_roi_per_qz_bin,False,0,0.0,0.0,0,0,original,qz,m = 0,1e-09,55,1.388962000155338,1.4127237719216197,1.400842886038479,2874,2874.0,pixel_count,247303.5388220623,247303.5388220623,28100.694967865944,86.04855213015391,86.04855213015391,9.777555660356974,247303.5388220623,247303.5388220623,28100.694967865944,86.04855213015391,,0,,,50.0,False,86.04855213015391,9.777555660356974,20.364275617718285,36.89816285978315,26.93164502278302,85.7661953675368
PbI2,4.0,4.0,detector_qspace_per_pixel,detector_phi_two_theta_roi_per_qz_bin,False,0,0.0,0.0,0,0,original,qz,m = 0,1e-09,56,1.4127237719216197,1.4364855436879014,1.4246046578047604,2872,2872.0,pixel_count,245613.51309141517,245613.51309141517,28032.05963397026,85.5200254496571,85.5200254496571,9.760466446368476,245613.51309141517,245613.51309141517,28032.05963397026,85.5200254496571,,0,,,50.0,False,85.5200254496571,9.760466446368476,20.766080111403024,36.8932715299249,27.123895454924032,85.13400267464874
PbI2,4.0,4.0,detector_qspace_per_pixel,detector_phi_two_theta_roi_per_qz_bin,False,0,0.0,0.0,0,0,original,qz,m = 0,1e-09,57,1.4364855436879014,1.460247315454183,1.4483664295710423,2850,2850.0,pixel_count,239288.8647328969,239288.8647328969,27833.072450876236,83.96100516943751,83.96100516943751,9.765990333640785,239288.8647328969,239288.8647328969,27833.072450876236,83.96100516943751,,0,,,50.0,False,83.96100516943751,9.765990333640785,21.099294424491124,36.894802048336395,27.339823470308886,84.04988811699647
PbI2,4.0,4.0,detector_qspace_per_pixel,detector_phi_two_theta_roi_per_qz_bin,False,0,0.0,0.0,0,0,original,qz,m = 0,1e-09,58,1.460247315454183,1.4840090872204648,1.4721282013373238,2887,2887.0,pixel_count,239339.63917052373,239339.63917052373,27812.787876725197,82.90254214427563,82.90254214427563,9.633802520514443,239339.63917052373,239339.63917052373,27812.787876725197,82.90254214427563,,0,,,50.0,False,82.90254214427563,9.633802520514443,21.497185362078223,36.89296237085,27.450508393563926,82.83733659505754
PbI2,4.0,4.0,detector_qspace_per_pixel,detector_phi_two_theta_roi_per_qz_bin,False,0,0.0,0.0,0,0,original,qz,m = 0,1e-09,59,1.4840090872204648,1.5077708589867465,1.4958899731036057,2835,2835.0,pixel_count,230593.01706189476,230593.01706189476,27494.76002573967,81.33792488955723,81.33792488955723,9.698328051407291,230593.01706189476,230593.01706189476,27494.76002573967,81.33792488955723,,0,,,50.0,False,81.33792488955723,9.698328051407291,21.89291163286002,36.89579214235139,27.7488561385328,81.80180578876846
PbI2,4.0,4.0,detector_qspace_per_pixel,detector_phi_two_theta_roi_per_qz_bin,False,0,0.0,0.0,0,0,original,qz,m = 0,1e-09,60,1.5077708589867465,1.5315326307530281,1.5196517448698872,2855,2855.0,pixel_count,232142.8053801842,232142.8053801842,27365.843215346336,81.31096510689464,81.31096510689464,9.5852340509094,232142.8053801842,232142.8053801842,27365.843215346336,81.31096510689464,,0,,,50.0,False,81.31096510689464,9.5852340509094,22.221015623272866,36.892387780830944,27.88420222030457,81.06049661556546
PbI2,4.0,4.0,detector_qspace_per_pixel,detector_phi_two_theta_roi_per_qz_bin,False,0,0.0,0.0,0,0,original,qz,m = 0,1e-09,61,1.5315326307530281,1.5552944025193098,1.543413516636169,2869,2869.0,pixel_count,230034.08466195874,230034.08466195874,27041.025732278824,80.17918600974512,80.17918600974512,9.425244242690423,230034.08466195874,230034.08466195874,27041.025732278824,80.17918600974512,,0,,,50.0,False,80.17918600974512,9.425244242690423,22.612722590838494,36.89254175909434,28.058518674465997,80.44216594738975
PbI2,4.0,4.0,detector_qspace_per_pixel,detector_phi_two_theta_roi_per_qz_bin,False,0,0.0,0.0,0,0,original,qz,m = 0,1e-09,62,1.5552944025193098,1.5790561742855915,1.5671752884024506,2862,2862.0,pixel_count,228787.83979720064,228787.83979720064,26827.489844322205,79.93984619049638,79.93984619049638,9.373686179008457,228787.83979720064,228787.83979720064,26827.489844322205,79.93984619049638,,0,,,50.0,False,79.93984619049638,9.373686179008457,23.002211410328847,36.896253974331266,28.263514451921946,80.0048780214695
PbI2,4.0,4.0,detector_qspace_per_pixel,detector_phi_two_theta_roi_per_qz_bin,False,0,0.0,0.0,0,0,original,qz,m = 0,1e-09,63,1.5790561742855915,1.6028179460518732,1.5909370601687325,2861,2861.0,pixel_count,228035.23949308507,228035.23949308507,26497.80996286869,79.70473243379415,79.70473243379415,9.261730151299787,228035.23949308507,228035.23949308507,26497.80996286869,79.70473243379415,,0,,,50.0,False,79.70473243379415,9.261730151299787,23.389465178867063,36.897967287382585,28.472174849623126,79.79807184024972
PbI2,4.0,4.0,detector_qspace_per_pixel,detector_phi_two_theta_roi_per_qz_bin,False,0,0.0,0.0,0,0,original,qz,m = 0,1e-09,64,1.6028179460518732,1.626579717818155,1.614698831935014,2812,2812.0,pixel_count,223900.7842810899,223900.7842810899,26017.368488788605,79.62332300181006,79.62332300181006,9.252264754192248,223900.7842810899,223900.7842810899,26017.368488788605,79.62332300181006,,0,,,50.0,False,79.62332300181006,9.252264754192248,23.774468003800205,36.89629146179828,28.736608122068287,79.84944664473606
PbI2,4.0,4.0,detector_qspace_per_pixel,detector_phi_two_theta_roi_per_qz_bin,False,0,0.0,0.0,0,0,original,qz,m = 0,1e-09,65,1.626579717818155,1.6503414895844366,1.6384606037012959,2831,2831.0,pixel_count,226514.017812483,226514.017812483,25601.205599188805,80.01201618243836,80.01201618243836,9.043166937191383,226514.017812483,226514.017812483,25601.205599188805,80.01201618243836,,0,,,50.0,False,80.01201618243836,9.043166937191383,24.093573444489795,36.892209931486995,28.90113862101336,80.30066103855063
PbI2,4.0,4.0,detector_qspace_per_pixel,detector_phi_two_theta_roi_per_qz_bin,False,0,0.0,0.0,0,0,original,qz,m = 0,1e-09,66,1.6503414895844366,1.6741032613507183,1.6622223754675773,2826,2826.0,pixel_count,229246.24507382512,229246.24507382512,25060.985651135445,81.12039811529552,81.12039811529552,8.868006245978572,229246.24507382512,229246.24507382512,25060.985651135445,81.12039811529552,,0,,,50.0,False,81.12039811529552,8.868006245978572,24.474411562954824,36.89660385393796,29.08548982728724,81.14347418039246
PbI2,4.0,4.0,detector_qspace_per_pixel,detector_phi_two_theta_roi_per_qz_bin,False,0,0.0,0.0,0,0,original,qz,m = 0,1e-09,67,1.6741032613507183,1.697865033117,1.6859841472338593,2842,2842.0,pixel_count,233513.00749204308,233513.00749204308,24765.82415306568,82.16502726672874,82.16502726672874,8.714223839924589,233513.00749204308,233513.00749204308,24765.82415306568,82.16502726672874,,0,,,50.0,False,82.16502726672874,8.714223839924589,24.852959078710512,36.89434503448072,29.28416197594031,82.06275315107166
PbI2,4.0,4.0,detector_qspace_per_pixel,detector_phi_two_theta_roi_per_qz_bin,False,0,0.0,0.0,0,0,original,qz,m = 0,1e-09,68,1.697865033117,1.7216268048832817,1.7097459190001407,2813,2813.0,pixel_count,234493.52121013403,234493.52121013403,24193.544044971466,83.36065453613013,83.36065453613013,8.600619994657471,234493.52121013403,234493.52121013403,24193.544044971466,83.36065453613013,,0,,,50.0,False,83.36065453613013,8.600619994657471,25.22920384586214,36.88443314237845,29.53197761677217,82.37120734012481
PbI2,4.0,4.0,detector_qspace_per_pixel,detector_phi_two_theta_roi_per_qz_bin,False,0,0.0,0.0,0,0,original,qz,m = 0,1e-09,69,1.7216268048832817,1.7453885766495634,1.7335076907664226,2787,2787.0,pixel_count,229336.76824381948,229336.76824381948,23526.24154126644,82.28804027406511,82.28804027406511,8.44142143568943,229336.76824381948,229336.76824381948,23526.24154126644,82.28804027406511,,0,,,50.0,False,82.28804027406511,8.44142143568943,25.66523075984366,36.88249482429776,29.756560195901837,81.18612329820866
PbI2,4.0,4.0,detector_qspace_per_pixel,detector_phi_two_theta_roi_per_qz_bin,False,0,0.0,0.0,0,0,original,qz,m = 0,1e-09,70,1.7453885766495634,1.769150348415845,1.757269462532704,2778,2778.0,pixel_count,217763.9314582292,217763.9314582292,22941.25135397911,78.38874422542447,78.38874422542447,8.2581898322459,217763.9314582292,217763.9314582292,22941.25135397911,78.38874422542447,,0,,,50.0,False,78.38874422542447,8.2581898322459,26.0364490359064,36.890294432006485,29.978866810523456,78.59438449673675
PbI2,4.0,4.0,detector_qspace_per_pixel,detector_phi_two_theta_roi_per_qz_bin,False,0,0.0,0.0,0,0,original,qz,m = 0,1e-09,71,1.769150348415845,1.7929121201821268,1.781031234298986,2794,2794.0,pixel_count,211202.3127048444,211202.3127048444,22305.677780151367,75.59137892084624,75.59137892084624,7.983420823246731,211202.3127048444,211202.3127048444,22305.677780151367,75.59137892084624,,0,,,50.0,False,75.59137892084624,7.983420823246731,26.405332237631644,36.89653590916708,30.166331350657657,75.63399185337406
PbI2,4.0,4.0,detector_qspace_per_pixel,detector_phi_two_theta_roi_per_qz_bin,False,0,0.0,0.0,0,0,original,qz,m = 0,1e-09,72,1.7929121201821268,1.8166738919484084,1.8047930060652675,2772,2772.0,pixel_count,201430.09748528525,201430.09748528525,21342.682330965996,72.665980333797,72.665980333797,7.699380350276333,201430.09748528525,201430.09748528525,21342.682330965996,72.665980333797,,0,,,50.0,False,72.665980333797,7.699380350276333,26.771872036002094,36.88819021694393,30.381706668754422,72.87533687630844
PbI2,4.0,4.0,detector_qspace_per_pixel,detector_phi_two_theta_roi_per_qz_bin,False,0,0.0,0.0,0,0,original,qz,m = 0,1e-09,73,1.8166738919484084,1.8404356637146901,1.8285547778315494,2741,2741.0,pixel_count,192459.73879252188,192459.73879252188,20531.559035539627,70.21515461237573,70.21515461237573,7.4905359487557925,192459.73879252188,192459.73879252188,20531.559035539627,70.21515461237573,,0,,,50.0,False,70.21515461237573,7.4905359487557925,27.19653009950279,36.89617066853428,30.643085976499513,70.46251643215234
PbI2,4.0,4.0,detector_qspace_per_pixel,detector_phi_two_theta_roi_per_qz_bin,False,0,0.0,0.0,0,0,original,qz,m = 0,1e-09,74,1.8404356637146901,1.8641974354809718,1.8523165495978309,2760,2760.0,pixel_count,188854.17373339832,188854.17373339832,19511.190512895584,68.42542526572403,68.42542526572403,7.069271924962168,188854.17373339832,188854.17373339832,19511.190512895584,68.42542526572403,,0,,,50.0,False,68.42542526572403,7.069271924962168,27.557968084522226,36.89780876265618,30.831900097913667,68.35801554442173
PbI2,4.0,4.0,detector_qspace_per_pixel,detector_phi_two_theta_roi_per_qz_bin,False,0,0.0,0.0,0,0,original,qz,m = 0,1e-09,75,1.8641974354809718,1.8879592072472533,1.8760783213641126,2704,2704.0,pixel_count,179099.87190827914,179099.87190827914,18257.101506710052,66.23515972939317,66.23515972939317,6.751886651889812,179099.87190827914,179099.87190827914,18257.101506710052,66.23515972939317,,0,,,50.0,False,66.23515972939317,6.751886651889812,27.97665741794017,36.89606775056479,31.104355866649733,66.39531199468604
PbI2,4.0,4.0,detector_qspace_per_pixel,detector_phi_two_theta_roi_per_qz_bin,False,0,0.0,0.0,0,0,original,qz,m = 0,1e-09,76,1.8879592072472533,1.911720979013535,1.8998400931303943,2707,2707.0,pixel_count,174920.82209134847,174920.82209134847,16810.13269519806,64.61796161483136,64.61796161483136,6.2098753953446835,174920.82209134847,174920.82209134847,16810.13269519806,64.61796161483136,,0,,,50.0,False,64.61796161483136,6.2098753953446835,28.332967152166262,36.89215620306275,31.307242543645078,64.50974526795599
PbI2,4.0,4.0,detector_qspace_per_pixel,detector_phi_two_theta_roi_per_qz_bin,False,0,0.0,0.0,0,0,original,qz,m = 0,1e-09,77,1.911720979013535,1.9354827507798167,1.9236018648966757,2700,2700.0,pixel_count,168950.5832352601,168950.5832352601,15249.405794143677,62.57429008713337,62.57429008713337,5.647928071905065,168950.5832352601,168950.5832352601,15249.405794143677,62.57429008713337,,0,,,50.0,False,62.57429008713337,5.647928071905065,28.745661747780726,36.89553796419208,31.534655434401913,62.63940311804892
PbI2,4.0,4.0,detector_qspace_per_pixel,detector_phi_two_theta_roi_per_qz_bin,False,0,0.0,0.0,0,0,original,qz,m = 0,1e-09,78,1.9354827507798167,1.9592445225460984,1.9473636366629576,2654,2654.0,pixel_count,161076.2517549172,161076.2517549172,13560.977028012276,60.691880842093894,60.691880842093894,5.109637162024218,161076.2517549172,161076.2517549172,13560.977028012276,60.691880842093894,,0,,,50.0,False,60.691880842093894,5.109637162024218,29.155120920782434,36.89449500172852,31.80395613778595,60.881972983812474
PbI2,4.0,4.0,detector_qspace_per_pixel,detector_phi_two_theta_roi_per_qz_bin,False,0,0.0,0.0,0,0,original,qz,m = 0,1e-09,79,1.9592445225460984,1.98300629431238,1.9711254084292391,2627,2627.0,pixel_count,155759.65071143582,155759.65071143582,11759.817293524742,59.291835063355855,59.291835063355855,4.476519715844972,155759.65071143582,155759.65071143582,11759.817293524742,59.291835063355855,,0,,,50.0,False,59.291835063355855,4.476519715844972,29.503508154570994,36.89293424940224,32.03638276718109,59.390354927112895
PbI2,4.0,4.0,detector_qspace_per_pixel,detector_phi_two_theta_roi_per_qz_bin,False,0,0.0,0.0,0,0,original,qz,m = 0,1e-09,80,1.98300629431238,2.0067680660786618,1.994887180195521,2608,2608.0,pixel_count,151061.31553445384,151061.31553445384,10289.450841903687,57.92228356382432,57.92228356382432,3.945341580484542,151061.31553445384,151061.31553445384,10289.450841903687,57.92228356382432,,0,,,50.0,False,57.92228356382432,3.945341580484542,29.906950606596162,36.897795487115154,32.279732074340416,58.2118977713436
PbI2,4.0,4.0,detector_qspace_per_pixel,detector_phi_two_theta_roi_per_qz_bin,False,0,0.0,0.0,0,0,original,qz,m = 0,1e-09,81,2.0067680660786618,2.0305298378449437,2.0186489519618025,2585,2585.0,pixel_count,148700.71643642336,148700.71643642336,8949.025547266006,57.5244551011309,57.5244551011309,3.461905434145457,148700.71643642336,148700.71643642336,8949.025547266006,57.5244551011309,,0,,,50.0,False,57.5244551011309,3.461905434145457,30.30715139484213,36.89762993238324,32.52516819554299,57.22604012277392
PbI2,4.0,4.0,detector_qspace_per_pixel,detector_phi_two_theta_roi_per_qz_bin,False,0,0.0,0.0,0,0,original,qz,m = 0,1e-09,82,2.0305298378449437,2.054291609611225,2.0424107237280844,2548,2548.0,pixel_count,142642.08985159546,142642.08985159546,7792.98356115818,55.98198188838126,55.98198188838126,3.0584707853839013,142642.08985159546,142642.08985159546,7792.98356115818,55.98198188838126,,0,,,50.0,False,55.98198188838126,3.0584707853839013,30.70411085310565,36.89373334793991,32.7695853427616,56.218687433478195
PbI2,4.0,4.0,detector_qspace_per_pixel,detector_phi_two_theta_roi_per_qz_bin,False,0,0.0,0.0,0,0,original,qz,m = 0,1e-09,83,2.054291609611225,2.078053381377507,2.0661724954943663,2527,2527.0,pixel_count,139925.57530599087,139925.57530599087,6941.900000214577,55.372210251678226,55.372210251678226,2.747091412827296,139925.57530599087,139925.57530599087,6941.900000214577,55.372210251678226,,0,,,50.0,False,55.372210251678226,2.747091412827296,31.097830554451868,36.89756016981292,33.02246407407919,55.24336407948175
PbI2,4.0,4.0,detector_qspace_per_pixel,detector_phi_two_theta_roi_per_qz_bin,False,0,0.0,0.0,0,0,original,qz,m = 0,1e-09,84,2.078053381377507,2.1018151531437885,2.089934267260648,2453,2453.0,pixel_count,132897.00017689914,132897.00017689914,6171.06562936306,54.17733394900087,54.17733394900087,2.5157218219988016,132897.00017689914,132897.00017689914,6171.06562936306,54.17733394900087,,0,,,50.0,False,54.17733394900087,2.5157218219988016,31.54383248652807,36.89653642981776,33.29873846517332,54.317801241573235
PbI2,4.0,4.0,detector_qspace_per_pixel,detector_phi_two_theta_roi_per_qz_bin,False,0,0.0,0.0,0,0,original,qz,m = 0,1e-09,85,2.1018151531437885,2.1255769249100704,2.1136960390269293,2417,2417.0,pixel_count,129215.8348515816,129215.8348515816,5588.694494366646,53.46124735274373,53.46124735274373,2.312244308798778,129215.8348515816,129215.8348515816,5588.694494366646,53.46124735274373,,0,,,50.0,False,53.46124735274373,2.312244308798778,31.930620666456246,36.89603130390745,33.55073611109935,53.478183012356254
PbI2,4.0,4.0,detector_qspace_per_pixel,detector_phi_two_theta_roi_per_qz_bin,False,0,0.0,0.0,0,0,original,qz,m = 0,1e-09,86,2.1255769249100704,2.149338696676352,2.137457810793211,2387,2387.0,pixel_count,125900.74906723574,125900.74906723574,5120.321117281914,52.74434397454367,52.74434397454367,2.1450863499295827,125900.74906723574,125900.74906723574,5120.321117281914,52.74434397454367,,0,,,50.0,False,52.74434397454367,2.1450863499295827,32.31418164449219,36.88640960443451,33.80317304697662,52.70253133367849
PbI2,4.0,4.0,detector_qspace_per_pixel,detector_phi_two_theta_roi_per_qz_bin,False,0,0.0,0.0,0,0,original,qz,m = 0,1e-09,87,2.149338696676352,2.1731004684426334,2.1612195825594926,2306,2306.0,pixel_count,119513.48719283193,119513.48719283193,4668.2442445755005,51.82718438544316,51.82718438544316,2.024390392270382,119513.48719283193,119513.48719283193,4668.2442445755005,51.82718438544316,,0,,,50.0,False,51.82718438544316,2.024390392270382,32.748593465685936,36.884548900791714,34.08271637336182,51.964646935066966
PbI2,4.0,4.0,detector_qspace_per_pixel,detector_phi_two_theta_roi_per_qz_bin,False,0,0.0,0.0,0,0,original,qz,m = 0,1e-09,88,2.1731004684426334,2.1968622402089153,2.1849813543257746,2259,2259.0,pixel_count,116107.2977075316,116107.2977075316,4348.086808800697,51.39765281431235,51.39765281431235,1.924783890571358,116107.2977075316,116107.2977075316,4348.086808800697,51.39765281431235,,0,,,50.0,False,51.39765281431235,1.924783890571358,33.12526145197354,36.896893505417474,34.35280228083408,51.25528770573579
PbI2,4.0,4.0,detector_qspace_per_pixel,detector_phi_two_theta_roi_per_qz_bin,False,0,0.0,0.0,0,0,original,qz,m = 0,1e-09,89,2.1968622402089153,2.2206240119751968,2.208743126092056,2194,2194.0,pixel_count,110956.03305612877,110956.03305612877,4033.5995473861694,50.5724854403504,50.5724854403504,1.8384683442963397,110956.03305612877,110956.03305612877,4033.5995473861694,50.5724854403504,,0,,,50.0,False,50.5724854403504,1.8384683442963397,33.551816335107866,36.89728623597939,34.6251439561658,50.416554700083566
PbI2,4.0,4.0,detector_qspace_per_pixel,detector_phi_two_theta_roi_per_qz_bin,False,0,0.0,0.0,0,0,original,qz,m = 0,1e-09,90,2.2206240119751968,2.2443857837414787,2.2325048978583375,2112,2112.0,pixel_count,103979.1609938331,103979.1609938331,3744.7400376796722,49.23255728874673,49.23255728874673,1.7730776693559054,103979.1609938331,103979.1609938331,3744.7400376796722,49.23255728874673,,0,,,50.0,False,49.23255728874673,1.7730776693559054,33.97420043772637,36.896032779130906,34.90982879546657,49.47754935245415
PbI2,4.0,4.0,detector_qspace_per_pixel,detector_phi_two_theta_roi_per_qz_bin,False,0,0.0,0.0,0,0,original,qz,m = 0,1e-09,91,2.2443857837414787,2.26814755550776,2.2562666696246194,2008,2008.0,pixel_count,98026.2515287064,98026.2515287064,3450.643117427826,48.81785434696534,48.81785434696534,1.7184477676433396,98026.2515287064,98026.2515287064,3450.643117427826,48.81785434696534,,0,,,50.0,False,48.81785434696534,1.7184477676433396,34.3924293943469,36.895452919043876,35.194158252964534,48.575044340554086
PbI2,4.0,4.0,detector_qspace_per_pixel,detector_phi_two_theta_roi_per_qz_bin,False,0,0.0,0.0,0,0,original,qz,m = 0,1e-09,92,2.26814755550776,2.291909327274042,2.2800284413909013,1893,1893.0,pixel_count,89795.80126681551,89795.80126681551,3178.441537618637,47.435711181624676,47.435711181624676,1.6790499406331945,89795.80126681551,89795.80126681551,3178.441537618637,47.435711181624676,,0,,,50.0,False,47.435711181624676,1.6790499406331945,34.80652030457946,36.898106808665396,35.486961952011164,47.680218187278825
PbI2,4.0,4.0,detector_qspace_per_pixel,detector_phi_two_theta_roi_per_qz_bin,False,0,0.0,0.0,0,0,original,qz,m = 0,1e-09,93,2.291909327274042,2.3156710990403235,2.303790213157183,1763,1763.0,pixel_count,82682.44421877712,82682.44421877712,2906.8417199850082,46.89872048711124,46.89872048711124,1.6488041520051095,82682.44421877712,82682.44421877712,2906.8417199850082,46.89872048711124,,0,,,50.0,False,46.89872048711124,1.6488041520051095,35.21649166050637,36.89590044236722,35.78182011344056,46.90390015598254
PbI2,4.0,4.0,detector_qspace_per_pixel,detector_phi_two_theta_roi_per_qz_bin,False,0,0.0,0.0,0,0,original,qz,m = 0,1e-09,94,2.3156710990403235,2.3394328708066054,2.3275519849234643,1621,1621.0,pixel_count,75033.837467134,75033.837467134,2640.0599998235703,46.288610405388035,46.288610405388035,1.6286613200638929,75033.837467134,75033.837467134,2640.0599998235703,46.288610405388035,,0,,,50.0,False,46.288610405388035,1.6286613200638929,35.62236327547952,36.898354698886,36.083328337235315,46.209857788858145
PbI2,4.0,4.0,detector_qspace_per_pixel,detector_phi_two_theta_roi_per_qz_bin,False,0,0.0,0.0,0,0,original,qz,m = 0,1e-09,95,2.3394328708066054,2.363194642572887,2.351313756689746,1402,1402.0,pixel_count,63600.67578615993,63600.67578615993,2273.7640409469604,45.364248064308086,45.364248064308086,1.6218003145128106,63600.67578615993,63600.67578615993,2273.7640409469604,45.364248064308086,,0,,,50.0,False,45.364248064308086,1.6218003145128106,36.0241562144119,36.89733317904437,36.39658703723876,45.56687564274472
PbI2,4.0,4.0,detector_qspace_per_pixel,detector_phi_two_theta_roi_per_qz_bin,False,0,0.0,0.0,0,0,original,qz,m = 0,1e-09,96,2.363194642572887,2.386956414339169,2.375075528456028,1013,1013.0,pixel_count,45571.296606101096,45571.296606101096,1649.1922224760056,44.98647246406821,44.98647246406821,1.628027860292207,45571.296606101096,45571.296606101096,1649.1922224760056,44.98647246406821,,0,,,50.0,False,44.98647246406821,1.628027860292207,36.471325723934534,36.898199128048724,36.71088953126152,45.15698986946988
