sample_name,tilt_deg,theta_initial_deg_used_for_q,qz_map_source,qr_integration_source,solid_angle_corrected,m,qr,qr_original,qr_fit_count,qr_fit_sample_count,qr_fit_method,branch,phi_window,delta_qr,qz_bin,qz_min,qz_max,qz_center,pixel_count,acceptance_sum,acceptance_source,background_sum_raw,background_sum,fit_sum,background_mean_raw,background_mean,fit_mean,background_weighted_sum_raw,background_weighted_sum,fit_weighted_sum,background_density_raw,qr_sideband_background_density,qr_sideband_pixel_count,qr_sideband_inner_delta_qr,qr_sideband_outer_delta_qr,qr_sideband_percentile,qr_transverse_background_subtracted,background_density,fit_density,two_theta_min,two_theta_max,two_theta_mean,smoothed_background_density
PbI2,4.0,4.0,detector_qspace_per_pixel,detector_qr_band_per_qz_bin_fast,False,1,1.5806530407269872,1.5806530407269872,0,0,saved_q_group_rows_no_fit_points,-,-,0.13,1,0.46336174831707855,0.48749517270859305,0.4754284605128358,299,299.0,pixel_count,4085.275130233952,4085.275130233952,0.0,13.663127525866061,13.663127525866061,0.0,4085.275130233952,4085.275130233952,0.0,13.663127525866061,,0,,,,False,13.663127525866061,0.0,22.853792190551758,26.44856071472168,24.67885373628645,13.492382871214728
PbI2,4.0,4.0,detector_qspace_per_pixel,detector_qr_band_per_qz_bin_fast,False,1,1.5806530407269872,1.5806530407269872,0,0,saved_q_group_rows_no_fit_points,-,-,0.13,2,0.48749517270859305,0.5116285971001077,0.4995618849043504,300,300.0,pixel_count,3914.2430899429287,3914.2430899429287,0.0,13.04747696647643,13.04747696647643,0.0,3914.2430899429287,3914.2430899429287,0.0,13.04747696647643,,0,,,,False,13.04747696647643,0.0,22.954666137695312,26.59200096130371,24.777569281099982,13.39033338079193
PbI2,4.0,4.0,detector_qspace_per_pixel,detector_qr_band_per_qz_bin_fast,False,1,1.5806530407269872,1.5806530407269872,0,0,saved_q_group_rows_no_fit_points,-,-,0.13,3,0.5116285971001077,0.5357620214916221,0.5236953092958649,302,302.0,pixel_count,3961.112990046531,3961.112990046531,0.0,13.116268178962024,13.116268178962024,0.0,3961.112990046531,3961.112990046531,0.0,13.116268178962024,,0,,,,False,13.116268178962024,0.0,23.05996322631836,26.680130004882812,24.904695212204953,13.908746694189398
PbI2,4.0,4.0,detector_qspace_per_pixel,detector_qr_band_per_qz_bin_fast,False,1,1.5806530407269872,1.5806530407269872,0,0,saved_q_group_rows_no_fit_points,-,-,0.13,4,0.5357620214916221,0.5598954458831366,0.5478287336873793,300,300.0,pixel_count,4590.987108366072,4590.987108366072,0.0,15.30329036122024,15.30329036122024,0.0,4590.987108366072,4590.987108366072,0.0,15.30329036122024,,0,,,,False,15.30329036122024,0.0,23.230152130126953,26.82974624633789,25.027016055646612,15.298627293987643
PbI2,4.0,4.0,detector_qspace_per_pixel,detector_qr_band_per_qz_bin_fast,False,1,1.5806530407269872,1.5806530407269872,0,0,saved_q_group_rows_no_fit_points,-,-,0.13,5,0.5598954458831366,0.5840288702746511,0.5719621580788938,304,304.0,pixel_count,5247.965631471851,5247.965631471851,0.0,17.263044840367932,17.263044840367932,0.0,5247.965631471851,5247.965631471851,0.0,17.263044840367932,,0,,,,False,17.263044840367932,0.0,23.343589782714844,26.924583435058594,25.151982061746263,16.87713101086461
PbI2,4.0,4.0,detector_qspace_per_pixel,detector_qr_band_per_qz_bin_fast,False,1,1.5806530407269872,1.5806530407269872,0,0,saved_q_group_rows_no_fit_points,-,-,0.13,6,0.5840288702746511,0.6081622946661657,0.5960955824704084,300,300.0,pixel_count,5514.299787444842,5514.299787444842,0.0,18.380999291482805,18.380999291482805,0.0,5514.299787444842,5514.299787444842,0.0,18.380999291482805,,0,,,,False,18.380999291482805,0.0,23.461158752441406,27.022838592529297,25.28089215284028,17.94468396607129
PbI2,4.0,4.0,detector_qspace_per_pixel,detector_qr_band_per_qz_bin_fast,False,1,1.5806530407269872,1.5806530407269872,0,0,saved_q_group_rows_no_fit_points,-,-,0.13,7,0.6081622946661657,0.6322957190576802,0.620229006861923,309,309.0,pixel_count,5630.022926689557,5630.022926689557,0.0,18.220138921325425,18.220138921325425,0.0,5630.022926689557,5630.022926689557,0.0,18.220138921325425,,0,,,,False,18.220138921325425,0.0,23.641965866088867,27.201953887939453,25.451355652680437,18.714170202671703
PbI2,4.0,4.0,detector_qspace_per_pixel,detector_qr_band_per_qz_bin_fast,False,1,1.5806530407269872,1.5806530407269872,0,0,saved_q_group_rows_no_fit_points,-,-,0.13,8,0.6322957190576802,0.6564291434491947,0.6443624312534375,310,310.0,pixel_count,5938.267045262395,5938.267045262395,0.0,19.155700146007728,19.155700146007728,0.0,5938.267045262395,5938.267045262395,0.0,19.155700146007728,,0,,,,False,19.155700146007728,0.0,23.76704978942871,27.307138442993164,25.564977074387627,20.22471880284246
PbI2,4.0,4.0,detector_qspace_per_pixel,detector_qr_band_per_qz_bin_fast,False,1,1.5806530407269872,1.5806530407269872,0,0,saved_q_group_rows_no_fit_points,-,-,0.13,9,0.6564291434491947,0.6805625678407091,0.6684958556449518,309,309.0,pixel_count,7109.597071166356,7109.597071166356,0.0,23.008404761056166,23.008404761056166,0.0,7109.597071166356,7109.597071166356,0.0,23.008404761056166,,0,,,,False,23.008404761056166,0.0,23.954208374023438,27.471540451049805,25.73094498689767,22.949249230902808
PbI2,4.0,4.0,detector_qspace_per_pixel,detector_qr_band_per_qz_bin_fast,False,1,1.5806530407269872,1.5806530407269872,0,0,saved_q_group_rows_no_fit_points,-,-,0.13,10,0.6805625678407091,0.7046959922322237,0.6926292800364664,309,309.0,pixel_count,7992.486515256265,7992.486515256265,0.0,25.865652152932896,25.865652152932896,0.0,7992.486515256265,7992.486515256265,0.0,25.865652152932896,,0,,,,False,25.865652152932896,0.0,24.086376190185547,27.582679748535156,25.848180445140674,26.630035712551802
PbI2,4.0,4.0,detector_qspace_per_pixel,detector_qr_band_per_qz_bin_fast,False,1,1.5806530407269872,1.5806530407269872,0,0,saved_q_group_rows_no_fit_points,-,-,0.13,11,0.7046959922322237,0.7288294166237382,0.716762704427981,317,317.0,pixel_count,9578.788340260138,9578.788340260138,0.0,30.2169979188017,30.2169979188017,0.0,9578.788340260138,9578.788340260138,0.0,30.2169979188017,,0,,,,False,30.2169979188017,0.0,24.222169876098633,27.775222778320312,26.043132478263047,32.055859389060394
PbI2,4.0,4.0,detector_qspace_per_pixel,detector_qr_band_per_qz_bin_fast,False,1,1.5806530407269872,1.5806530407269872,0,0,saved_q_group_rows_no_fit_points,-,-,0.13,12,0.7288294166237382,0.7529628410152527,0.7408961288194955,316,316.0,pixel_count,12153.977404186362,12153.977404186362,0.0,38.46195381071634,38.46195381071634,0.0,12153.977404186362,12153.977404186362,0.0,38.46195381071634,,0,,,,False,38.46195381071634,0.0,24.418256759643555,27.892606735229492,26.174022700188917,40.81915748215579
PbI2,4.0,4.0,detector_qspace_per_pixel,detector_qr_band_per_qz_bin_fast,False,1,1.5806530407269872,1.5806530407269872,0,0,saved_q_group_rows_no_fit_points,-,-,0.13,13,0.7529628410152527,0.7770962654067672,0.76502955321101,317,317.0,pixel_count,16364.297544965504,16364.297544965504,0.0,51.62238973175238,51.62238973175238,0.0,16364.297544965504,16364.297544965504,0.0,51.62238973175238,,0,,,,False,51.62238973175238,0.0,24.560504913330078,28.067214965820312,26.32999029978013,54.19522461454382
PbI2,4.0,4.0,detector_qspace_per_pixel,detector_qr_band_per_qz_bin_fast,False,1,1.5806530407269872,1.5806530407269872,0,0,saved_q_group_rows_no_fit_points,-,-,0.13,14,0.7770962654067672,0.8012296897982817,0.7891629776025244,318,318.0,pixel_count,21956.97215121197,21956.97215121197,0.0,69.04708223651562,69.04708223651562,0.0,21956.97215121197,21956.97215121197,0.0,69.04708223651562,,0,,,,False,69.04708223651562,0.0,24.791227340698242,28.214805603027344,26.535485792310936,74.32325037087256
PbI2,4.0,4.0,detector_qspace_per_pixel,detector_qr_band_per_qz_bin_fast,False,1,1.5806530407269872,1.5806530407269872,0,0,saved_q_group_rows_no_fit_points,-,-,0.13,15,0.8012296897982817,0.8253631141897962,0.813296401994039,322,322.0,pixel_count,30796.94774303896,30796.94774303896,0.0,95.64269485415826,95.64269485415826,0.0,30796.94774303896,30796.94774303896,0.0,95.64269485415826,,0,,,,False,95.64269485415826,0.0,24.940143585205078,28.394222259521484,26.68415665694736,107.38424020608198
PbI2,4.0,4.0,detector_qspace_per_pixel,detector_qr_band_per_qz_bin_fast,False,1,1.5806530407269872,1.5806530407269872,0,0,saved_q_group_rows_no_fit_points,-,-,0.13,16,0.8253631141897962,0.8494965385813108,0.8374298263855535,323,323.0,pixel_count,46732.18141286974,46732.18141286974,0.0,144.68167620083508,144.68167620083508,0.0,46732.18141286974,46732.18141286974,0.0,144.68167620083508,,0,,,,False,144.68167620083508,0.0,25.092161178588867,28.60134506225586,26.864545455450873,161.97242484821732
PbI2,4.0,4.0,detector_qspace_per_pixel,detector_qr_band_per_qz_bin_fast,False,1,1.5806530407269872,1.5806530407269872,0,0,saved_q_group_rows_no_fit_points,-,-,0.13,17,0.8494965385813108,0.8736299629728252,0.8615632507770681,326,326.0,pixel_count,79080.4816040716,79080.4816040716,0.0,242.57816442966748,242.57816442966748,0.0,79080.4816040716,79080.4816040716,0.0,242.57816442966748,,0,,,,False,242.57816442966748,0.0,25.3012752532959,28.73231315612793,27.037968022886385,229.4443610159441
PbI2,4.0,4.0,detector_qspace_per_pixel,detector_qr_band_per_qz_bin_fast,False,1,1.5806530407269872,1.5806530407269872,0,0,saved_q_group_rows_no_fit_points,-,-,0.13,18,0.8736299629728252,0.8977633873643397,0.8856966751685824,325,325.0,pixel_count,104032.86139494838,104032.86139494838,0.0,320.10111198445657,320.10111198445657,0.0,104032.86139494838,104032.86139494838,0.0,320.10111198445657,,0,,,,False,320.10111198445657,0.0,25.49049949645996,28.944717407226562,27.227309998915846,266.9571846979867
PbI2,4.0,4.0,detector_qspace_per_pixel,detector_qr_band_per_qz_bin_fast,False,1,1.5806530407269872,1.5806530407269872,0,0,saved_q_group_rows_no_fit_points,-,-,0.13,19,0.8977633873643397,0.9218968117558544,0.909830099560097,331,331.0,pixel_count,85549.58071121131,85549.58071121131,0.0,258.45794776801,258.45794776801,0.0,85549.58071121131,85549.58071121131,0.0,258.45794776801,,0,,,,False,258.45794776801,0.0,25.704198837280273,29.08069610595703,27.409986064429315,242.5333162286908
PbI2,4.0,4.0,detector_qspace_per_pixel,detector_qr_band_per_qz_bin_fast,False,1,1.5806530407269872,1.5806530407269872,0,0,saved_q_group_rows_no_fit_points,-,-,0.13,20,0.9218968117558544,0.9460302361473689,0.9339635239516116,333,333.0,pixel_count,56966.41303031898,56966.41303031898,0.0,171.0703094003573,171.0703094003573,0.0,56966.41303031898,56966.41303031898,0.0,171.0703094003573,,0,,,,False,171.0703094003573,0.0,25.867124557495117,29.297950744628906,27.60226782285103,183.26364568528848
PbI2,4.0,4.0,detector_qspace_per_pixel,detector_qr_band_per_qz_bin_fast,False,1,1.5806530407269872,1.5806530407269872,0,0,saved_q_group_rows_no_fit_points,-,-,0.13,21,0.9460302361473689,0.9701636605388833,0.9580969483431261,332,332.0,pixel_count,39331.534457523034,39331.534457523034,0.0,118.46847728169588,118.46847728169588,0.0,39331.534457523034,39331.534457523034,0.0,118.46847728169588,,0,,,,False,118.46847728169588,0.0,26.11783218383789,29.438596725463867,27.79581516641474,131.49980128686195
PbI2,4.0,4.0,detector_qspace_per_pixel,detector_qr_band_per_qz_bin_fast,False,1,1.5806530407269872,1.5806530407269872,0,0,saved_q_group_rows_no_fit_points,-,-,0.13,22,0.9701636605388833,0.9942970849303978,0.9822303727346405,340,340.0,pixel_count,31875.340896711852,31875.340896711852,0.0,93.7510026373878,93.7510026373878,0.0,31875.340896711852,31875.340896711852,0.0,93.7510026373878,,0,,,,False,93.7510026373878,0.0,26.285816192626953,29.660280227661133,27.989677162058335,100.64482391912867
PbI2,4.0,4.0,detector_qspace_per_pixel,detector_qr_band_per_qz_bin_fast,False,1,1.5806530407269872,1.5806530407269872,0,0,saved_q_group_rows_no_fit_points,-,-,0.13,23,0.9942970849303978,1.0184305093219124,1.0063637971261552,336,336.0,pixel_count,27444.18626124412,27444.18626124412,0.0,81.67912577751225,81.67912577751225,0.0,27444.18626124412,27444.18626124412,0.0,81.67912577751225,,0,,,,False,81.67912577751225,0.0,26.54116439819336,29.883962631225586,28.2003086179365,84.87089381951017
PbI2,4.0,4.0,detector_qspace_per_pixel,detector_qr_band_per_qz_bin_fast,False,1,1.5806530407269872,1.5806530407269872,0,0,saved_q_group_rows_no_fit_points,-,-,0.13,24,1.0184305093219124,1.0425639337134267,1.0304972215176695,346,346.0,pixel_count,26015.007608631495,26015.007608631495,0.0,75.18788326194074,75.18788326194074,0.0,26015.007608631495,26015.007608631495,0.0,75.18788326194074,,0,,,,False,75.18788326194074,0.0,26.713762283325195,30.030961990356445,28.38861072941589,76.93613927890723
PbI2,4.0,4.0,detector_qspace_per_pixel,detector_qr_band_per_qz_bin_fast,False,1,1.5806530407269872,1.5806530407269872,0,0,saved_q_group_rows_no_fit_points,-,-,0.13,25,1.0425639337134267,1.0666973581049413,1.0546306459091839,342,342.0,pixel_count,24700.252448611307,24700.252448611307,0.0,72.22296037605645,72.22296037605645,0.0,24700.252448611307,24700.252448611307,0.0,72.22296037605645,,0,,,,False,72.22296037605645,0.0,26.973228454589844,30.25844955444336,28.62205777868477,72.87788990464193
PbI2,4.0,4.0,detector_qspace_per_pixel,detector_qr_band_per_qz_bin_fast,False,1,1.5806530407269872,1.5806530407269872,0,0,saved_q_group_rows_no_fit_points,-,-,0.13,26,1.0666973581049413,1.090830782496456,1.0787640703006987,346,346.0,pixel_count,24147.235718408807,24147.235718408807,0.0,69.78969860811794,69.78969860811794,0.0,24147.235718408807,24147.235718408807,0.0,69.78969860811794,,0,,,,False,69.78969860811794,0.0,27.150012969970703,30.43966293334961,28.79593490583372,71.05991681423583
PbI2,4.0,4.0,detector_qspace_per_pixel,detector_qr_band_per_qz_bin_fast,False,1,1.5806530407269872,1.5806530407269872,0,0,saved_q_group_rows_no_fit_points,-,-,0.13,27,1.090830782496456,1.1149642068879704,1.1028974946922132,349,349.0,pixel_count,24669.63605756409,24669.63605756409,0.0,70.68663626809195,70.68663626809195,0.0,24669.63605756409,24669.63605756409,0.0,70.68663626809195,,0,,,,False,70.68663626809195,0.0,27.413097381591797,30.640182495117188,29.04214940418526,71.04853287275513
PbI2,4.0,4.0,detector_qspace_per_pixel,detector_qr_band_per_qz_bin_fast,False,1,1.5806530407269872,1.5806530407269872,0,0,saved_q_group_rows_no_fit_points,-,-,0.13,28,1.1149642068879704,1.139097631279485,1.1270309190837278,354,354.0,pixel_count,25296.550397805797,25296.550397805797,0.0,71.45918191470564,71.45918191470564,0.0,25296.550397805797,25296.550397805797,0.0,71.45918191470564,,0,,,,False,71.45918191470564,0.0,27.593660354614258,30.872556686401367,29.245937962152208,72.34129898576552
PbI2,4.0,4.0,detector_qspace_per_pixel,detector_qr_band_per_qz_bin_fast,False,1,1.5806530407269872,1.5806530407269872,0,0,saved_q_group_rows_no_fit_points,-,-,0.13,29,1.139097631279485,1.1632310556709995,1.151164343475242,356,356.0,pixel_count,26956.68611848965,26956.68611848965,0.0,75.72102842272373,75.72102842272373,0.0,26956.68611848965,26956.68611848965,0.0,75.72102842272373,,0,,,,False,75.72102842272373,0.0,27.859893798828125,31.059858322143555,29.466217787772166,73.30828614195417
PbI2,4.0,4.0,detector_qspace_per_pixel,detector_qr_band_per_qz_bin_fast,False,1,1.5806530407269872,1.5806530407269872,0,0,saved_q_group_rows_no_fit_points,-,-,0.13,30,1.1632310556709995,1.1873644800625138,1.1752977678667567,360,360.0,pixel_count,26813.024978993166,26813.024978993166,0.0,74.48062494164768,74.48062494164768,0.0,26813.024978993166,26813.024978993166,0.0,74.48062494164768,,0,,,,False,74.48062494164768,0.0,28.080833435058594,31.295377731323242,29.696335307378302,70.54438590785439
PbI2,4.0,4.0,detector_qspace_per_pixel,detector_qr_band_per_qz_bin_fast,False,1,1.5806530407269872,1.5806530407269872,0,0,saved_q_group_rows_no_fit_points,-,-,0.13,31,1.1873644800625138,1.2114979044540284,1.1994311922582712,361,361.0,pixel_count,22823.32973818271,22823.32973818271,0.0,63.22252005036762,63.22252005036762,0.0,22823.32973818271,22823.32973818271,0.0,63.22252005036762,,0,,,,False,63.22252005036762,0.0,28.266756057739258,31.53205108642578,29.92284179893793,62.966258769358596
PbI2,4.0,4.0,detector_qspace_per_pixel,detector_qr_band_per_qz_bin_fast,False,1,1.5806530407269872,1.5806530407269872,0,0,saved_q_group_rows_no_fit_points,-,-,0.13,32,1.2114979044540284,1.235631328845543,1.2235646166497856,365,365.0,pixel_count,19078.382764544473,19078.382764544473,0.0,52.26954182066979,52.26954182066979,0.0,19078.382764544473,19078.382764544473,0.0,52.26954182066979,,0,,,,False,52.26954182066979,0.0,28.53731918334961,31.72494125366211,30.139511708015437,54.13508513539299
PbI2,4.0,4.0,detector_qspace_per_pixel,detector_qr_band_per_qz_bin_fast,False,1,1.5806530407269872,1.5806530407269872,0,0,saved_q_group_rows_no_fit_points,-,-,0.13,33,1.235631328845543,1.2597647532370573,1.2476980410413,369,369.0,pixel_count,16787.829044295362,16787.829044295362,0.0,45.495471664757076,45.495471664757076,0.0,16787.829044295362,16787.829044295362,0.0,45.495471664757076,,0,,,,False,45.495471664757076,0.0,28.808780670166016,31.964153289794922,30.37998821470877,47.96495944593132
PbI2,4.0,4.0,detector_qspace_per_pixel,detector_qr_band_per_qz_bin_fast,False,1,1.5806530407269872,1.5806530407269872,0,0,saved_q_group_rows_no_fit_points,-,-,0.13,34,1.2597647532370573,1.283898177628572,1.2718314654328147,370,370.0,pixel_count,16475.863843230785,16475.863843230785,0.0,44.52936173846158,44.52936173846158,0.0,16475.863843230785,16475.863843230785,0.0,44.52936173846158,,0,,,,False,44.52936173846158,0.0,29.036821365356445,32.20423126220703,30.613224519280973,45.50225286944167
PbI2,4.0,4.0,detector_qspace_per_pixel,detector_qr_band_per_qz_bin_fast,False,1,1.5806530407269872,1.5806530407269872,0,0,saved_q_group_rows_no_fit_points,-,-,0.13,35,1.283898177628572,1.3080316020200866,1.2959648898243294,376,376.0,pixel_count,16872.515858351413,16872.515858351413,0.0,44.87371238923248,44.87371238923248,0.0,16872.515858351413,16872.515858351413,0.0,44.87371238923248,,0,,,,False,44.87371238923248,0.0,29.22829246520996,32.40182113647461,30.85472338292243,45.39839623568622
PbI2,4.0,4.0,detector_qspace_per_pixel,detector_qr_band_per_qz_bin_fast,False,1,1.5806530407269872,1.5806530407269872,0,0,saved_q_group_rows_no_fit_points,-,-,0.13,36,1.3080316020200866,1.332165026411601,1.3200983142158438,378,378.0,pixel_count,17899.119152739986,17899.119152739986,0.0,47.352167070740705,47.352167070740705,0.0,17899.119152739986,17899.119152739986,0.0,47.352167070740705,,0,,,,False,47.352167070740705,0.0,29.502775192260742,32.64387893676758,31.08509996620514,45.246902655661046
PbI2,4.0,4.0,detector_qspace_per_pixel,detector_qr_band_per_qz_bin_fast,False,1,1.5806530407269872,1.5806530407269872,0,0,saved_q_group_rows_no_fit_points,-,-,0.13,37,1.332165026411601,1.3562984508031155,1.3442317386073581,380,380.0,pixel_count,16895.002728362782,16895.002728362782,0.0,44.460533495691536,44.460533495691536,0.0,16895.002728362782,16895.002728362782,0.0,44.460533495691536,,0,,,,False,44.460533495691536,0.0,29.777740478515625,32.886539459228516,31.338692517745272,42.59993612036017
PbI2,4.0,4.0,detector_qspace_per_pixel,detector_qr_band_per_qz_bin_fast,False,1,1.5806530407269872,1.5806530407269872,0,0,saved_q_group_rows_no_fit_points,-,-,0.13,38,1.3562984508031155,1.38043187519463,1.368365162998873,388,388.0,pixel_count,14206.426609520064,14206.426609520064,0.0,36.614501570928,36.614501570928,0.0,14206.426609520064,14206.426609520064,0.0,36.614501570928,,0,,,,False,36.614501570928,0.0,30.01114273071289,33.12172317504883,31.574498197653888,37.90975876271107
PbI2,4.0,4.0,detector_qspace_per_pixel,detector_qr_band_per_qz_bin_fast,False,1,1.5806530407269872,1.5806530407269872,0,0,saved_q_group_rows_no_fit_points,-,-,0.13,39,1.38043187519463,1.4045652995861444,1.3924985873903872,388,388.0,pixel_count,12774.833485664862,12774.833485664862,0.0,32.92482857130119,32.92482857130119,0.0,12774.833485664862,12774.833485664862,0.0,32.92482857130119,,0,,,,False,32.92482857130119,0.0,30.28734588623047,33.36600112915039,31.83857572834023,33.98517981889326
PbI2,4.0,4.0,detector_qspace_per_pixel,detector_qr_band_per_qz_bin_fast,False,1,1.5806530407269872,1.5806530407269872,0,0,saved_q_group_rows_no_fit_points,-,-,0.13,40,1.4045652995861444,1.428698723977659,1.4166320117819016,398,398.0,pixel_count,12301.190529767915,12301.190529767915,0.0,30.907513893889234,30.907513893889234,0.0,12301.190529767915,12301.190529767915,0.0,30.907513893889234,,0,,,,False,30.907513893889234,0.0,30.522947311401367,33.610626220703125,32.072853158299495,32.25292133432956
PbI2,4.0,4.0,detector_qspace_per_pixel,detector_qr_band_per_qz_bin_fast,False,1,1.5806530407269872,1.5806530407269872,0,0,saved_q_group_rows_no_fit_points,-,-,0.13,41,1.428698723977659,1.4528321483691735,1.4407654361734163,394,394.0,pixel_count,12703.50576602138,12703.50576602138,0.0,32.242400421374064,32.242400421374064,0.0,12703.50576602138,12703.50576602138,0.0,32.242400421374064,,0,,,,False,32.242400421374064,0.0,30.83949851989746,33.815406799316406,32.33422089644649,32.31756110312167
PbI2,4.0,4.0,detector_qspace_per_pixel,detector_qr_band_per_qz_bin_fast,False,1,1.5806530407269872,1.5806530407269872,0,0,saved_q_group_rows_no_fit_points,-,-,0.13,42,1.4528321483691735,1.4769655727606879,1.4648988605649307,405,405.0,pixel_count,13735.392839397433,13735.392839397433,0.0,33.914550220734405,33.914550220734405,0.0,13735.392839397433,13735.392839397433,0.0,33.914550220734405,,0,,,,False,33.914550220734405,0.0,31.07708740234375,34.09536361694336,32.59408201352612,32.437157376408805
PbI2,4.0,4.0,detector_qspace_per_pixel,detector_qr_band_per_qz_bin_fast,False,1,1.5806530407269872,1.5806530407269872,0,0,saved_q_group_rows_no_fit_points,-,-,0.13,43,1.4769655727606879,1.5010989971522026,1.4890322849564452,405,405.0,pixel_count,12675.548310316413,12675.548310316413,0.0,31.297650148929417,31.297650148929417,0.0,12675.548310316413,12675.548310316413,0.0,31.297650148929417,,0,,,,False,31.297650148929417,0.0,31.354721069335938,34.341190338134766,32.848117362619874,31.30793833655892
PbI2,4.0,4.0,detector_qspace_per_pixel,detector_qr_band_per_qz_bin_fast,False,1,1.5806530407269872,1.5806530407269872,0,0,saved_q_group_rows_no_fit_points,-,-,0.13,44,1.5010989971522026,1.5252324215437172,1.5131657093479598,412,412.0,pixel_count,12104.501653187808,12104.501653187808,0.0,29.379858381523807,29.379858381523807,0.0,12104.501653187808,12104.501653187808,0.0,29.379858381523807,,0,,,,False,29.379858381523807,0.0,31.593717575073242,34.58316421508789,33.098536999598295,29.64000534178983
PbI2,4.0,4.0,detector_qspace_per_pixel,detector_qr_band_per_qz_bin_fast,False,1,1.5806530407269872,1.5806530407269872,0,0,saved_q_group_rows_no_fit_points,-,-,0.13,45,1.5252324215437172,1.5493658459352315,1.5372991337394744,418,418.0,pixel_count,11573.172398059549,11573.172398059549,0.0,27.687015306362557,27.687015306362557,0.0,11573.172398059549,11573.172398059549,0.0,27.687015306362557,,0,,,,False,27.687015306362557,0.0,31.87149429321289,34.86433410644531,33.379771323338645,28.666589659787633
PbI2,4.0,4.0,detector_qspace_per_pixel,detector_qr_band_per_qz_bin_fast,False,1,1.5806530407269872,1.5806530407269872,0,0,saved_q_group_rows_no_fit_points,-,-,0.13,46,1.5493658459352315,1.573499270326746,1.561432558130989,421,421.0,pixel_count,11905.192480775142,11905.192480775142,0.0,28.278366937708174,28.278366937708174,0.0,11905.192480775142,11905.192480775142,0.0,28.278366937708174,,0,,,,False,28.278366937708174,0.0,32.151641845703125,35.11073303222656,33.62993641984964,29.192540620359303
PbI2,4.0,4.0,detector_qspace_per_pixel,detector_qr_band_per_qz_bin_fast,False,1,1.5806530407269872,1.5806530407269872,0,0,saved_q_group_rows_no_fit_points,-,-,0.13,47,1.573499270326746,1.5976326947182606,1.5855659825225032,425,425.0,pixel_count,13143.871388636919,13143.871388636919,0.0,30.926756208557457,30.926756208557457,0.0,13143.871388636919,13143.871388636919,0.0,30.926756208557457,,0,,,,False,30.926756208557457,0.0,32.42927551269531,35.39185333251953,33.90794911699288,31.177274298491795
PbI2,4.0,4.0,detector_qspace_per_pixel,detector_qr_band_per_qz_bin_fast,False,1,1.5806530407269872,1.5806530407269872,0,0,saved_q_group_rows_no_fit_points,-,-,0.13,48,1.5976326947182606,1.621766119109775,1.6096994069140178,432,432.0,pixel_count,14651.359916871348,14651.359916871348,0.0,33.91518499275775,33.91518499275775,0.0,14651.359916871348,14651.359916871348,0.0,33.91518499275775,,0,,,,False,33.91518499275775,0.0,32.710391998291016,35.63651657104492,34.171504793411636,33.92456955642757
PbI2,4.0,4.0,detector_qspace_per_pixel,detector_qr_band_per_qz_bin_fast,False,1,1.5806530407269872,1.5806530407269872,0,0,saved_q_group_rows_no_fit_points,-,-,0.13,49,1.621766119109775,1.6458995435012895,1.6338328313055324,436,436.0,pixel_count,15959.257921747165,15959.257921747165,0.0,36.6038025728146,36.6038025728146,0.0,15959.257921747165,15959.257921747165,0.0,36.6038025728146,,0,,,,False,36.6038025728146,0.0,32.95189666748047,35.91785430908203,34.44649946208733,37.378891653775185
PbI2,4.0,4.0,detector_qspace_per_pixel,detector_qr_band_per_qz_bin_fast,False,1,1.5806530407269872,1.5806530407269872,0,0,saved_q_group_rows_no_fit_points,-,-,0.13,50,1.6458995435012895,1.670032967892804,1.6579662556970467,442,442.0,pixel_count,17743.256429175704,17743.256429175704,0.0,40.1431140931577,40.1431140931577,0.0,17743.256429175704,17743.256429175704,0.0,40.1431140931577,,0,,,,False,40.1431140931577,0.0,33.26924133300781,36.163818359375,34.713030707571015,43.455235802786575
PbI2,4.0,4.0,detector_qspace_per_pixel,detector_qr_band_per_qz_bin_fast,False,1,1.5806530407269872,1.5806530407269872,0,0,saved_q_group_rows_no_fit_points,-,-,0.13,51,1.670032967892804,1.6941663922843184,1.6820996800885613,447,447.0,pixel_count,22527.55924081296,22527.55924081296,0.0,50.39722425237799,50.39722425237799,0.0,22527.55924081296,22527.55924081296,0.0,50.39722425237799,,0,,,,False,50.39722425237799,0.0,33.51106643676758,36.40966033935547,35.003445138793886,55.9594364323774
PbI2,4.0,4.0,detector_qspace_per_pixel,detector_qr_band_per_qz_bin_fast,False,1,1.5806530407269872,1.5806530407269872,0,0,saved_q_group_rows_no_fit_points,-,-,0.13,52,1.6941663922843184,1.7182998166758332,1.7062331044800758,454,454.0,pixel_count,32965.77351410232,32965.77351410232,0.0,72.61183593414609,72.61183593414609,0.0,32965.77351410232,32965.77351410232,0.0,72.61183593414609,,0,,,,False,72.61183593414609,0.0,33.827518463134766,36.69039535522461,35.270451034496524,77.40671665768593
PbI2,4.0,4.0,detector_qspace_per_pixel,detector_qr_band_per_qz_bin_fast,False,1,1.5806530407269872,1.5806530407269872,0,0,saved_q_group_rows_no_fit_points,-,-,0.13,53,1.7182998166758332,1.7424332410673478,1.7303665288715906,458,458.0,pixel_count,49416.37507450383,49416.37507450383,0.0,107.89601544651491,107.89601544651491,0.0,49416.37507450383,49416.37507450383,0.0,107.89601544651491,,0,,,,False,107.89601544651491,0.0,34.10968017578125,37.00577926635742,35.55237209895271,102.53007742385205
PbI2,4.0,4.0,detector_qspace_per_pixel,detector_qr_band_per_qz_bin_fast,False,1,1.5806530407269872,1.5806530407269872,0,0,saved_q_group_rows_no_fit_points,-,-,0.13,54,1.7424332410673478,1.766566665458862,1.754499953263105,466,466.0,pixel_count,63012.51420690292,63012.51420690292,0.0,135.2199875684612,135.2199875684612,0.0,63012.51420690292,63012.51420690292,0.0,135.2199875684612,,0,,,,False,135.2199875684612,0.0,34.42487335205078,37.252193450927734,35.83241091025445,114.71997244039133
PbI2,4.0,4.0,detector_qspace_per_pixel,detector_qr_band_per_qz_bin_fast,False,1,1.5806530407269872,1.5806530407269872,0,0,saved_q_group_rows_no_fit_points,-,-,0.13,55,1.766566665458862,1.7907000898503767,1.7786333776546193,476,476.0,pixel_count,52938.316287651585,52938.316287651585,0.0,111.21495018414198,111.21495018414198,0.0,52938.316287651585,52938.316287651585,0.0,111.21495018414198,,0,,,,False,111.21495018414198,0.0,34.70671844482422,37.531639099121094,36.1228078861754,100.67274911498748
PbI2,4.0,4.0,detector_qspace_per_pixel,detector_qr_band_per_qz_bin_fast,False,1,1.5806530407269872,1.5806530407269872,0,0,saved_q_group_rows_no_fit_points,-,-,0.13,56,1.7907000898503767,1.8148335142418912,1.802766802046134,477,477.0,pixel_count,30481.637014988537,30481.637014988537,0.0,63.90280296643299,63.90280296643299,0.0,30481.637014988537,30481.637014988537,0.0,63.90280296643299,,0,,,,False,63.90280296643299,0.0,35.02032470703125,37.81034851074219,36.41064541956083,69.7332370629388
PbI2,4.0,4.0,detector_qspace_per_pixel,detector_qr_band_per_qz_bin_fast,False,1,1.5806530407269872,1.5806530407269872,0,0,saved_q_group_rows_no_fit_points,-,-,0.13,57,1.8148335142418912,1.8389669386334055,1.8269002264376484,487,487.0,pixel_count,16959.53849325927,16959.53849325927,0.0,34.8245143598753,34.8245143598753,0.0,16959.53849325927,16959.53849325927,0.0,34.8245143598753,,0,,,,False,34.8245143598753,0.0,35.30150604248047,38.09172821044922,36.685223927461685,41.48991800583072
PbI2,4.0,4.0,detector_qspace_per_pixel,detector_qr_band_per_qz_bin_fast,False,1,1.5806530407269872,1.5806530407269872,0,0,saved_q_group_rows_no_fit_points,-,-,0.13,58,1.8389669386334055,1.8631003630249203,1.851033650829163,495,495.0,pixel_count,9623.166471567238,9623.166471567238,0.0,19.44074034660048,19.44074034660048,0.0,9623.166471567238,9623.166471567238,0.0,19.44074034660048,,0,,,,False,19.44074034660048,0.0,35.58250427246094,38.36921310424805,36.9876110832235,24.188119977622573
PbI2,4.0,4.0,detector_qspace_per_pixel,detector_qr_band_per_qz_bin_fast,False,1,1.5806530407269872,1.5806530407269872,0,0,saved_q_group_rows_no_fit_points,-,-,0.13,59,1.8631003630249203,1.8872337874164347,1.8751670752206775,498,498.0,pixel_count,7033.935979492842,7033.935979492842,0.0,14.124369436732614,14.124369436732614,0.0,7033.935979492842,7033.935979492842,0.0,14.124369436732614,,0,,,,False,14.124369436732614,0.0,35.8934326171875,38.68083190917969,37.27945796097808,15.68012136123425
PbI2,4.0,4.0,detector_qspace_per_pixel,detector_qr_band_per_qz_bin_fast,False,1,1.5806530407269872,1.5806530407269872,0,0,saved_q_group_rows_no_fit_points,-,-,0.13,60,1.8872337874164347,1.9113672118079492,1.8993004996121918,511,511.0,pixel_count,5531.021213788249,5531.021213788249,0.0,10.823916269644323,10.823916269644323,0.0,5531.021213788249,5531.021213788249,0.0,10.823916269644323,,0,,,,False,10.823916269644323,0.0,36.173301696777344,38.926177978515625,37.56362988277452,11.711072320282167
PbI2,4.0,4.0,detector_qspace_per_pixel,detector_qr_band_per_qz_bin_fast,False,1,1.5806530407269872,1.5806530407269872,0,0,saved_q_group_rows_no_fit_points,-,-,0.13,61,1.9113672118079492,1.935500636199464,1.9234339240037066,517,517.0,pixel_count,4830.514348099644,4830.514348099644,0.0,9.343354638490608,9.343354638490608,0.0,4830.514348099644,4830.514348099644,0.0,9.343354638490608,,0,,,,False,9.343354638490608,0.0,36.452754974365234,39.23607635498047,37.875678100989354,9.743168516166609
PbI2,4.0,4.0,detector_qspace_per_pixel,detector_qr_band_per_qz_bin_fast,False,1,1.5806530407269872,1.5806530407269872,0,0,saved_q_group_rows_no_fit_points,-,-,0.13,62,1.935500636199464,1.9596340605909783,1.9475673483952212,524,524.0,pixel_count,4531.217595634156,4531.217595634156,0.0,8.647361823729305,8.647361823729305,0.0,4531.217595634156,4531.217595634156,0.0,8.647361823729305,,0,,,,False,8.647361823729305,0.0,36.8001594543457,39.544708251953125,38.16305079499289,8.692750487695712
PbI2,4.0,4.0,detector_qspace_per_pixel,detector_qr_band_per_qz_bin_fast,False,1,1.5806530407269872,1.5806530407269872,0,0,saved_q_group_rows_no_fit_points,-,-,0.13,63,1.9596340605909783,1.9837674849824927,1.9717007727867355,531,531.0,pixel_count,4064.52095327127,4064.52095327127,0.0,7.654465072073955,7.654465072073955,0.0,4064.52095327127,4064.52095327127,0.0,7.654465072073955,,0,,,,False,7.654465072073955,0.0,37.0779914855957,39.8233757019043,38.45849425882584,8.155366517749481
PbI2,4.0,4.0,detector_qspace_per_pixel,detector_qr_band_per_qz_bin_fast,False,1,1.5806530407269872,1.5806530407269872,0,0,saved_q_group_rows_no_fit_points,-,-,0.13,64,1.9837674849824927,2.0079009093740074,1.99583419717825,544,544.0,pixel_count,4475.7011091380855,4475.7011091380855,0.0,8.227391744739128,8.227391744739128,0.0,4475.7011091380855,4475.7011091380855,0.0,8.227391744739128,,0,,,,False,8.227391744739128,0.0,37.394752502441406,40.1297607421875,38.76115992058384,8.031549021235433
PbI2,4.0,4.0,detector_qspace_per_pixel,detector_qr_band_per_qz_bin_fast,False,1,1.5806530407269872,1.5806530407269872,0,0,saved_q_group_rows_no_fit_points,-,-,0.13,65,2.0079009093740074,2.032034333765522,2.019967621569765,546,546.0,pixel_count,4321.0782807901105,4321.0782807901105,0.0,7.914062785329873,7.914062785329873,0.0,4321.0782807901105,4321.0782807901105,0.0,7.914062785329873,,0,,,,False,7.914062785329873,0.0,37.737674713134766,40.4346809387207,39.06829215777801,8.020206042902121
PbI2,4.0,4.0,detector_qspace_per_pixel,detector_qr_band_per_qz_bin_fast,False,1,1.5806530407269872,1.5806530407269872,0,0,saved_q_group_rows_no_fit_points,-,-,0.13,66,2.032034333765522,2.056167758157036,2.0441010459612787,562,562.0,pixel_count,4536.568531460612,4536.568531460612,0.0,8.072185999040235,8.072185999040235,0.0,4536.568531460612,4536.568531460612,0.0,8.072185999040235,,0,,,,False,8.072185999040235,0.0,38.01276779174805,40.71091842651367,39.36920435380648,7.968034006219797
PbI2,4.0,4.0,detector_qspace_per_pixel,detector_qr_band_per_qz_bin_fast,False,1,1.5806530407269872,1.5806530407269872,0,0,saved_q_group_rows_no_fit_points,-,-,0.13,67,2.056167758157036,2.080301182548551,2.0682344703527935,567,567.0,pixel_count,4560.988448104593,4560.988448104593,0.0,8.044071337045137,8.044071337045137,0.0,4560.988448104593,4560.988448104593,0.0,8.044071337045137,,0,,,,False,8.044071337045137,0.0,38.32616424560547,41.01321029663086,39.6718690224026,7.7127841491062785
PbI2,4.0,4.0,detector_qspace_per_pixel,detector_qr_band_per_qz_bin_fast,False,1,1.5806530407269872,1.5806530407269872,0,0,saved_q_group_rows_no_fit_points,-,-,0.13,68,2.080301182548551,2.1044346069400652,2.0923678947443083,584,584.0,pixel_count,4063.2743555041925,4063.2743555041925,0.0,6.957661567644165,6.957661567644165,0.0,4063.2743555041925,4063.2743555041925,0.0,6.957661567644165,,0,,,,False,6.957661567644165,0.0,38.638423919677734,41.28765869140625,39.972761415223076,7.2635597455903
PbI2,4.0,4.0,detector_qspace_per_pixel,detector_qr_band_per_qz_bin_fast,False,1,1.5806530407269872,1.5806530407269872,0,0,saved_q_group_rows_no_fit_points,-,-,0.13,69,2.1044346069400652,2.1285680313315796,2.116501319135822,592,592.0,pixel_count,4063.3293747156413,4063.3293747156413,0.0,6.863732051884529,6.863732051884529,0.0,4063.3293747156413,4063.3293747156413,0.0,6.863732051884529,,0,,,,False,6.863732051884529,0.0,38.9494743347168,41.621192932128906,40.2891157885788,7.046533703998005
PbI2,4.0,4.0,detector_qspace_per_pixel,detector_qr_band_per_qz_bin_fast,False,1,1.5806530407269872,1.5806530407269872,0,0,saved_q_group_rows_no_fit_points,-,-,0.13,70,2.1285680313315796,2.1527014557230943,2.140634743527337,598,598.0,pixel_count,4098.6431249679545,4098.6431249679545,0.0,6.853918269177181,6.853918269177181,0.0,4098.6431249679545,4098.6431249679545,0.0,6.853918269177181,,0,,,,False,6.853918269177181,0.0,39.283851623535156,41.893497467041016,40.604118508887275,7.359318629924783
PbI2,4.0,4.0,detector_qspace_per_pixel,detector_qr_band_per_qz_bin_fast,False,1,1.5806530407269872,1.5806530407269872,0,0,saved_q_group_rows_no_fit_points,-,-,0.13,71,2.1527014557230943,2.1768348801146087,2.1647681679188517,610,610.0,pixel_count,5141.394589067697,5141.394589067697,0.0,8.42851571978311,8.42851571978311,0.0,5141.394589067697,5141.394589067697,0.0,8.42851571978311,,0,,,,False,8.42851571978311,0.0,39.630184173583984,42.2235221862793,40.92035129419233,8.03177548419502
PbI2,4.0,4.0,detector_qspace_per_pixel,detector_qr_band_per_qz_bin_fast,False,1,1.5806530407269872,1.5806530407269872,0,0,saved_q_group_rows_no_fit_points,-,-,0.13,72,2.1768348801146087,2.200968304506123,2.1889015923103656,621,621.0,pixel_count,5461.7061189588885,5461.7061189588885,0.0,8.795017904925746,8.795017904925746,0.0,5461.7061189588885,5461.7061189588885,0.0,8.795017904925746,,0,,,,False,8.795017904925746,0.0,39.936546325683594,42.52710723876953,41.230354162171885,8.40977388961906
PbI2,4.0,4.0,detector_qspace_per_pixel,detector_qr_band_per_qz_bin_fast,False,1,1.5806530407269872,1.5806530407269872,0,0,saved_q_group_rows_no_fit_points,-,-,0.13,73,2.200968304506123,2.225101728897638,2.2130350167018804,635,635.0,pixel_count,5213.980225414513,5213.980225414513,0.0,8.210992480967738,8.210992480967738,0.0,5213.980225414513,5213.980225414513,0.0,8.210992480967738,,0,,,,False,8.210992480967738,0.0,40.2414436340332,42.85320281982422,41.54068163084705,8.328648691638492
PbI2,4.0,4.0,detector_qspace_per_pixel,detector_qr_band_per_qz_bin_fast,False,1,1.5806530407269872,1.5806530407269872,0,0,saved_q_group_rows_no_fit_points,-,-,0.13,74,2.225101728897638,2.2492351532891526,2.237168441093395,648,648.0,pixel_count,5229.163245790874,5229.163245790874,0.0,8.069696366961224,8.069696366961224,0.0,5229.163245790874,5229.163245790874,0.0,8.069696366961224,,0,,,,False,8.069696366961224,0.0,40.58263397216797,43.1536979675293,41.86312058090722,8.248321791140997
PbI2,4.0,4.0,detector_qspace_per_pixel,detector_qr_band_per_qz_bin_fast,False,1,1.5806530407269872,1.5806530407269872,0,0,saved_q_group_rows_no_fit_points,-,-,0.13,75,2.2492351532891526,2.273368577680667,2.26130186548491,657,657.0,pixel_count,5406.910140095746,5406.910140095746,0.0,8.22969579923249,8.22969579923249,0.0,5406.910140095746,5406.910140095746,0.0,8.22969579923249,,0,,,,False,8.22969579923249,0.0,40.88424301147461,43.45279312133789,42.17530547833932,8.553851603061215
PbI2,4.0,4.0,detector_qspace_per_pixel,detector_qr_band_per_qz_bin_fast,False,1,1.5806530407269872,1.5806530407269872,0,0,saved_q_group_rows_no_fit_points,-,-,0.13,76,2.273368577680667,2.2975020020721817,2.2854352898764243,674,674.0,pixel_count,6079.55955028236,6079.55955028236,0.0,9.020118027125163,9.020118027125163,0.0,6079.55955028236,6079.55955028236,0.0,9.020118027125163,,0,,,,False,9.020118027125163,0.0,41.221614837646484,43.77281188964844,42.500933877780064,9.43574050802787
PbI2,4.0,4.0,detector_qspace_per_pixel,detector_qr_band_per_qz_bin_fast,False,1,1.5806530407269872,1.5806530407269872,0,0,saved_q_group_rows_no_fit_points,-,-,0.13,77,2.2975020020721817,2.321635426463696,2.3095687142679386,696,696.0,pixel_count,7706.467233366709,7706.467233366709,0.0,11.07251039276826,11.07251039276826,0.0,7706.467233366709,7706.467233366709,0.0,11.07251039276826,,0,,,,False,11.07251039276826,0.0,41.535648345947266,44.101219177246094,42.80915800782287,10.616520886557073
PbI2,4.0,4.0,detector_qspace_per_pixel,detector_qr_band_per_qz_bin_fast,False,1,1.5806530407269872,1.5806530407269872,0,0,saved_q_group_rows_no_fit_points,-,-,0.13,78,2.321635426463696,2.3457688508552104,2.3337021386594534,706,706.0,pixel_count,8385.801949963468,8385.801949963468,0.0,11.877906444707463,11.877906444707463,0.0,8385.801949963468,8385.801949963468,0.0,11.877906444707463,,0,,,,False,11.877906444707463,0.0,41.869197845458984,44.395118713378906,43.13006619757763,11.251690030000416
PbI2,4.0,4.0,detector_qspace_per_pixel,detector_qr_band_per_qz_bin_fast,False,1,1.5806530407269872,1.5806530407269872,0,0,saved_q_group_rows_no_fit_points,-,-,0.13,79,2.3457688508552104,2.369902275246725,2.3578355630509678,719,719.0,pixel_count,8249.523126434038,8249.523126434038,0.0,11.47360657362175,11.47360657362175,0.0,8249.523126434038,8249.523126434038,0.0,11.47360657362175,,0,,,,False,11.47360657362175,0.0,42.20051574707031,44.740753173828125,43.46179473572768,10.782903863064629
PbI2,4.0,4.0,detector_qspace_per_pixel,detector_qr_band_per_qz_bin_fast,False,1,1.5806530407269872,1.5806530407269872,0,0,saved_q_group_rows_no_fit_points,-,-,0.13,80,2.369902275246725,2.3940356996382395,2.381968987442482,737,737.0,pixel_count,6776.671570311315,6776.671570311315,0.0,9.19494107233557,9.19494107233557,0.0,6776.671570311315,6776.671570311315,0.0,9.19494107233557,,0,,,,False,9.19494107233557,0.0,42.52954864501953,45.062843322753906,43.79233879993308,9.521105983839249
PbI2,4.0,4.0,detector_qspace_per_pixel,detector_qr_band_per_qz_bin_fast,False,1,1.5806530407269872,1.5806530407269872,0,0,saved_q_group_rows_no_fit_points,-,-,0.13,81,2.3940356996382395,2.418169124029754,2.406102411833997,759,759.0,pixel_count,6085.967658887567,6085.967658887567,0.0,8.018402712631842,8.018402712631842,0.0,6085.967658887567,6085.967658887567,0.0,8.018402712631842,,0,,,,False,8.018402712631842,0.0,42.83686065673828,45.35090255737305,44.10537461962765,8.37139793158256
PbI2,4.0,4.0,detector_qspace_per_pixel,detector_qr_band_per_qz_bin_fast,False,1,1.5806530407269872,1.5806530407269872,0,0,saved_q_group_rows_no_fit_points,-,-,0.13,82,2.418169124029754,2.4423025484212686,2.430235836225511,770,770.0,pixel_count,5865.358003793819,5865.358003793819,0.0,7.617348056875089,7.617348056875089,0.0,5865.358003793819,5865.358003793819,0.0,7.617348056875089,,0,,,,False,7.617348056875089,0.0,43.197566986083984,45.66889572143555,44.4395625019222,7.758242053526141
PbI2,4.0,4.0,detector_qspace_per_pixel,detector_qr_band_per_qz_bin_fast,False,1,1.5806530407269872,1.5806530407269872,0,0,saved_q_group_rows_no_fit_points,-,-,0.13,83,2.4423025484212686,2.466435972812783,2.4543692606170255,787,787.0,pixel_count,5761.885636271581,5761.885636271581,0.0,7.321328635669099,7.321328635669099,0.0,5761.885636271581,5761.885636271581,0.0,7.321328635669099,,0,,,,False,7.321328635669099,0.0,43.5552978515625,46.0161018371582,44.76429432646327,7.634265058220027
PbI2,4.0,4.0,detector_qspace_per_pixel,detector_qr_band_per_qz_bin_fast,False,1,1.5806530407269872,1.5806530407269872,0,0,saved_q_group_rows_no_fit_points,-,-,0.13,84,2.466435972812783,2.4905693972042973,2.4785026850085403,805,805.0,pixel_count,6242.068334587978,6242.068334587978,0.0,7.754122154767675,7.754122154767675,0.0,6242.068334587978,6242.068334587978,0.0,7.754122154767675,,0,,,,False,7.754122154767675,0.0,43.856624603271484,46.329345703125,45.0946295928615,8.046900506605894
PbI2,4.0,4.0,detector_qspace_per_pixel,detector_qr_band_per_qz_bin_fast,False,1,1.5806530407269872,1.5806530407269872,0,0,saved_q_group_rows_no_fit_points,-,-,0.13,85,2.4905693972042973,2.514702821595812,2.5026361094000547,831,831.0,pixel_count,7243.8950559319255,7243.8950559319255,0.0,8.71708189642831,8.71708189642831,0.0,7243.8950559319255,7243.8950559319255,0.0,8.71708189642831,,0,,,,False,8.71708189642831,0.0,44.19143295288086,46.671226501464844,45.42408736614487,9.084355366546095
PbI2,4.0,4.0,detector_qspace_per_pixel,detector_qr_band_per_qz_bin_fast,False,1,1.5806530407269872,1.5806530407269872,0,0,saved_q_group_rows_no_fit_points,-,-,0.13,86,2.514702821595812,2.5388362459873264,2.526769533791569,849,849.0,pixel_count,8899.295248014745,8899.295248014745,0.0,10.482090987060948,10.482090987060948,0.0,8899.295248014745,8899.295248014745,0.0,10.482090987060948,,0,,,,False,10.482090987060948,0.0,44.54114532470703,46.97953796386719,45.75768761064999,10.821969840164876
PbI2,4.0,4.0,detector_qspace_per_pixel,detector_qr_band_per_qz_bin_fast,False,1,1.5806530407269872,1.5806530407269872,0,0,saved_q_group_rows_no_fit_points,-,-,0.13,87,2.5388362459873264,2.5629696703788407,2.5509029581830838,872,872.0,pixel_count,11095.308937536562,11095.308937536562,0.0,12.723978139376792,12.723978139376792,0.0,11095.308937536562,11095.308937536562,0.0,12.723978139376792,,0,,,,False,12.723978139376792,0.0,44.87099838256836,47.31590270996094,46.09275331306596,13.407755760924271
PbI2,4.0,4.0,detector_qspace_per_pixel,detector_qr_band_per_qz_bin_fast,False,1,1.5806530407269872,1.5806530407269872,0,0,saved_q_group_rows_no_fit_points,-,-,0.13,88,2.5629696703788407,2.5871030947703555,2.575036382574598,898,898.0,pixel_count,15028.220602117752,15028.220602117752,0.0,16.735212251801507,16.735212251801507,0.0,15028.220602117752,15028.220602117752,0.0,16.735212251801507,,0,,,,False,16.735212251801507,0.0,45.19851303100586,47.64931869506836,46.432070542518204,16.75337042605517
PbI2,4.0,4.0,detector_qspace_per_pixel,detector_qr_band_per_qz_bin_fast,False,1,1.5806530407269872,1.5806530407269872,0,0,saved_q_group_rows_no_fit_points,-,-,0.13,89,2.5871030947703555,2.61123651916187,2.5991698069661124,925,925.0,pixel_count,19495.321741674168,19495.321741674168,0.0,21.076023504512616,21.076023504512616,0.0,19495.321741674168,19495.321741674168,0.0,21.076023504512616,,0,,,,False,21.076023504512616,0.0,45.5576057434082,47.963104248046875,46.769034769044985,19.63489866484733
PbI2,4.0,4.0,detector_qspace_per_pixel,detector_qr_band_per_qz_bin_fast,False,1,1.5806530407269872,1.5806530407269872,0,0,saved_q_group_rows_no_fit_points,-,-,0.13,90,2.61123651916187,2.635369943553384,2.623303231357627,943,943.0,pixel_count,21170.07506994422,21170.07506994422,0.0,22.449708451690586,22.449708451690586,0.0,21170.07506994422,21170.07506994422,0.0,22.449708451690586,,0,,,,False,22.449708451690586,0.0,45.913658142089844,48.320579528808594,47.09874000228117,19.899385508135907
PbI2,4.0,4.0,detector_qspace_per_pixel,detector_qr_band_per_qz_bin_fast,False,1,1.5806530407269872,1.5806530407269872,0,0,saved_q_group_rows_no_fit_points,-,-,0.13,91,2.635369943553384,2.659503367944899,2.6474366557491416,972,972.0,pixel_count,17396.131898429536,17396.131898429536,0.0,17.89725503953656,17.89725503953656,0.0,17396.131898429536,17396.131898429536,0.0,17.89725503953656,,0,,,,False,17.89725503953656,0.0,46.233299255371094,48.64507293701172,47.44244195130059,16.416394128084573
PbI2,4.0,4.0,detector_qspace_per_pixel,detector_qr_band_per_qz_bin_fast,False,1,1.5806530407269872,1.5806530407269872,0,0,saved_q_group_rows_no_fit_points,-,-,0.13,92,2.659503367944899,2.6836367923364137,2.6715700801406563,1005,1005.0,pixel_count,9895.646794345466,9895.646794345466,0.0,9.846414720741757,9.846414720741757,0.0,9895.646794345466,9895.646794345466,0.0,9.846414720741757,,0,,,,False,9.846414720741757,0.0,46.58344650268555,48.980167388916016,47.78135283790706,10.755997391503694
PbI2,4.0,4.0,detector_qspace_per_pixel,detector_qr_band_per_qz_bin_fast,False,1,1.5806530407269872,1.5806530407269872,0,0,saved_q_group_rows_no_fit_points,-,-,0.13,93,2.6836367923364137,2.707770216727928,2.6957035045321707,1032,1032.0,pixel_count,4551.004429972272,4551.004429972272,0.0,4.409888013539024,4.409888013539024,0.0,4551.004429972272,4551.004429972272,0.0,4.409888013539024,,0,,,,False,4.409888013539024,0.0,46.916263580322266,49.32738494873047,48.121440258618776,5.800840736938071
PbI2,4.0,4.0,detector_qspace_per_pixel,detector_qr_band_per_qz_bin_fast,False,1,1.5806530407269872,1.5806530407269872,0,0,saved_q_group_rows_no_fit_points,-,-,0.13,94,2.707770216727928,2.731903641119443,2.7198369289236854,1062,1062.0,pixel_count,2306.21544173577,2306.21544173577,0.0,2.171577628753079,2.171577628753079,0.0,2306.21544173577,2306.21544173577,0.0,2.171577628753079,,0,,,,False,2.171577628753079,0.0,47.292789459228516,49.656307220458984,48.4614404073763,2.864138142393318
PbI2,4.0,4.0,detector_qspace_per_pixel,detector_qr_band_per_qz_bin_fast,False,1,1.5806530407269872,1.5806530407269872,0,0,saved_q_group_rows_no_fit_points,-,-,0.13,95,2.731903641119443,2.756037065510957,2.7439703533152002,1097,1097.0,pixel_count,1256.318146927148,1256.318146927148,0.0,1.1452307629235625,1.1452307629235625,0.0,1256.318146927148,1256.318146927148,0.0,1.1452307629235625,,0,,,,False,1.1452307629235625,0.0,47.62004089355469,49.9822883605957,48.80366183257109,1.4701160397870607
PbI2,4.0,4.0,detector_qspace_per_pixel,detector_qr_band_per_qz_bin_fast,False,1,1.5806530407269872,1.5806530407269872,0,0,saved_q_group_rows_no_fit_points,-,-,0.13,96,2.756037065510957,2.7801704899024715,2.768103777706714,1134,1134.0,pixel_count,768.4285916717678,768.4285916717678,0.0,0.677626624049178,0.677626624049178,0.0,768.4285916717678,768.4285916717678,0.0,0.677626624049178,,0,,,,False,0.677626624049178,0.0,47.97651672363281,50.33321762084961,49.151382054602564,0.8892015032288255
PbI2,4.0,4.0,detector_qspace_per_pixel,detector_qr_band_per_qz_bin_fast,False,1,1.5806530407269872,1.5806530407269872,0,0,saved_q_group_rows_no_fit_points,+,+,0.13,1,0.46336174831707855,0.48749517270859305,0.4754284605128358,287,287.0,pixel_count,5277.178972956404,5277.178972956404,0.0,18.387383181032767,18.387383181032767,0.0,5277.178972956404,5277.178972956404,0.0,18.387383181032767,,0,,,,False,18.387383181032767,0.0,21.218935012817383,24.88436508178711,23.073417756270175,18.6787184302409
PbI2,4.0,4.0,detector_qspace_per_pixel,detector_qr_band_per_qz_bin_fast,False,1,1.5806530407269872,1.5806530407269872,0,0,saved_q_group_rows_no_fit_points,+,+,0.13,2,0.48749517270859305,0.5116285971001077,0.4995618849043504,290,290.0,pixel_count,5552.972267951492,5552.972267951492,0.0,19.14818023431549,19.14818023431549,0.0,5552.972267951492,5552.972267951492,0.0,19.14818023431549,,0,,,,False,19.14818023431549,0.0,21.393142700195312,24.97772216796875,23.196662634450647,19.269051215656418
PbI2,4.0,4.0,detector_qspace_per_pixel,detector_qr_band_per_qz_bin_fast,False,1,1.5806530407269872,1.5806530407269872,0,0,saved_q_group_rows_no_fit_points,+,+,0.13,3,0.5116285971001077,0.5357620214916221,0.5236953092958649,291,291.0,pixel_count,5866.189901439418,5866.189901439418,0.0,20.15872818364061,20.15872818364061,0.0,5866.189901439418,5866.189901439418,0.0,20.15872818364061,,0,,,,False,20.15872818364061,0.0,21.509489059448242,25.075008392333984,23.304736474108008,20.060085126321688
PbI2,4.0,4.0,detector_qspace_per_pixel,detector_qr_band_per_qz_bin_fast,False,1,1.5806530407269872,1.5806530407269872,0,0,saved_q_group_rows_no_fit_points,+,+,0.13,4,0.5357620214916221,0.5598954458831366,0.5478287336873793,293,293.0,pixel_count,6131.439160613094,6131.439160613094,0.0,20.926413517450833,20.926413517450833,0.0,6131.439160613094,6131.439160613094,0.0,20.926413517450833,,0,,,,False,20.926413517450833,0.0,21.630512237548828,25.235210418701172,23.463328045968918,20.831404488048225
PbI2,4.0,4.0,detector_qspace_per_pixel,detector_qr_band_per_qz_bin_fast,False,1,1.5806530407269872,1.5806530407269872,0,0,saved_q_group_rows_no_fit_points,+,+,0.13,5,0.5598954458831366,0.5840288702746511,0.5719621580788938,292,292.0,pixel_count,6142.676706360486,6142.676706360486,0.0,21.036564062878377,21.036564062878377,0.0,6142.676706360486,6142.676706360486,0.0,21.036564062878377,,0,,,,False,21.036564062878377,0.0,21.81682586669922,25.339754104614258,23.59126657373588,21.88004642957462
PbI2,4.0,4.0,detector_qspace_per_pixel,detector_qr_band_per_qz_bin_fast,False,1,1.5806530407269872,1.5806530407269872,0,0,saved_q_group_rows_no_fit_points,+,+,0.13,6,0.5840288702746511,0.6081622946661657,0.5960955824704084,295,295.0,pixel_count,6994.152525332687,6994.152525332687,0.0,23.708991611297243,23.708991611297243,0.0,6994.152525332687,6994.152525332687,0.0,23.708991611297243,,0,,,,False,23.708991611297243,0.0,21.94635581970215,25.50624656677246,23.72769369986816,23.66724964970035
PbI2,4.0,4.0,detector_qspace_per_pixel,detector_qr_band_per_qz_bin_fast,False,1,1.5806530407269872,1.5806530407269872,0,0,saved_q_group_rows_no_fit_points,+,+,0.13,7,0.6081622946661657,0.6322957190576802,0.620229006861923,296,296.0,pixel_count,7553.8389252872585,7553.8389252872585,0.0,25.51972609894344,25.51972609894344,0.0,7553.8389252872585,7553.8389252872585,0.0,25.51972609894344,,0,,,,False,25.51972609894344,0.0,22.080204010009766,25.640419006347656,23.890400524345726,26.102121600006242
PbI2,4.0,4.0,detector_qspace_per_pixel,detector_qr_band_per_qz_bin_fast,False,1,1.5806530407269872,1.5806530407269872,0,0,saved_q_group_rows_no_fit_points,+,+,0.13,8,0.6322957190576802,0.6564291434491947,0.6443624312534375,300,300.0,pixel_count,8755.856089386187,8755.856089386187,0.0,29.18618696462062,29.18618696462062,0.0,8755.856089386187,8755.856089386187,0.0,29.18618696462062,,0,,,,False,29.18618696462062,0.0,22.277420043945312,25.813434600830078,24.053992761834635,29.166276056696617
PbI2,4.0,4.0,detector_qspace_per_pixel,detector_qr_band_per_qz_bin_fast,False,1,1.5806530407269872,1.5806530407269872,0,0,saved_q_group_rows_no_fit_points,+,+,0.13,9,0.6564291434491947,0.6805625678407091,0.6684958556449518,301,301.0,pixel_count,9558.285580767824,9558.285580767824,0.0,31.755101597235296,31.755101597235296,0.0,9558.285580767824,9558.285580767824,0.0,31.755101597235296,,0,,,,False,31.755101597235296,0.0,22.41901969909668,25.932132720947266,24.194776832468445,33.31381313662485
PbI2,4.0,4.0,detector_qspace_per_pixel,detector_qr_band_per_qz_bin_fast,False,1,1.5806530407269872,1.5806530407269872,0,0,saved_q_group_rows_no_fit_points,+,+,0.13,10,0.6805625678407091,0.7046959922322237,0.6926292800364664,298,298.0,pixel_count,11436.586313172329,11436.586313172329,0.0,38.377806420041374,38.377806420041374,0.0,11436.586313172329,11436.586313172329,0.0,38.377806420041374,,0,,,,False,38.377806420041374,0.0,22.5645751953125,26.05417823791504,24.34757125839683,39.77248359613978
PbI2,4.0,4.0,detector_qspace_per_pixel,detector_qr_band_per_qz_bin_fast,False,1,1.5806530407269872,1.5806530407269872,0,0,saved_q_group_rows_no_fit_points,+,+,0.13,11,0.7046959922322237,0.7288294166237382,0.716762704427981,302,302.0,pixel_count,14133.448195047404,14133.448195047404,0.0,46.79949733459405,46.79949733459405,0.0,14133.448195047404,14133.448195047404,0.0,46.79949733459405,,0,,,,False,46.79949733459405,0.0,22.771503448486328,26.23552131652832,24.516618143531897,50.72938517443733
PbI2,4.0,4.0,detector_qspace_per_pixel,detector_qr_band_per_qz_bin_fast,False,1,1.5806530407269872,1.5806530407269872,0,0,saved_q_group_rows_no_fit_points,+,+,0.13,12,0.7288294166237382,0.7529628410152527,0.7408961288194955,307,307.0,pixel_count,18782.033259809374,18782.033259809374,0.0,61.17926143260382,61.17926143260382,0.0,18782.033259809374,18782.033259809374,0.0,61.17926143260382,,0,,,,False,61.17926143260382,0.0,22.924062728881836,26.38956642150879,24.673499739942468,72.58222261138967
PbI2,4.0,4.0,detector_qspace_per_pixel,detector_qr_band_per_qz_bin_fast,False,1,1.5806530407269872,1.5806530407269872,0,0,saved_q_group_rows_no_fit_points,+,+,0.13,13,0.7529628410152527,0.7770962654067672,0.76502955321101,308,308.0,pixel_count,30242.562544631848,30242.562544631848,0.0,98.19013813192159,98.19013813192159,0.0,30242.562544631848,30242.562544631848,0.0,98.19013813192159,,0,,,,False,98.19013813192159,0.0,23.136634826660156,26.57636833190918,24.876643592528634,116.90508606370932
PbI2,4.0,4.0,detector_qspace_per_pixel,detector_qr_band_per_qz_bin_fast,False,1,1.5806530407269872,1.5806530407269872,0,0,saved_q_group_rows_no_fit_points,+,+,0.13,14,0.7770962654067672,0.8012296897982817,0.7891629776025244,308,308.0,pixel_count,54239.92733476049,54239.92733476049,0.0,176.1036601777938,176.1036601777938,0.0,54239.92733476049,54239.92733476049,0.0,176.1036601777938,,0,,,,False,176.1036601777938,0.0,23.29570770263672,26.710681915283203,25.01470594725224,188.76244074088936
PbI2,4.0,4.0,detector_qspace_per_pixel,detector_qr_band_per_qz_bin_fast,False,1,1.5806530407269872,1.5806530407269872,0,0,saved_q_group_rows_no_fit_points,+,+,0.13,15,0.8012296897982817,0.8253631141897962,0.813296401994039,311,311.0,pixel_count,92818.99282592416,92818.99282592416,0.0,298.4533531380198,298.4533531380198,0.0,92818.99282592416,92818.99282592416,0.0,298.4533531380198,,0,,,,False,298.4533531380198,0.0,23.45813751220703,26.929718017578125,25.21922473810168,261.59149734883704
PbI2,4.0,4.0,detector_qspace_per_pixel,detector_qr_band_per_qz_bin_fast,False,1,1.5806530407269872,1.5806530407269872,0,0,saved_q_group_rows_no_fit_points,+,+,0.13,16,0.8253631141897962,0.8494965385813108,0.8374298263855535,311,311.0,pixel_count,103093.8890831494,103093.8890831494,0.0,331.4916047689691,331.4916047689691,0.0,103093.8890831494,103093.8890831494,0.0,331.4916047689691,,0,,,,False,331.4916047689691,0.0,23.711923599243164,27.069875717163086,25.41125762635905,284.24557722041004
PbI2,4.0,4.0,detector_qspace_per_pixel,detector_qr_band_per_qz_bin_fast,False,1,1.5806530407269872,1.5806530407269872,0,0,saved_q_group_rows_no_fit_points,+,+,0.13,17,0.8494965385813108,0.8736299629728252,0.8615632507770681,315,315.0,pixel_count,77742.55495911896,77742.55495911896,0.0,246.80176177498083,246.80176177498083,0.0,77742.55495911896,77742.55495911896,0.0,246.80176177498083,,0,,,,False,246.80176177498083,0.0,23.880765914916992,27.26584243774414,25.577604467441724,245.90452172035205
PbI2,4.0,4.0,detector_qspace_per_pixel,detector_qr_band_per_qz_bin_fast,False,1,1.5806530407269872,1.5806530407269872,0,0,saved_q_group_rows_no_fit_points,+,+,0.13,18,0.8736299629728252,0.8977633873643397,0.8856966751685824,316,316.0,pixel_count,55623.91311313603,55623.91311313603,0.0,176.0250414972659,176.0250414972659,0.0,55623.91311313603,55623.91311313603,0.0,176.0250414972659,,0,,,,False,176.0250414972659,0.0,24.05259895324707,27.440237045288086,25.786970575059854,188.052490107996
PbI2,4.0,4.0,detector_qspace_per_pixel,detector_qr_band_per_qz_bin_fast,False,1,1.5806530407269872,1.5806530407269872,0,0,saved_q_group_rows_no_fit_points,+,+,0.13,19,0.8977633873643397,0.9218968117558544,0.909830099560097,320,320.0,pixel_count,42799.55557807449,42799.55557807449,0.0,133.74861118148277,133.74861118148277,0.0,42799.55557807449,42799.55557807449,0.0,133.74861118148277,,0,,,,False,133.74861118148277,0.0,24.28019142150879,27.64041519165039,25.970322434059135,143.44128727317997
PbI2,4.0,4.0,detector_qspace_per_pixel,detector_qr_band_per_qz_bin_fast,False,1,1.5806530407269872,1.5806530407269872,0,0,saved_q_group_rows_no_fit_points,+,+,0.13,20,0.9218968117558544,0.9460302361473689,0.9339635239516116,317,317.0,pixel_count,35682.15603255558,35682.15603255558,0.0,112.56200641184725,112.56200641184725,0.0,35682.15603255558,35682.15603255558,0.0,112.56200641184725,,0,,,,False,112.56200641184725,0.0,24.4928035736084,27.820873260498047,26.178672636619826,115.33850261620583
PbI2,4.0,4.0,detector_qspace_per_pixel,detector_qr_band_per_qz_bin_fast,False,1,1.5806530407269872,1.5806530407269872,0,0,saved_q_group_rows_no_fit_points,+,+,0.13,21,0.9460302361473689,0.9701636605388833,0.9580969483431261,324,324.0,pixel_count,30251.429805119482,30251.429805119482,0.0,93.36861050962803,93.36861050962803,0.0,30251.429805119482,30251.429805119482,0.0,93.36861050962803,,0,,,,False,93.36861050962803,0.0,24.724510192871094,28.024858474731445,26.391127016217272,97.15500325285296
PbI2,4.0,4.0,detector_qspace_per_pixel,detector_qr_band_per_qz_bin_fast,False,1,1.5806530407269872,1.5806530407269872,0,0,saved_q_group_rows_no_fit_points,+,+,0.13,22,0.9701636605388833,0.9942970849303978,0.9822303727346405,325,325.0,pixel_count,26959.554976733903,26959.554976733903,0.0,82.95247685148894,82.95247685148894,0.0,26959.554976733903,26959.554976733903,0.0,82.95247685148894,,0,,,,False,82.95247685148894,0.0,24.906557083129883,28.261316299438477,26.575589910028064,85.74980257915453
PbI2,4.0,4.0,detector_qspace_per_pixel,detector_qr_band_per_qz_bin_fast,False,1,1.5806530407269872,1.5806530407269872,0,0,saved_q_group_rows_no_fit_points,+,+,0.13,23,0.9942970849303978,1.0184305093219124,1.0063637971261552,327,327.0,pixel_count,25519.207489349104,25519.207489349104,0.0,78.04038987568534,78.04038987568534,0.0,25519.207489349104,25519.207489349104,0.0,78.04038987568534,,0,,,,False,78.04038987568534,0.0,25.178579330444336,28.418312072753906,26.812541630914534,79.86875592869325
PbI2,4.0,4.0,detector_qspace_per_pixel,detector_qr_band_per_qz_bin_fast,False,1,1.5806530407269872,1.5806530407269872,0,0,saved_q_group_rows_no_fit_points,+,+,0.13,24,1.0184305093219124,1.0425639337134267,1.0304972215176695,331,331.0,pixel_count,25314.986463875313,25314.986463875313,0.0,76.48032164312784,76.48032164312784,0.0,25314.986463875313,25314.986463875313,0.0,76.48032164312784,,0,,,,False,76.48032164312784,0.0,25.365264892578125,28.65885353088379,27.001739133248485,78.09436149638546
PbI2,4.0,4.0,detector_qspace_per_pixel,detector_qr_band_per_qz_bin_fast,False,1,1.5806530407269872,1.5806530407269872,0,0,saved_q_group_rows_no_fit_points,+,+,0.13,25,1.0425639337134267,1.0666973581049413,1.0546306459091839,331,331.0,pixel_count,25866.20997935943,25866.20997935943,0.0,78.14564948446959,78.14564948446959,0.0,25866.20997935943,25866.20997935943,0.0,78.14564948446959,,0,,,,False,78.14564948446959,0.0,25.554161071777344,28.852407455444336,27.233847417450146,79.45478587096167
PbI2,4.0,4.0,detector_qspace_per_pixel,detector_qr_band_per_qz_bin_fast,False,1,1.5806530407269872,1.5806530407269872,0,0,saved_q_group_rows_no_fit_points,+,+,0.13,26,1.0666973581049413,1.090830782496456,1.0787640703006987,336,336.0,pixel_count,27913.36793306764,27913.36793306764,0.0,83.07549980079655,83.07549980079655,0.0,27913.36793306764,27913.36793306764,0.0,83.07549980079655,,0,,,,False,83.07549980079655,0.0,25.83216667175293,29.06414031982422,27.44574096908893,82.2994862613406
PbI2,4.0,4.0,detector_qspace_per_pixel,detector_qr_band_per_qz_bin_fast,False,1,1.5806530407269872,1.5806530407269872,0,0,saved_q_group_rows_no_fit_points,+,+,0.13,27,1.090830782496456,1.1149642068879704,1.1028974946922132,336,336.0,pixel_count,29326.800153827717,29326.800153827717,0.0,87.28214331496345,87.28214331496345,0.0,29326.800153827717,29326.800153827717,0.0,87.28214331496345,,0,,,,False,87.28214331496345,0.0,26.02501678466797,29.262163162231445,27.68175941239022,82.80006705361632
PbI2,4.0,4.0,detector_qspace_per_pixel,detector_qr_band_per_qz_bin_fast,False,1,1.5806530407269872,1.5806530407269872,0,0,saved_q_group_rows_no_fit_points,+,+,0.13,28,1.1149642068879704,1.139097631279485,1.1270309190837278,341,341.0,pixel_count,27400.847193656537,27400.847193656537,0.0,80.35439059723325,80.35439059723325,0.0,27400.847193656537,27400.847193656537,0.0,80.35439059723325,,0,,,,False,80.35439059723325,0.0,26.30626678466797,29.509906768798828,27.89760115663131,77.4962804864638
PbI2,4.0,4.0,detector_qspace_per_pixel,detector_qr_band_per_qz_bin_fast,False,1,1.5806530407269872,1.5806530407269872,0,0,saved_q_group_rows_no_fit_points,+,+,0.13,29,1.139097631279485,1.1632310556709995,1.151164343475242,341,341.0,pixel_count,22772.976546571685,22772.976546571685,0.0,66.78292242396388,66.78292242396388,0.0,22772.976546571685,22772.976546571685,0.0,66.78292242396388,,0,,,,False,66.78292242396388,0.0,26.542110443115234,29.678478240966797,28.129574684317962,68.03267803363622
PbI2,4.0,4.0,detector_qspace_per_pixel,detector_qr_band_per_qz_bin_fast,False,1,1.5806530407269872,1.5806530407269872,0,0,saved_q_group_rows_no_fit_points,+,+,0.13,30,1.1632310556709995,1.1873644800625138,1.1752977678667567,349,349.0,pixel_count,19909.265834650054,19909.265834650054,0.0,57.046606976074656,57.046606976074656,0.0,19909.265834650054,19909.265834650054,0.0,57.046606976074656,,0,,,,False,57.046606976074656,0.0,26.7866268157959,29.929012298583984,28.377414780253233,59.29188955781606
PbI2,4.0,4.0,detector_qspace_per_pixel,detector_qr_band_per_qz_bin_fast,False,1,1.5806530407269872,1.5806530407269872,0,0,saved_q_group_rows_no_fit_points,+,+,0.13,31,1.1873644800625138,1.2114979044540284,1.1994311922582712,350,350.0,pixel_count,18267.719174450925,18267.719174450925,0.0,52.193483355574074,52.193483355574074,0.0,18267.719174450925,18267.719174450925,0.0,52.193483355574074,,0,,,,False,52.193483355574074,0.0,27.02616310119629,30.18065071105957,28.596917052823343,54.15385057237547
PbI2,4.0,4.0,detector_qspace_per_pixel,detector_qr_band_per_qz_bin_fast,False,1,1.5806530407269872,1.5806530407269872,0,0,saved_q_group_rows_no_fit_points,+,+,0.13,32,1.2114979044540284,1.235631328845543,1.2235646166497856,349,349.0,pixel_count,17846.327548253033,17846.327548253033,0.0,51.13560902078233,51.13560902078233,0.0,17846.327548253033,17846.327548253033,0.0,51.13560902078233,,0,,,,False,51.13560902078233,0.0,27.31268310546875,30.388322830200195,28.85913506302696,52.83428293610821
PbI2,4.0,4.0,detector_qspace_per_pixel,detector_qr_band_per_qz_bin_fast,False,1,1.5806530407269872,1.5806530407269872,0,0,saved_q_group_rows_no_fit_points,+,+,0.13,33,1.235631328845543,1.2597647532370573,1.2476980410413,357,357.0,pixel_count,19311.93652384684,19311.93652384684,0.0,54.09506029088751,54.09506029088751,0.0,19311.93652384684,19311.93652384684,0.0,54.09506029088751,,0,,,,False,54.09506029088751,0.0,27.51512336730957,30.642414093017578,29.078305805595452,53.955833019245325
PbI2,4.0,4.0,detector_qspace_per_pixel,detector_qr_band_per_qz_bin_fast,False,1,1.5806530407269872,1.5806530407269872,0,0,saved_q_group_rows_no_fit_points,+,+,0.13,34,1.2597647532370573,1.283898177628572,1.2718314654328147,356,356.0,pixel_count,20349.01113113246,20349.01113113246,0.0,57.16014362677658,57.16014362677658,0.0,20349.01113113246,20349.01113113246,0.0,57.16014362677658,,0,,,,False,57.16014362677658,0.0,27.759809494018555,30.853452682495117,29.327177506833763,54.52052444819794
PbI2,4.0,4.0,detector_qspace_per_pixel,detector_qr_band_per_qz_bin_fast,False,1,1.5806530407269872,1.5806530407269872,0,0,saved_q_group_rows_no_fit_points,+,+,0.13,35,1.283898177628572,1.3080316020200866,1.2959648898243294,366,366.0,pixel_count,19496.57649062747,19496.57649062747,0.0,53.26933467384555,53.26933467384555,0.0,19496.57649062747,19496.57649062747,0.0,53.26933467384555,,0,,,,False,53.26933467384555,0.0,28.04928207397461,31.109582901000977,29.578475955070182,52.09695157704817
PbI2,4.0,4.0,detector_qspace_per_pixel,detector_qr_band_per_qz_bin_fast,False,1,1.5806530407269872,1.5806530407269872,0,0,saved_q_group_rows_no_fit_points,+,+,0.13,36,1.3080316020200866,1.332165026411601,1.3200983142158438,361,361.0,pixel_count,17028.961470276034,17028.961470276034,0.0,47.17163842181727,47.17163842181727,0.0,17028.961470276034,17028.961470276034,0.0,47.17163842181727,,0,,,,False,47.17163842181727,0.0,28.296783447265625,31.366310119628906,29.828102991873294,47.537762532838315
PbI2,4.0,4.0,detector_qspace_per_pixel,detector_qr_band_per_qz_bin_fast,False,1,1.5806530407269872,1.5806530407269872,0,0,saved_q_group_rows_no_fit_points,+,+,0.13,37,1.332165026411601,1.3562984508031155,1.3442317386073581,369,369.0,pixel_count,15460.475545827583,15460.475545827583,0.0,41.898307712269876,41.898307712269876,0.0,15460.475545827583,15460.475545827583,0.0,41.898307712269876,,0,,,,False,41.898307712269876,0.0,28.546083450317383,31.581350326538086,30.080001553309508,43.380677926309545
PbI2,4.0,4.0,detector_qspace_per_pixel,detector_qr_band_per_qz_bin_fast,False,1,1.5806530407269872,1.5806530407269872,0,0,saved_q_group_rows_no_fit_points,+,+,0.13,38,1.3562984508031155,1.38043187519463,1.368365162998873,374,374.0,pixel_count,15049.008684029835,15049.008684029835,0.0,40.23799113376961,40.23799113376961,0.0,15049.008684029835,15049.008684029835,0.0,40.23799113376961,,0,,,,False,40.23799113376961,0.0,28.79569435119629,31.83954429626465,30.339658426396095,41.11749746004956
PbI2,4.0,4.0,detector_qspace_per_pixel,detector_qr_band_per_qz_bin_fast,False,1,1.5806530407269872,1.5806530407269872,0,0,saved_q_group_rows_no_fit_points,+,+,0.13,39,1.38043187519463,1.4045652995861444,1.3924985873903872,375,375.0,pixel_count,15287.589087440332,15287.589087440332,0.0,40.766904233174216,40.766904233174216,0.0,15287.589087440332,15287.589087440332,0.0,40.766904233174216,,0,,,,False,40.766904233174216,0.0,29.08728790283203,32.09807205200195,30.597078732422858,40.10186626363216
PbI2,4.0,4.0,detector_qspace_per_pixel,detector_qr_band_per_qz_bin_fast,False,1,1.5806530407269872,1.5806530407269872,0,0,saved_q_group_rows_no_fit_points,+,+,0.13,40,1.4045652995861444,1.428698723977659,1.4166320117819016,383,383.0,pixel_count,14880.704163839337,14880.704163839337,0.0,38.853013482609235,38.853013482609235,0.0,14880.704163839337,14880.704163839337,0.0,38.853013482609235,,0,,,,False,38.853013482609235,0.0,29.338834762573242,32.352752685546875,30.85193082358289,39.02883157795596
PbI2,4.0,4.0,detector_qspace_per_pixel,detector_qr_band_per_qz_bin_fast,False,1,1.5806530407269872,1.5806530407269872,0,0,saved_q_group_rows_no_fit_points,+,+,0.13,41,1.428698723977659,1.4528321483691735,1.4407654361734163,383,383.0,pixel_count,14618.497286700473,14618.497286700473,0.0,38.16840022637199,38.16840022637199,0.0,14618.497286700473,14618.497286700473,0.0,38.16840022637199,,0,,,,False,38.16840022637199,0.0,29.630964279174805,32.612335205078125,31.12831649393085,37.54174800018153
PbI2,4.0,4.0,detector_qspace_per_pixel,detector_qr_band_per_qz_bin_fast,False,1,1.5806530407269872,1.5806530407269872,0,0,saved_q_group_rows_no_fit_points,+,+,0.13,42,1.4528321483691735,1.4769655727606879,1.4648988605649307,388,388.0,pixel_count,13729.764658527076,13729.764658527076,0.0,35.38599138795638,35.38599138795638,0.0,13729.764658527076,13729.764658527076,0.0,35.38599138795638,,0,,,,False,35.38599138795638,0.0,29.884029388427734,32.832557678222656,31.379278866827736,35.688816079738025
PbI2,4.0,4.0,detector_qspace_per_pixel,detector_qr_band_per_qz_bin_fast,False,1,1.5806530407269872,1.5806530407269872,0,0,saved_q_group_rows_no_fit_points,+,+,0.13,43,1.4769655727606879,1.5010989971522026,1.4890322849564452,393,393.0,pixel_count,13233.371722181375,13233.371722181375,0.0,33.67270158315871,33.67270158315871,0.0,13233.371722181375,13233.371722181375,0.0,33.67270158315871,,0,,,,False,33.67270158315871,0.0,30.218639373779297,33.12963104248047,31.667310817613288,34.09080971308078
PbI2,4.0,4.0,detector_qspace_per_pixel,detector_qr_band_per_qz_bin_fast,False,1,1.5806530407269872,1.5806530407269872,0,0,saved_q_group_rows_no_fit_points,+,+,0.13,44,1.5010989971522026,1.5252324215437172,1.5131657093479598,398,398.0,pixel_count,12872.588476175255,12872.588476175255,0.0,32.34318712606848,32.34318712606848,0.0,12872.588476175255,12872.588476175255,0.0,32.34318712606848,,0,,,,False,32.34318712606848,0.0,30.47296905517578,33.38982391357422,31.928672132109252,33.55942214515929
PbI2,4.0,4.0,detector_qspace_per_pixel,detector_qr_band_per_qz_bin_fast,False,1,1.5806530407269872,1.5806530407269872,0,0,saved_q_group_rows_no_fit_points,+,+,0.13,45,1.5252324215437172,1.5493658459352315,1.5372991337394744,398,398.0,pixel_count,13797.161068579277,13797.161068579277,0.0,34.66623384065145,34.66623384065145,0.0,13797.161068579277,13797.161068579277,0.0,34.66623384065145,,0,,,,False,34.66623384065145,0.0,30.72800636291504,33.61204147338867,32.1983133942254,34.09415685351105
PbI2,4.0,4.0,detector_qspace_per_pixel,detector_qr_band_per_qz_bin_fast,False,1,1.5806530407269872,1.5806530407269872,0,0,saved_q_group_rows_no_fit_points,+,+,0.13,46,1.5493658459352315,1.573499270326746,1.561432558130989,411,411.0,pixel_count,14290.198706698638,14290.198706698638,0.0,34.76933991897479,34.76933991897479,0.0,14290.198706698638,14290.198706698638,0.0,34.76933991897479,,0,,,,False,34.76933991897479,0.0,31.020193099975586,33.90953826904297,32.47810853744075,34.8991887627743
PbI2,4.0,4.0,detector_qspace_per_pixel,detector_qr_band_per_qz_bin_fast,False,1,1.5806530407269872,1.5806530407269872,0,0,saved_q_group_rows_no_fit_points,+,+,0.13,47,1.573499270326746,1.5976326947182606,1.5855659825225032,408,408.0,pixel_count,14066.777755492203,14066.777755492203,0.0,34.47739645953971,34.47739645953971,0.0,14066.777755492203,14066.777755492203,0.0,34.47739645953971,,0,,,,False,34.47739645953971,0.0,31.31845474243164,34.206844329833984,32.748741729251606,37.10502518898249
PbI2,4.0,4.0,detector_qspace_per_pixel,detector_qr_band_per_qz_bin_fast,False,1,1.5806530407269872,1.5806530407269872,0,0,saved_q_group_rows_no_fit_points,+,+,0.13,48,1.5976326947182606,1.621766119109775,1.6096994069140178,417,417.0,pixel_count,16597.011215845137,16597.011215845137,0.0,39.80098612912503,39.80098612912503,0.0,16597.011215845137,16597.011215845137,0.0,39.80098612912503,,0,,,,False,39.80098612912503,0.0,31.609956741333008,34.43043518066406,33.032036338809476,44.523743506250945
PbI2,4.0,4.0,detector_qspace_per_pixel,detector_qr_band_per_qz_bin_fast,False,1,1.5806530407269872,1.5806530407269872,0,0,saved_q_group_rows_no_fit_points,+,+,0.13,49,1.621766119109775,1.6458995435012895,1.6338328313055324,423,423.0,pixel_count,22589.78514982348,22589.78514982348,0.0,53.40374739910988,53.40374739910988,0.0,22589.78514982348,22589.78514982348,0.0,53.40374739910988,,0,,,,False,53.40374739910988,0.0,31.90857696533203,34.72761154174805,33.31925373080931,62.527797789455605
PbI2,4.0,4.0,detector_qspace_per_pixel,detector_qr_band_per_qz_bin_fast,False,1,1.5806530407269872,1.5806530407269872,0,0,saved_q_group_rows_no_fit_points,+,+,0.13,50,1.6458995435012895,1.670032967892804,1.6579662556970467,424,424.0,pixel_count,36788.10649404966,36788.10649404966,0.0,86.76440210860768,86.76440210860768,0.0,36788.10649404966,36788.10649404966,0.0,86.76440210860768,,0,,,,False,86.76440210860768,0.0,32.19907760620117,35.02433395385742,33.60187360106179,95.02673505993195
PbI2,4.0,4.0,detector_qspace_per_pixel,detector_qr_band_per_qz_bin_fast,False,1,1.5806530407269872,1.5806530407269872,0,0,saved_q_group_rows_no_fit_points,+,+,0.13,51,1.670032967892804,1.6941663922843184,1.6820996800885613,430,430.0,pixel_count,61789.72193980813,61789.72193980813,0.0,143.69702776699566,143.69702776699566,0.0,61789.72193980813,61789.72193980813,0.0,143.69702776699566,,0,,,,False,143.69702776699566,0.0,32.497657775878906,35.285987854003906,33.88546955922783,133.60526982765805
PbI2,4.0,4.0,detector_qspace_per_pixel,detector_qr_band_per_qz_bin_fast,False,1,1.5806530407269872,1.5806530407269872,0,0,saved_q_group_rows_no_fit_points,+,+,0.13,52,1.6941663922843184,1.7182998166758332,1.7062331044800758,439,439.0,pixel_count,79116.84668168597,79116.84668168597,0.0,180.22060747536668,180.22060747536668,0.0,79116.84668168597,79116.84668168597,0.0,180.22060747536668,,0,,,,False,180.22060747536668,0.0,32.75371170043945,35.58207702636719,34.17074060930489,153.84102552681182
PbI2,4.0,4.0,detector_qspace_per_pixel,detector_qr_band_per_qz_bin_fast,False,1,1.5806530407269872,1.5806530407269872,0,0,saved_q_group_rows_no_fit_points,+,+,0.13,53,1.7182998166758332,1.7424332410673478,1.7303665288715906,441,441.0,pixel_count,66656.89544970178,66656.89544970178,0.0,151.1494227884394,151.1494227884394,0.0,66656.89544970178,66656.89544970178,0.0,151.1494227884394,,0,,,,False,151.1494227884394,0.0,33.085052490234375,35.84402084350586,34.45824608206694,139.81716465723417
PbI2,4.0,4.0,detector_qspace_per_pixel,detector_qr_band_per_qz_bin_fast,False,1,1.5806530407269872,1.5806530407269872,0,0,saved_q_group_rows_no_fit_points,+,+,0.13,54,1.7424332410673478,1.766566665458862,1.754499953263105,453,453.0,pixel_count,45169.42070011588,45169.42070011588,0.0,99.71174547486949,99.71174547486949,0.0,45169.42070011588,45169.42070011588,0.0,99.71174547486949,,0,,,,False,99.71174547486949,0.0,33.38319778442383,36.13915252685547,34.75612196208687,104.4626146670212
PbI2,4.0,4.0,detector_qspace_per_pixel,detector_qr_band_per_qz_bin_fast,False,1,1.5806530407269872,1.5806530407269872,0,0,saved_q_group_rows_no_fit_points,+,+,0.13,55,1.766566665458862,1.7907000898503767,1.7786333776546193,453,453.0,pixel_count,28970.365136832792,28970.365136832792,0.0,63.95224092016069,63.95224092016069,0.0,28970.365136832792,28970.365136832792,0.0,63.95224092016069,,0,,,,False,63.95224092016069,0.0,33.712646484375,36.43343734741211,35.058763319065854,69.76289196219176
PbI2,4.0,4.0,detector_qspace_per_pixel,detector_qr_band_per_qz_bin_fast,False,1,1.5806530407269872,1.5806530407269872,0,0,saved_q_group_rows_no_fit_points,+,+,0.13,56,1.7907000898503767,1.8148335142418912,1.802766802046134,463,463.0,pixel_count,18265.657626887318,18265.657626887318,0.0,39.450664420922934,39.450664420922934,0.0,18265.657626887318,18265.657626887318,0.0,39.450664420922934,,0,,,,False,39.450664420922934,0.0,33.96741485595703,36.694908142089844,35.341378975619214,45.249341301956434
PbI2,4.0,4.0,detector_qspace_per_pixel,detector_qr_band_per_qz_bin_fast,False,1,1.5806530407269872,1.5806530407269872,0,0,saved_q_group_rows_no_fit_points,+,+,0.13,57,1.8148335142418912,1.8389669386334055,1.8269002264376484,467,467.0,pixel_count,12982.695815548022,12982.695815548022,0.0,27.800205172479707,27.800205172479707,0.0,12982.695815548022,12982.695815548022,0.0,27.800205172479707,,0,,,,False,27.800205172479707,0.0,34.26435470581055,36.98780059814453,35.64042791584609,30.78165170175211
PbI2,4.0,4.0,detector_qspace_per_pixel,detector_qr_band_per_qz_bin_fast,False,1,1.5806530407269872,1.5806530407269872,0,0,saved_q_group_rows_no_fit_points,+,+,0.13,58,1.8389669386334055,1.8631003630249203,1.851033650829163,474,474.0,pixel_count,10062.547166647884,10062.547166647884,0.0,21.229002461282455,21.229002461282455,0.0,10062.547166647884,10062.547166647884,0.0,21.229002461282455,,0,,,,False,21.229002461282455,0.0,34.590797424316406,37.31685256958008,35.94718667577329,23.17799016009645
PbI2,4.0,4.0,detector_qspace_per_pixel,detector_qr_band_per_qz_bin_fast,False,1,1.5806530407269872,1.5806530407269872,0,0,saved_q_group_rows_no_fit_points,+,+,0.13,59,1.8631003630249203,1.8872337874164347,1.8751670752206775,484,484.0,pixel_count,9090.355337406603,9090.355337406603,0.0,18.781725903732653,18.781725903732653,0.0,9090.355337406603,9090.355337406603,0.0,18.781725903732653,,0,,,,False,18.781725903732653,0.0,34.92850112915039,37.577171325683594,36.24834728438842,19.442212355981507
PbI2,4.0,4.0,detector_qspace_per_pixel,detector_qr_band_per_qz_bin_fast,False,1,1.5806530407269872,1.5806530407269872,0,0,saved_q_group_rows_no_fit_points,+,+,0.13,60,1.8872337874164347,1.9113672118079492,1.8993004996121918,491,491.0,pixel_count,8536.020017328143,8536.020017328143,0.0,17.384969485393366,17.384969485393366,0.0,8536.020017328143,8536.020017328143,0.0,17.384969485393366,,0,,,,False,17.384969485393366,0.0,35.2234001159668,37.90422821044922,36.54570348233422,17.471121140574034
PbI2,4.0,4.0,detector_qspace_per_pixel,detector_qr_band_per_qz_bin_fast,False,1,1.5806530407269872,1.5806530407269872,0,0,saved_q_group_rows_no_fit_points,+,+,0.13,61,1.9113672118079492,1.935500636199464,1.9234339240037066,495,495.0,pixel_count,7803.08635573921,7803.08635573921,0.0,15.763810819675172,15.763810819675172,0.0,7803.08635573921,7803.08635573921,0.0,15.763810819675172,,0,,,,False,15.763810819675172,0.0,35.517662048339844,38.163570404052734,36.85447671459456,16.221149384073826
PbI2,4.0,4.0,detector_qspace_per_pixel,detector_qr_band_per_qz_bin_fast,False,1,1.5806530407269872,1.5806530407269872,0,0,saved_q_group_rows_no_fit_points,+,+,0.13,62,1.935500636199464,1.9596340605909783,1.9475673483952212,506,506.0,pixel_count,7811.7731724536425,7811.7731724536425,0.0,15.438286902082297,15.438286902082297,0.0,7811.7731724536425,7811.7731724536425,0.0,15.438286902082297,,0,,,,False,15.438286902082297,0.0,35.8389892578125,38.48833084106445,37.16453737986171,15.532414911786843
PbI2,4.0,4.0,detector_qspace_per_pixel,detector_qr_band_per_qz_bin_fast,False,1,1.5806530407269872,1.5806530407269872,0,0,saved_q_group_rows_no_fit_points,+,+,0.13,63,1.9596340605909783,1.9837674849824927,1.9717007727867355,512,512.0,pixel_count,7641.919173396623,7641.919173396623,0.0,14.925623385540279,14.925623385540279,0.0,7641.919173396623,7641.919173396623,0.0,14.925623385540279,,0,,,,False,14.925623385540279,0.0,36.17295455932617,38.78325271606445,37.464881486676944,15.299652266389584
PbI2,4.0,4.0,detector_qspace_per_pixel,detector_qr_band_per_qz_bin_fast,False,1,1.5806530407269872,1.5806530407269872,0,0,saved_q_group_rows_no_fit_points,+,+,0.13,64,1.9837674849824927,2.0079009093740074,1.99583419717825,527,527.0,pixel_count,8366.586861638074,8366.586861638074,0.0,15.875876397795206,15.875876397795206,0.0,8366.586861638074,8366.586861638074,0.0,15.875876397795206,,0,,,,False,15.875876397795206,0.0,36.46427536010742,39.105308532714844,37.78014695578402,15.103962712886009
PbI2,4.0,4.0,detector_qspace_per_pixel,detector_qr_band_per_qz_bin_fast,False,1,1.5806530407269872,1.5806530407269872,0,0,saved_q_group_rows_no_fit_points,+,+,0.13,65,2.0079009093740074,2.032034333765522,2.019967621569765,528,528.0,pixel_count,7603.386709833412,7603.386709833412,0.0,14.400353617108735,14.400353617108735,0.0,7603.386709833412,7603.386709833412,0.0,14.400353617108735,,0,,,,False,14.400353617108735,0.0,36.79610061645508,39.361812591552734,38.091203813647674,14.41561543488554
PbI2,4.0,4.0,detector_qspace_per_pixel,detector_qr_band_per_qz_bin_fast,False,1,1.5806530407269872,1.5806530407269872,0,0,saved_q_group_rows_no_fit_points,+,+,0.13,66,2.032034333765522,2.056167758157036,2.0441010459612787,537,537.0,pixel_count,7039.468470060704,7039.468470060704,0.0,13.108879832515278,13.108879832515278,0.0,7039.468470060704,7039.468470060704,0.0,13.108879832515278,,0,,,,False,13.108879832515278,0.0,37.11115264892578,39.717491149902344,38.4145925087592,13.655637597848681
PbI2,4.0,4.0,detector_qspace_per_pixel,detector_qr_band_per_qz_bin_fast,False,1,1.5806530407269872,1.5806530407269872,0,0,saved_q_group_rows_no_fit_points,+,+,0.13,67,2.056167758157036,2.080301182548551,2.0682344703527935,545,545.0,pixel_count,7263.339342307601,7263.339342307601,0.0,13.327228151023121,13.327228151023121,0.0,7263.339342307601,7263.339342307601,0.0,13.327228151023121,,0,,,,False,13.327228151023121,0.0,37.44001007080078,40.008480072021484,38.719843233766,13.468454594967284
PbI2,4.0,4.0,detector_qspace_per_pixel,detector_qr_band_per_qz_bin_fast,False,1,1.5806530407269872,1.5806530407269872,0,0,saved_q_group_rows_no_fit_points,+,+,0.13,68,2.080301182548551,2.1044346069400652,2.0923678947443083,561,561.0,pixel_count,7497.721680651556,7497.721680651556,0.0,13.364922781910082,13.364922781910082,0.0,7497.721680651556,7497.721680651556,0.0,13.364922781910082,,0,,,,False,13.364922781910082,0.0,37.7674674987793,40.32434844970703,39.04034369406331,13.954496810451644
PbI2,4.0,4.0,detector_qspace_per_pixel,detector_qr_band_per_qz_bin_fast,False,1,1.5806530407269872,1.5806530407269872,0,0,saved_q_group_rows_no_fit_points,+,+,0.13,69,2.1044346069400652,2.1285680313315796,2.116501319135822,570,570.0,pixel_count,8689.481797170893,8689.481797170893,0.0,15.244704907317356,15.244704907317356,0.0,8689.481797170893,8689.481797170893,0.0,15.244704907317356,,0,,,,False,15.244704907317356,0.0,38.09344482421875,40.612972259521484,39.34970674606501,14.91151943483445
PbI2,4.0,4.0,detector_qspace_per_pixel,detector_qr_band_per_qz_bin_fast,False,1,1.5806530407269872,1.5806530407269872,0,0,saved_q_group_rows_no_fit_points,+,+,0.13,70,2.1285680313315796,2.1527014557230943,2.140634743527337,579,579.0,pixel_count,9223.82150681051,9223.82150681051,0.0,15.930607092936976,15.930607092936976,0.0,9223.82150681051,9223.82150681051,0.0,15.930607092936976,,0,,,,False,15.930607092936976,0.0,38.417877197265625,40.96123504638672,39.6845755249031,15.718785064311373
PbI2,4.0,4.0,detector_qspace_per_pixel,detector_qr_band_per_qz_bin_fast,False,1,1.5806530407269872,1.5806530407269872,0,0,saved_q_group_rows_no_fit_points,+,+,0.13,71,2.1527014557230943,2.1768348801146087,2.1647681679188517,591,591.0,pixel_count,9759.856956296468,9759.856956296468,0.0,16.51414036598387,16.51414036598387,0.0,9759.856956296468,9759.856956296468,0.0,16.51414036598387,,0,,,,False,16.51414036598387,0.0,38.740699768066406,41.24712371826172,39.993364390042096,15.932148737160922
PbI2,4.0,4.0,detector_qspace_per_pixel,detector_qr_band_per_qz_bin_fast,False,1,1.5806530407269872,1.5806530407269872,0,0,saved_q_group_rows_no_fit_points,+,+,0.13,72,2.1768348801146087,2.200968304506123,2.1889015923103656,604,604.0,pixel_count,9243.527026363456,9243.527026363456,0.0,15.303852692654727,15.303852692654727,0.0,9243.527026363456,9243.527026363456,0.0,15.303852692654727,,0,,,,False,15.303852692654727,0.0,39.06185531616211,41.59122085571289,40.31825085850761,15.723166916677165
PbI2,4.0,4.0,detector_qspace_per_pixel,detector_qr_band_per_qz_bin_fast,False,1,1.5806530407269872,1.5806530407269872,0,0,saved_q_group_rows_no_fit_points,+,+,0.13,73,2.200968304506123,2.225101728897638,2.2130350167018804,615,615.0,pixel_count,9395.755377835965,9395.755377835965,0.0,15.277651020871488,15.277651020871488,0.0,9395.755377835965,9395.755377835965,0.0,15.277651020871488,,0,,,,False,15.277651020871488,0.0,39.381290435791016,41.909423828125,40.64644763102387,15.953967484681737
PbI2,4.0,4.0,detector_qspace_per_pixel,detector_qr_band_per_qz_bin_fast,False,1,1.5806530407269872,1.5806530407269872,0,0,saved_q_group_rows_no_fit_points,+,+,0.13,74,2.225101728897638,2.2492351532891526,2.237168441093395,622,622.0,pixel_count,10470.973133580881,10470.973133580881,0.0,16.834361951094664,16.834361951094664,0.0,10470.973133580881,10470.973133580881,0.0,16.834361951094664,,0,,,,False,16.834361951094664,0.0,39.738529205322266,42.19092559814453,40.96767323433713,17.129742697321475
PbI2,4.0,4.0,detector_qspace_per_pixel,detector_qr_band_per_qz_bin_fast,False,1,1.5806530407269872,1.5806530407269872,0,0,saved_q_group_rows_no_fit_points,+,+,0.13,75,2.2492351532891526,2.273368577680667,2.26130186548491,639,639.0,pixel_count,12098.339579836538,12098.339579836538,0.0,18.933238779086913,18.933238779086913,0.0,12098.339579836538,12098.339579836538,0.0,18.933238779086913,,0,,,,False,18.933238779086913,0.0,40.05413818359375,42.56337356567383,41.30431106124858,18.879393906107136
PbI2,4.0,4.0,detector_qspace_per_pixel,detector_qr_band_per_qz_bin_fast,False,1,1.5806530407269872,1.5806530407269872,0,0,saved_q_group_rows_no_fit_points,+,+,0.13,76,2.273368577680667,2.2975020020721817,2.2854352898764243,651,651.0,pixel_count,13673.395776405754,13673.395776405754,0.0,21.003680148088716,21.003680148088716,0.0,13673.395776405754,13673.395776405754,0.0,21.003680148088716,,0,,,,False,21.003680148088716,0.0,40.40695571899414,42.876102447509766,41.634175165831884,20.375549403727405
PbI2,4.0,4.0,detector_qspace_per_pixel,detector_qr_band_per_qz_bin_fast,False,1,1.5806530407269872,1.5806530407269872,0,0,saved_q_group_rows_no_fit_points,+,+,0.13,77,2.2975020020721817,2.321635426463696,2.3095687142679386,664,664.0,pixel_count,14618.063270565697,14618.063270565697,0.0,22.01515552796039,22.01515552796039,0.0,14618.063270565697,14618.063270565697,0.0,22.01515552796039,,0,,,,False,22.01515552796039,0.0,40.75735092163086,43.18704605102539,41.96638387740063,20.594368344948798
PbI2,4.0,4.0,detector_qspace_per_pixel,detector_qr_band_per_qz_bin_fast,False,1,1.5806530407269872,1.5806530407269872,0,0,saved_q_group_rows_no_fit_points,+,+,0.13,78,2.321635426463696,2.3457688508552104,2.3337021386594534,680,680.0,pixel_count,12968.521176771272,12968.521176771272,0.0,19.071354671722457,19.071354671722457,0.0,12968.521176771272,12968.521176771272,0.0,19.071354671722457,,0,,,,False,19.071354671722457,0.0,41.08534240722656,43.496150970458984,42.282835436459415,19.304226098842957
PbI2,4.0,4.0,detector_qspace_per_pixel,detector_qr_band_per_qz_bin_fast,False,1,1.5806530407269872,1.5806530407269872,0,0,saved_q_group_rows_no_fit_points,+,+,0.13,79,2.3457688508552104,2.369902275246725,2.3578355630509678,692,692.0,pixel_count,12095.665603078809,12095.665603078809,0.0,17.479285553582095,17.479285553582095,0.0,12095.665603078809,12095.665603078809,0.0,17.479285553582095,,0,,,,False,17.479285553582095,0.0,41.431182861328125,43.85797882080078,42.62818531304582,17.54355280590796
PbI2,4.0,4.0,detector_qspace_per_pixel,detector_qr_band_per_qz_bin_fast,False,1,1.5806530407269872,1.5806530407269872,0,0,saved_q_group_rows_no_fit_points,+,+,0.13,80,2.369902275246725,2.3940356996382395,2.381968987442482,711,711.0,pixel_count,11229.704281983502,11229.704281983502,0.0,15.794239496460623,15.794239496460623,0.0,11229.704281983502,11229.704281983502,0.0,15.794239496460623,,0,,,,False,15.794239496460623,0.0,41.774444580078125,44.16261672973633,42.96738451712618,15.99960600268501
PbI2,4.0,4.0,detector_qspace_per_pixel,detector_qr_band_per_qz_bin_fast,False,1,1.5806530407269872,1.5806530407269872,0,0,saved_q_group_rows_no_fit_points,+,+,0.13,81,2.3940356996382395,2.418169124029754,2.406102411833997,728,728.0,pixel_count,10598.76190384614,10598.76190384614,0.0,14.558738878909534,14.558738878909534,0.0,10598.76190384614,10598.76190384614,0.0,14.558738878909534,,0,,,,False,14.558738878909534,0.0,42.09651565551758,44.498783111572266,43.29556438149561,14.86603085415663
PbI2,4.0,4.0,detector_qspace_per_pixel,detector_qr_band_per_qz_bin_fast,False,1,1.5806530407269872,1.5806530407269872,0,0,saved_q_group_rows_no_fit_points,+,+,0.13,82,2.418169124029754,2.4423025484212686,2.430235836225511,743,743.0,pixel_count,10330.583162562923,10330.583162562923,0.0,13.903880434135832,13.903880434135832,0.0,10330.583162562923,10330.583162562923,0.0,13.903880434135832,,0,,,,False,13.903880434135832,0.0,42.43492126464844,44.832462310791016,43.63805277927056,14.322120135503114
PbI2,4.0,4.0,detector_qspace_per_pixel,detector_qr_band_per_qz_bin_fast,False,1,1.5806530407269872,1.5806530407269872,0,0,saved_q_group_rows_no_fit_points,+,+,0.13,83,2.4423025484212686,2.466435972812783,2.4543692606170255,767,767.0,pixel_count,11018.903295038846,11018.903295038846,0.0,14.36623636902066,14.36623636902066,0.0,11018.903295038846,11018.903295038846,0.0,14.36623636902066,,0,,,,False,14.36623636902066,0.0,42.790103912353516,45.163604736328125,43.97089127408089,14.423860918600235
PbI2,4.0,4.0,detector_qspace_per_pixel,detector_qr_band_per_qz_bin_fast,False,1,1.5806530407269872,1.5806530407269872,0,0,saved_q_group_rows_no_fit_points,+,+,0.13,84,2.466435972812783,2.4905693972042973,2.4785026850085403,780,780.0,pixel_count,11026.278812524899,11026.278812524899,0.0,14.136254887852434,14.136254887852434,0.0,11026.278812524899,11026.278812524899,0.0,14.136254887852434,,0,,,,False,14.136254887852434,0.0,43.123191833496094,45.49216079711914,44.31543072227935,15.595215062903382
PbI2,4.0,4.0,detector_qspace_per_pixel,detector_qr_band_per_qz_bin_fast,False,1,1.5806530407269872,1.5806530407269872,0,0,saved_q_group_rows_no_fit_points,+,+,0.13,85,2.4905693972042973,2.514702821595812,2.5026361094000547,797,797.0,pixel_count,13855.450992474967,13855.450992474967,0.0,17.38450563673145,17.38450563673145,0.0,13855.450992474967,13855.450992474967,0.0,17.38450563673145,,0,,,,False,17.38450563673145,0.0,43.473243713378906,45.85054397583008,44.663107525884826,19.137454054662612
PbI2,4.0,4.0,detector_qspace_per_pixel,detector_qr_band_per_qz_bin_fast,False,1,1.5806530407269872,1.5806530407269872,0,0,saved_q_group_rows_no_fit_points,+,+,0.13,86,2.514702821595812,2.5388362459873264,2.526769533791569,820,820.0,pixel_count,19574.98560017886,19574.98560017886,0.0,23.87193365875471,23.87193365875471,0.0,19574.98560017886,19574.98560017886,0.0,23.87193365875471,,0,,,,False,23.87193365875471,0.0,43.82073211669922,46.17355728149414,44.99759453899496,26.015543911783432
PbI2,4.0,4.0,detector_qspace_per_pixel,detector_qr_band_per_qz_bin_fast,False,1,1.5806530407269872,1.5806530407269872,0,0,saved_q_group_rows_no_fit_points,+,+,0.13,87,2.5388362459873264,2.5629696703788407,2.5509029581830838,845,845.0,pixel_count,30601.325311224573,30601.325311224573,0.0,36.214586167129674,36.214586167129674,0.0,30601.325311224573,30601.325311224573,0.0,36.214586167129674,,0,,,,False,36.214586167129674,0.0,44.1815299987793,46.50868606567383,45.339846079789744,34.9273515377795
PbI2,4.0,4.0,detector_qspace_per_pixel,detector_qr_band_per_qz_bin_fast,False,1,1.5806530407269872,1.5806530407269872,0,0,saved_q_group_rows_no_fit_points,+,+,0.13,88,2.5629696703788407,2.5871030947703555,2.575036382574598,863,863.0,pixel_count,39868.53612546397,39868.53612546397,0.0,46.19760848837077,46.19760848837077,0.0,39868.53612546397,39868.53612546397,0.0,46.19760848837077,,0,,,,False,46.19760848837077,0.0,44.52330017089844,46.858028411865234,45.68257211849093,41.016819602525594
PbI2,4.0,4.0,detector_qspace_per_pixel,detector_qr_band_per_qz_bin_fast,False,1,1.5806530407269872,1.5806530407269872,0,0,saved_q_group_rows_no_fit_points,+,+,0.13,89,2.5871030947703555,2.61123651916187,2.5991698069661124,886,886.0,pixel_count,39041.35991783796,39041.35991783796,0.0,44.06474031358686,44.06474031358686,0.0,39041.35991783796,39041.35991783796,0.0,44.06474031358686,,0,,,,False,44.06474031358686,0.0,44.89762878417969,47.20404052734375,46.03401605265458,39.55855824265503
PbI2,4.0,4.0,detector_qspace_per_pixel,detector_qr_band_per_qz_bin_fast,False,1,1.5806530407269872,1.5806530407269872,0,0,saved_q_group_rows_no_fit_points,+,+,0.13,90,2.61123651916187,2.635369943553384,2.623303231357627,911,911.0,pixel_count,28794.590968739714,28794.590968739714,0.0,31.607673950318016,31.607673950318016,0.0,28794.590968739714,28794.590968739714,0.0,31.607673950318016,,0,,,,False,31.607673950318016,0.0,45.2336311340332,47.5308837890625,46.380936252016156,31.19095613338961
PbI2,4.0,4.0,detector_qspace_per_pixel,detector_qr_band_per_qz_bin_fast,False,1,1.5806530407269872,1.5806530407269872,0,0,saved_q_group_rows_no_fit_points,+,+,0.13,91,2.635369943553384,2.659503367944899,2.6474366557491416,939,939.0,pixel_count,18123.241061009125,18123.241061009125,0.0,19.300576209807375,19.300576209807375,0.0,18123.241061009125,18123.241061009125,0.0,19.300576209807375,,0,,,,False,19.300576209807375,0.0,45.58720016479492,47.901268005371094,46.72762741338677,20.796741004044684
PbI2,4.0,4.0,detector_qspace_per_pixel,detector_qr_band_per_qz_bin_fast,False,1,1.5806530407269872,1.5806530407269872,0,0,saved_q_group_rows_no_fit_points,+,+,0.13,92,2.659503367944899,2.6836367923364137,2.6715700801406563,964,964.0,pixel_count,10077.744140822888,10077.744140822888,0.0,10.454091432388887,10.454091432388887,0.0,10077.744140822888,10077.744140822888,0.0,10.454091432388887,,0,,,,False,10.454091432388887,0.0,45.9519157409668,48.22224426269531,47.0801920534408,12.357539800473218
PbI2,4.0,4.0,detector_qspace_per_pixel,detector_qr_band_per_qz_bin_fast,False,1,1.5806530407269872,1.5806530407269872,0,0,saved_q_group_rows_no_fit_points,+,+,0.13,93,2.6836367923364137,2.707770216727928,2.6957035045321707,998,998.0,pixel_count,5818.217956241198,5818.217956241198,0.0,5.829877711664527,5.829877711664527,0.0,5818.217956241198,5818.217956241198,0.0,5.829877711664527,,0,,,,False,5.829877711664527,0.0,46.2996940612793,48.585262298583984,47.430526213523784,7.017560720359869
PbI2,4.0,4.0,detector_qspace_per_pixel,detector_qr_band_per_qz_bin_fast,False,1,1.5806530407269872,1.5806530407269872,0,0,saved_q_group_rows_no_fit_points,+,+,0.13,94,2.707770216727928,2.731903641119443,2.7198369289236854,1022,1022.0,pixel_count,3547.888986789744,3547.888986789744,0.0,3.471515642651413,3.471515642651413,0.0,3547.888986789744,3547.888986789744,0.0,3.471515642651413,,0,,,,False,3.471515642651413,0.0,46.65768051147461,48.93001937866211,47.78438422063085,4.106378245514421
PbI2,4.0,4.0,detector_qspace_per_pixel,detector_qr_band_per_qz_bin_fast,False,1,1.5806530407269872,1.5806530407269872,0,0,saved_q_group_rows_no_fit_points,+,+,0.13,95,2.731903641119443,2.756037065510957,2.7439703533152002,1061,1061.0,pixel_count,2505.295883712821,2505.295883712821,0.0,2.361259079842432,2.361259079842432,0.0,2505.295883712821,2505.295883712821,0.0,2.361259079842432,,0,,,,False,2.361259079842432,0.0,46.99946212768555,49.27146911621094,48.14037912131903,2.58307706765319
PbI2,4.0,4.0,detector_qspace_per_pixel,detector_qr_band_per_qz_bin_fast,False,1,1.5806530407269872,1.5806530407269872,0,0,saved_q_group_rows_no_fit_points,+,+,0.13,96,2.756037065510957,2.7801704899024715,2.768103777706714,1092,1092.0,pixel_count,1589.281964484618,1589.281964484618,0.0,1.4553864143632032,1.4553864143632032,0.0,1589.281964484618,1589.281964484618,0.0,1.4553864143632032,,0,,,,False,1.4553864143632032,0.0,47.371253967285156,49.63871383666992,48.49196657621622,1.8040262652720824
PbI2,4.0,4.0,detector_qspace_per_pixel,detector_qr_band_per_qz_bin_fast,False,3,2.73777137567738,2.73777137567738,0,0,saved_q_group_rows_no_fit_points,-,-,0.13,1,0.46336174831707855,0.48749517270859305,0.4754284605128358,542,542.0,pixel_count,-4203.70116516893,-4203.70116516893,0.0,-7.755906208798764,-7.755906208798764,0.0,-4203.70116516893,-4203.70116516893,0.0,-7.755906208798764,,0,,,,False,-7.755906208798764,0.0,39.29174041748047,43.13965606689453,41.28028645330058,-7.7134540009824395
PbI2,4.0,4.0,detector_qspace_per_pixel,detector_qr_band_per_qz_bin_fast,False,3,2.73777137567738,2.73777137567738,0,0,saved_q_group_rows_no_fit_points,-,-,0.13,2,0.48749517270859305,0.5116285971001077,0.4995618849043504,545,545.0,pixel_count,-4179.012450366463,-4179.012450366463,0.0,-7.667912752965987,-7.667912752965987,0.0,-4179.012450366463,-4179.012450366463,0.0,-7.667912752965987,,0,,,,False,-7.667912752965987,0.0,39.3836555480957,43.21892547607422,41.349402958802756,-7.6014583234364
PbI2,4.0,4.0,detector_qspace_per_pixel,detector_qr_band_per_qz_bin_fast,False,3,2.73777137567738,2.73777137567738,0,0,saved_q_group_rows_no_fit_points,-,-,0.13,3,0.5116285971001077,0.5357620214916221,0.5236953092958649,544,544.0,pixel_count,-4036.902093543897,-4036.902093543897,0.0,-7.420775907249811,-7.420775907249811,0.0,-4036.902093543897,-4036.902093543897,0.0,-7.420775907249811,,0,,,,False,-7.420775907249811,0.0,39.47775650024414,43.29989242553711,41.43495367344677,-7.4168086332365615
PbI2,4.0,4.0,detector_qspace_per_pixel,detector_qr_band_per_qz_bin_fast,False,3,2.73777137567738,2.73777137567738,0,0,saved_q_group_rows_no_fit_points,-,-,0.13,4,0.5357620214916221,0.5598954458831366,0.5478287336873793,553,553.0,pixel_count,-3911.1851411697626,-3911.1851411697626,0.0,-7.072667524719281,-7.072667524719281,0.0,-3911.1851411697626,-3911.1851411697626,0.0,-7.072667524719281,,0,,,,False,-7.072667524719281,0.0,39.52944564819336,43.38984298706055,41.53379171425422,-7.284061243961736
PbI2,4.0,4.0,detector_qspace_per_pixel,detector_qr_band_per_qz_bin_fast,False,3,2.73777137567738,2.73777137567738,0,0,saved_q_group_rows_no_fit_points,-,-,0.13,5,0.5598954458831366,0.5840288702746511,0.5719621580788938,554,554.0,pixel_count,-4138.54980941537,-4138.54980941537,0.0,-7.470306515190199,-7.470306515190199,0.0,-4138.54980941537,-4138.54980941537,0.0,-7.470306515190199,,0,,,,False,-7.470306515190199,0.0,39.62799835205078,43.474403381347656,41.62138871082693,-7.216293387137609
PbI2,4.0,4.0,detector_qspace_per_pixel,detector_qr_band_per_qz_bin_fast,False,3,2.73777137567738,2.73777137567738,0,0,saved_q_group_rows_no_fit_points,-,-,0.13,6,0.5840288702746511,0.6081622946661657,0.5960955824704084,557,557.0,pixel_count,-3916.5689919204683,-3916.5689919204683,0.0,-7.031542175799763,-7.031542175799763,0.0,-3916.5689919204683,-3916.5689919204683,0.0,-7.031542175799763,,0,,,,False,-7.031542175799763,0.0,39.72861099243164,43.60780334472656,41.709697585399184,-7.019623474137586
PbI2,4.0,4.0,detector_qspace_per_pixel,detector_qr_band_per_qz_bin_fast,False,3,2.73777137567738,2.73777137567738,0,0,saved_q_group_rows_no_fit_points,-,-,0.13,7,0.6081622946661657,0.6322957190576802,0.620229006861923,562,562.0,pixel_count,-3715.296225407524,-3715.296225407524,0.0,-6.610847376169972,-6.610847376169972,0.0,-3715.296225407524,-3715.296225407524,0.0,-6.610847376169972,,0,,,,False,-6.610847376169972,0.0,39.83123779296875,43.69563293457031,41.819808310168504,-6.763567222727956
PbI2,4.0,4.0,detector_qspace_per_pixel,detector_qr_band_per_qz_bin_fast,False,3,2.73777137567738,2.73777137567738,0,0,saved_q_group_rows_no_fit_points,-,-,0.13,8,0.6322957190576802,0.6564291434491947,0.6443624312534375,564,564.0,pixel_count,-3794.5279103273115,-3794.5279103273115,0.0,-6.727886365828566,-6.727886365828566,0.0,-3794.5279103273115,-3794.5279103273115,0.0,-6.727886365828566,,0,,,,False,-6.727886365828566,0.0,39.93584060668945,43.78499221801758,41.90474738353292,-6.545723450956438
PbI2,4.0,4.0,detector_qspace_per_pixel,detector_qr_band_per_qz_bin_fast,False,3,2.73777137567738,2.73777137567738,0,0,saved_q_group_rows_no_fit_points,-,-,0.13,9,0.6564291434491947,0.6805625678407091,0.6684958556449518,569,569.0,pixel_count,-3512.068377884503,-3512.068377884503,0.0,-6.17235215796925,-6.17235215796925,0.0,-3512.068377884503,-3512.068377884503,0.0,-6.17235215796925,,0,,,,False,-6.17235215796925,0.0,40.04236602783203,43.88468551635742,42.02418843836411,-6.260595337731058
PbI2,4.0,4.0,detector_qspace_per_pixel,detector_qr_band_per_qz_bin_fast,False,3,2.73777137567738,2.73777137567738,0,0,saved_q_group_rows_no_fit_points,-,-,0.13,10,0.6805625678407091,0.7046959922322237,0.6926292800364664,570,570.0,pixel_count,-3500.7892099970336,-3500.7892099970336,0.0,-6.141735456135146,-6.141735456135146,0.0,-3500.7892099970336,-3500.7892099970336,0.0,-6.141735456135146,,0,,,,False,-6.141735456135146,0.0,40.15077209472656,43.977272033691406,42.11732657680302,-5.814651700722953
PbI2,4.0,4.0,detector_qspace_per_pixel,detector_qr_band_per_qz_bin_fast,False,3,2.73777137567738,2.73777137567738,0,0,saved_q_group_rows_no_fit_points,-,-,0.13,11,0.7046959922322237,0.7288294166237382,0.716762704427981,580,580.0,pixel_count,-2964.1888307868435,-2964.1888307868435,0.0,-5.1106703979083505,-5.1106703979083505,0.0,-2964.1888307868435,-2964.1888307868435,0.0,-5.1106703979083505,,0,,,,False,-5.1106703979083505,0.0,40.26101303100586,44.118961334228516,42.23887401409991,-5.07285549886835
PbI2,4.0,4.0,detector_qspace_per_pixel,detector_qr_band_per_qz_bin_fast,False,3,2.73777137567738,2.73777137567738,0,0,saved_q_group_rows_no_fit_points,-,-,0.13,12,0.7288294166237382,0.7529628410152527,0.7408961288194955,575,575.0,pixel_count,-2423.435326500429,-2423.435326500429,0.0,-4.214670133044224,-4.214670133044224,0.0,-2423.435326500429,-2423.435326500429,0.0,-4.214670133044224,,0,,,,False,-4.214670133044224,0.0,40.373043060302734,44.224143981933594,42.346580524196106,-4.04397115352247
PbI2,4.0,4.0,detector_qspace_per_pixel,detector_qr_band_per_qz_bin_fast,False,3,2.73777137567738,2.73777137567738,0,0,saved_q_group_rows_no_fit_points,-,-,0.13,13,0.7529628410152527,0.7770962654067672,0.76502955321101,585,585.0,pixel_count,-1728.302309935465,-1728.302309935465,0.0,-2.954362922966607,-2.954362922966607,0.0,-1728.302309935465,-1728.302309935465,0.0,-2.954362922966607,,0,,,,False,-2.954362922966607,0.0,40.498863220214844,44.32122039794922,42.470283337048414,-2.665424152797322
PbI2,4.0,4.0,detector_qspace_per_pixel,detector_qr_band_per_qz_bin_fast,False,3,2.73777137567738,2.73777137567738,0,0,saved_q_group_rows_no_fit_points,-,-,0.13,14,0.7770962654067672,0.8012296897982817,0.7891629776025244,587,587.0,pixel_count,-629.3429556139151,-629.3429556139151,0.0,-1.0721345070083734,-1.0721345070083734,0.0,-629.3429556139151,-629.3429556139151,0.0,-1.0721345070083734,,0,,,,False,-1.0721345070083734,0.0,40.614654541015625,44.42988204956055,42.58010439758011,-0.7557724628868201
PbI2,4.0,4.0,detector_qspace_per_pixel,detector_qr_band_per_qz_bin_fast,False,3,2.73777137567738,2.73777137567738,0,0,saved_q_group_rows_no_fit_points,-,-,0.13,15,0.8012296897982817,0.8253631141897962,0.813296401994039,592,592.0,pixel_count,807.2734566274444,807.2734566274444,0.0,1.3636375956544668,1.3636375956544668,0.0,807.2734566274444,807.2734566274444,0.0,1.3636375956544668,,0,,,,False,1.3636375956544668,0.0,40.73208999633789,44.57767868041992,42.70065691466133,1.891729735519756
PbI2,4.0,4.0,detector_qspace_per_pixel,detector_qr_band_per_qz_bin_fast,False,3,2.73777137567738,2.73777137567738,0,0,saved_q_group_rows_no_fit_points,-,-,0.13,16,0.8253631141897962,0.8494965385813108,0.8374298263855535,597,597.0,pixel_count,2893.6302298343917,2893.6302298343917,0.0,4.846951808767825,4.846951808767825,0.0,2893.6302298343917,2893.6302298343917,0.0,4.846951808767825,,0,,,,False,4.846951808767825,0.0,40.85112762451172,44.67887878417969,42.83181749620706,5.6040108212749775
PbI2,4.0,4.0,detector_qspace_per_pixel,detector_qr_band_per_qz_bin_fast,False,3,2.73777137567738,2.73777137567738,0,0,saved_q_group_rows_no_fit_points,-,-,0.13,17,0.8494965385813108,0.8736299629728252,0.8615632507770681,601,601.0,pixel_count,5955.994288344095,5955.994288344095,0.0,9.910140246828778,9.910140246828778,0.0,5955.994288344095,5955.994288344095,0.0,9.910140246828778,,0,,,,False,9.910140246828778,0.0,40.98505783081055,44.79233169555664,42.954206754192626,10.529193802919291
PbI2,4.0,4.0,detector_qspace_per_pixel,detector_qr_band_per_qz_bin_fast,False,3,2.73777137567738,2.73777137567738,0,0,saved_q_group_rows_no_fit_points,-,-,0.13,18,0.8736299629728252,0.8977633873643397,0.8856966751685824,606,606.0,pixel_count,10289.995894459345,10289.995894459345,0.0,16.980191244982418,16.980191244982418,0.0,10289.995894459345,10289.995894459345,0.0,16.980191244982418,,0,,,,False,16.980191244982418,0.0,41.107444763183594,44.94404220581055,43.08064290459379,15.458006138181986
PbI2,4.0,4.0,detector_qspace_per_pixel,detector_qr_band_per_qz_bin_fast,False,3,2.73777137567738,2.73777137567738,0,0,saved_q_group_rows_no_fit_points,-,-,0.13,19,0.8977633873643397,0.9218968117558544,0.909830099560097,608,608.0,pixel_count,13066.30061206989,13066.30061206989,0.0,21.490626006693898,21.490626006693898,0.0,13066.30061206989,13066.30061206989,0.0,21.490626006693898,,0,,,,False,21.490626006693898,0.0,41.28609848022461,45.060550689697266,43.22077738059934,17.188780914784203
PbI2,4.0,4.0,detector_qspace_per_pixel,detector_qr_band_per_qz_bin_fast,False,3,2.73777137567738,2.73777137567738,0,0,saved_q_group_rows_no_fit_points,-,-,0.13,20,0.9218968117558544,0.9460302361473689,0.9339635239516116,618,618.0,pixel_count,8952.525965714802,8952.525965714802,0.0,14.4862879704123,14.4862879704123,0.0,8952.525965714802,8952.525965714802,0.0,14.4862879704123,,0,,,,False,14.4862879704123,0.0,41.41136169433594,45.21467971801758,43.35296601865372,13.992985196352892
PbI2,4.0,4.0,detector_qspace_per_pixel,detector_qr_band_per_qz_bin_fast,False,3,2.73777137567738,2.73777137567738,0,0,saved_q_group_rows_no_fit_points,-,-,0.13,21,0.9460302361473689,0.9701636605388833,0.9580969483431261,617,617.0,pixel_count,4983.582278156924,4983.582278156924,0.0,8.07711876524623,8.07711876524623,0.0,4983.582278156924,4983.582278156924,0.0,8.07711876524623,,0,,,,False,8.07711876524623,0.0,41.55250549316406,45.33403396606445,43.49685317628935,8.335950460576338
PbI2,4.0,4.0,detector_qspace_per_pixel,detector_qr_band_per_qz_bin_fast,False,3,2.73777137567738,2.73777137567738,0,0,saved_q_group_rows_no_fit_points,-,-,0.13,22,0.9701636605388833,0.9942970849303978,0.9822303727346405,630,630.0,pixel_count,1228.0483153923196,1228.0483153923196,0.0,1.9492830403052692,1.9492830403052692,0.0,1228.0483153923196,1228.0483153923196,0.0,1.9492830403052692,,0,,,,False,1.9492830403052692,0.0,41.68069839477539,45.49037170410156,43.629249633184074,3.024931637155816
PbI2,4.0,4.0,detector_qspace_per_pixel,detector_qr_band_per_qz_bin_fast,False,3,2.73777137567738,2.73777137567738,0,0,saved_q_group_rows_no_fit_points,-,-,0.13,23,0.9942970849303978,1.0184305093219124,1.0063637971261552,628,628.0,pixel_count,-977.4969949989221,-977.4969949989221,0.0,-1.5565238773868186,-1.5565238773868186,0.0,-977.4969949989221,-977.4969949989221,0.0,-1.5565238773868186,,0,,,,False,-1.5565238773868186,0.0,41.82524490356445,45.61237335205078,43.77508580539947,-0.7635364698036942
PbI2,4.0,4.0,detector_qspace_per_pixel,detector_qr_band_per_qz_bin_fast,False,3,2.73777137567738,2.73777137567738,0,0,saved_q_group_rows_no_fit_points,-,-,0.13,24,1.0184305093219124,1.0425639337134267,1.0304972215176695,639,639.0,pixel_count,-2239.9628388573456,-2239.9628388573456,0.0,-3.5054191531413856,-3.5054191531413856,0.0,-2239.9628388573456,-2239.9628388573456,0.0,-3.5054191531413856,,0,,,,False,-3.5054191531413856,0.0,41.99549865722656,45.77070617675781,43.931747516757454,-3.0290136654489723
PbI2,4.0,4.0,detector_qspace_per_pixel,detector_qr_band_per_qz_bin_fast,False,3,2.73777137567738,2.73777137567738,0,0,saved_q_group_rows_no_fit_points,-,-,0.13,25,1.0425639337134267,1.0666973581049413,1.0546306459091839,642,642.0,pixel_count,-2933.207698861727,-2933.207698861727,0.0,-4.568859344021381,-4.568859344021381,0.0,-2933.207698861727,-2933.207698861727,0.0,-4.568859344021381,,0,,,,False,-4.568859344021381,0.0,42.14288330078125,45.8951530456543,44.07119765906742,-4.271162284147794
PbI2,4.0,4.0,detector_qspace_per_pixel,detector_qr_band_per_qz_bin_fast,False,3,2.73777137567738,2.73777137567738,0,0,saved_q_group_rows_no_fit_points,-,-,0.13,26,1.0666973581049413,1.090830782496456,1.0787640703006987,649,649.0,pixel_count,-3184.8937199872967,-3184.8937199872967,0.0,-4.907386317391828,-4.907386317391828,0.0,-3184.8937199872967,-3184.8937199872967,0.0,-4.907386317391828,,0,,,,False,-4.907386317391828,0.0,42.29189682006836,46.05527877807617,44.22950297644356,-4.99383922700768
PbI2,4.0,4.0,detector_qspace_per_pixel,detector_qr_band_per_qz_bin_fast,False,3,2.73777137567738,2.73777137567738,0,0,saved_q_group_rows_no_fit_points,-,-,0.13,27,1.090830782496456,1.1149642068879704,1.1028974946922132,655,655.0,pixel_count,-3789.5221721051444,-3789.5221721051444,0.0,-5.785530033748312,-5.785530033748312,0.0,-3789.5221721051444,-3789.5221721051444,0.0,-5.785530033748312,,0,,,,False,-5.785530033748312,0.0,42.42635726928711,46.21607971191406,44.38306073018046,-5.474799557918089
PbI2,4.0,4.0,detector_qspace_per_pixel,detector_qr_band_per_qz_bin_fast,False,3,2.73777137567738,2.73777137567738,0,0,saved_q_group_rows_no_fit_points,-,-,0.13,28,1.1149642068879704,1.139097631279485,1.1270309190837278,659,659.0,pixel_count,-3767.6317186025135,-3767.6317186025135,0.0,-5.71719532413128,-5.71719532413128,0.0,-3767.6317186025135,-3767.6317186025135,0.0,-5.71719532413128,,0,,,,False,-5.71719532413128,0.0,42.616214752197266,46.35720443725586,44.54058064709969,-5.672385772032587
PbI2,4.0,4.0,detector_qspace_per_pixel,detector_qr_band_per_qz_bin_fast,False,3,2.73777137567738,2.73777137567738,0,0,saved_q_group_rows_no_fit_points,-,-,0.13,29,1.139097631279485,1.1632310556709995,1.151164343475242,669,669.0,pixel_count,-3815.7090297298523,-3815.7090297298523,0.0,-5.703600941300228,-5.703600941300228,0.0,-3815.7090297298523,-3815.7090297298523,0.0,-5.703600941300228,,0,,,,False,-5.703600941300228,0.0,42.76914596557617,46.51967239379883,44.700705199543734,-5.652082684273703
PbI2,4.0,4.0,detector_qspace_per_pixel,detector_qr_band_per_qz_bin_fast,False,3,2.73777137567738,2.73777137567738,0,0,saved_q_group_rows_no_fit_points,-,-,0.13,30,1.1632310556709995,1.1873644800625138,1.1752977678667567,672,672.0,pixel_count,-3758.870560718352,-3758.870560718352,0.0,-5.593557382021357,-5.593557382021357,0.0,-3758.870560718352,-3758.870560718352,0.0,-5.593557382021357,,0,,,,False,-5.593557382021357,0.0,42.96080017089844,46.68265914916992,44.867391997293474,-5.5050877042035475
PbI2,4.0,4.0,detector_qspace_per_pixel,detector_qr_band_per_qz_bin_fast,False,3,2.73777137567738,2.73777137567738,0,0,saved_q_group_rows_no_fit_points,-,-,0.13,31,1.1873644800625138,1.2114979044540284,1.1994311922582712,682,682.0,pixel_count,-3563.7671832046726,-3563.7671832046726,0.0,-5.225465078012716,-5.225465078012716,0.0,-3563.7671832046726,-3563.7671832046726,0.0,-5.225465078012716,,0,,,,False,-5.225465078012716,0.0,43.11609649658203,46.860130310058594,45.03329595934014,-5.282276772693955
PbI2,4.0,4.0,detector_qspace_per_pixel,detector_qr_band_per_qz_bin_fast,False,3,2.73777137567738,2.73777137567738,0,0,saved_q_group_rows_no_fit_points,-,-,0.13,32,1.2114979044540284,1.235631328845543,1.2235646166497856,686,686.0,pixel_count,-3446.596047816379,-3446.596047816379,0.0,-5.024192489528249,-5.024192489528249,0.0,-3446.596047816379,-3446.596047816379,0.0,-5.024192489528249,,0,,,,False,-5.024192489528249,0.0,43.272647857666016,46.99160385131836,45.19438999570789,-5.127936691702427
PbI2,4.0,4.0,detector_qspace_per_pixel,detector_qr_band_per_qz_bin_fast,False,3,2.73777137567738,2.73777137567738,0,0,saved_q_group_rows_no_fit_points,-,-,0.13,33,1.235631328845543,1.2597647532370573,1.2476980410413,696,696.0,pixel_count,-3465.041427573479,-3465.041427573479,0.0,-4.978507798237757,-4.978507798237757,0.0,-3465.041427573479,-3465.041427573479,0.0,-4.978507798237757,,0,,,,False,-4.978507798237757,0.0,43.466697692871094,47.170677185058594,45.374908930737945,-5.1669740985905275
PbI2,4.0,4.0,detector_qspace_per_pixel,detector_qr_band_per_qz_bin_fast,False,3,2.73777137567738,2.73777137567738,0,0,saved_q_group_rows_no_fit_points,-,-,0.13,34,1.2597647532370573,1.283898177628572,1.2718314654328147,706,706.0,pixel_count,-3964.348302057096,-3964.348302057096,0.0,-5.615224223876907,-5.615224223876907,0.0,-3964.348302057096,-3964.348302057096,0.0,-5.615224223876907,,0,,,,False,-5.615224223876907,0.0,43.625240325927734,47.350379943847656,45.54025095357577,-5.274807057823853
PbI2,4.0,4.0,detector_qspace_per_pixel,detector_qr_band_per_qz_bin_fast,False,3,2.73777137567738,2.73777137567738,0,0,saved_q_group_rows_no_fit_points,-,-,0.13,35,1.283898177628572,1.3080316020200866,1.2959648898243294,711,711.0,pixel_count,-3624.4680205215677,-3624.4680205215677,0.0,-5.097704670213176,-5.097704670213176,0.0,-3624.4680205215677,-3624.4680205215677,0.0,-5.097704670213176,,0,,,,False,-5.097704670213176,0.0,43.82046127319336,47.53064727783203,45.721322135077884,-5.231418039115658
PbI2,4.0,4.0,detector_qspace_per_pixel,detector_qr_band_per_qz_bin_fast,False,3,2.73777137567738,2.73777137567738,0,0,saved_q_group_rows_no_fit_points,-,-,0.13,36,1.3080316020200866,1.332165026411601,1.3200983142158438,720,720.0,pixel_count,-3701.703708061184,-3701.703708061184,0.0,-5.1412551500849775,-5.1412551500849775,0.0,-3701.703708061184,-3701.703708061184,0.0,-5.1412551500849775,,0,,,,False,-5.1412551500849775,0.0,43.98075485229492,47.69662094116211,45.89548831383023,-5.150442482937482
PbI2,4.0,4.0,detector_qspace_per_pixel,detector_qr_band_per_qz_bin_fast,False,3,2.73777137567738,2.73777137567738,0,0,saved_q_group_rows_no_fit_points,-,-,0.13,37,1.332165026411601,1.3562984508031155,1.3442317386073581,727,727.0,pixel_count,-3790.556189325774,-3790.556189325774,0.0,-5.213969999072591,-5.213969999072591,0.0,-3790.556189325774,-3790.556189325774,0.0,-5.213969999072591,,0,,,,False,-5.213969999072591,0.0,44.195003509521484,47.87770462036133,46.079955759910234,-5.054392247787973
PbI2,4.0,4.0,detector_qspace_per_pixel,detector_qr_band_per_qz_bin_fast,False,3,2.73777137567738,2.73777137567738,0,0,saved_q_group_rows_no_fit_points,-,-,0.13,38,1.3562984508031155,1.38043187519463,1.368365162998873,738,738.0,pixel_count,-3505.123953656359,-3505.123953656359,0.0,-4.749490452108888,-4.749490452108888,0.0,-3505.123953656359,-3505.123953656359,0.0,-4.749490452108888,,0,,,,False,-4.749490452108888,0.0,44.35700225830078,48.05918502807617,46.2602625151419,-4.887273315407975
PbI2,4.0,4.0,detector_qspace_per_pixel,detector_qr_band_per_qz_bin_fast,False,3,2.73777137567738,2.73777137567738,0,0,saved_q_group_rows_no_fit_points,-,-,0.13,39,1.38043187519463,1.4045652995861444,1.3924985873903872,744,744.0,pixel_count,-3573.956722800188,-3573.956722800188,0.0,-4.803705272580897,-4.803705272580897,0.0,-3573.956722800188,-3573.956722800188,0.0,-4.803705272580897,,0,,,,False,-4.803705272580897,0.0,44.57241439819336,48.24100875854492,46.45095131909306,-4.739327245081277
PbI2,4.0,4.0,detector_qspace_per_pixel,detector_qr_band_per_qz_bin_fast,False,3,2.73777137567738,2.73777137567738,0,0,saved_q_group_rows_no_fit_points,-,-,0.13,40,1.4045652995861444,1.428698723977659,1.4166320117819016,757,757.0,pixel_count,-3467.6774096160525,-3467.6774096160525,0.0,-4.580815600549607,-4.580815600549607,0.0,-3467.6774096160525,-3467.6774096160525,0.0,-4.580815600549607,,0,,,,False,-4.580815600549607,0.0,44.735862731933594,48.42311096191406,46.631765595204946,-4.611536164529346
PbI2,4.0,4.0,detector_qspace_per_pixel,detector_qr_band_per_qz_bin_fast,False,3,2.73777137567738,2.73777137567738,0,0,saved_q_group_rows_no_fit_points,-,-,0.13,41,1.428698723977659,1.4528321483691735,1.4407654361734163,760,760.0,pixel_count,-3367.2846264348077,-3367.2846264348077,0.0,-4.430637666361589,-4.430637666361589,0.0,-3367.2846264348077,-3367.2846264348077,0.0,-4.430637666361589,,0,,,,False,-4.430637666361589,0.0,44.95216751098633,48.620853424072266,46.830723543949105,-4.530284039125253
PbI2,4.0,4.0,detector_qspace_per_pixel,detector_qr_band_per_qz_bin_fast,False,3,2.73777137567738,2.73777137567738,0,0,saved_q_group_rows_no_fit_points,-,-,0.13,42,1.4528321483691735,1.4769655727606879,1.4648988605649307,772,772.0,pixel_count,-3567.259097302492,-3567.259097302492,0.0,-4.620801939511,-4.620801939511,0.0,-3567.259097302492,-3567.259097302492,0.0,-4.620801939511,,0,,,,False,-4.620801939511,0.0,45.14986038208008,48.803470611572266,47.019468940338385,-4.492483664760923
PbI2,4.0,4.0,detector_qspace_per_pixel,detector_qr_band_per_qz_bin_fast,False,3,2.73777137567738,2.73777137567738,0,0,saved_q_group_rows_no_fit_points,-,-,0.13,43,1.4769655727606879,1.5010989971522026,1.4890322849564452,786,786.0,pixel_count,-3425.173609042295,-3425.173609042295,0.0,-4.357727237967296,-4.357727237967296,0.0,-3425.173609042295,-3425.173609042295,0.0,-4.357727237967296,,0,,,,False,-4.357727237967296,0.0,45.333763122558594,48.98621368408203,47.21580985896444,-4.408309211142022
PbI2,4.0,4.0,detector_qspace_per_pixel,detector_qr_band_per_qz_bin_fast,False,3,2.73777137567738,2.73777137567738,0,0,saved_q_group_rows_no_fit_points,-,-,0.13,44,1.5010989971522026,1.5252324215437172,1.5131657093479598,793,793.0,pixel_count,-3444.081016243789,-3444.081016243789,0.0,-4.3431034252759,-4.3431034252759,0.0,-3444.081016243789,-3444.081016243789,0.0,-4.3431034252759,,0,,,,False,-4.3431034252759,0.0,45.550777435302734,49.18473815917969,47.413616353740316,-4.289250465903216
PbI2,4.0,4.0,detector_qspace_per_pixel,detector_qr_band_per_qz_bin_fast,False,3,2.73777137567738,2.73777137567738,0,0,saved_q_group_rows_no_fit_points,-,-,0.13,45,1.5252324215437172,1.5493658459352315,1.5372991337394744,804,804.0,pixel_count,-3306.590152510303,-3306.590152510303,0.0,-4.112674319042665,-4.112674319042665,0.0,-3306.590152510303,-3306.590152510303,0.0,-4.112674319042665,,0,,,,False,-4.112674319042665,0.0,45.716739654541016,49.3676643371582,47.61514996023726,-4.149738323035777
PbI2,4.0,4.0,detector_qspace_per_pixel,detector_qr_band_per_qz_bin_fast,False,3,2.73777137567738,2.73777137567738,0,0,saved_q_group_rows_no_fit_points,-,-,0.13,46,1.5493658459352315,1.573499270326746,1.561432558130989,817,817.0,pixel_count,-3341.180206245391,-3341.180206245391,0.0,-4.0895718558695116,-4.0895718558695116,0.0,-3341.180206245391,-3341.180206245391,0.0,-4.0895718558695116,,0,,,,False,-4.0895718558695116,0.0,45.934017181396484,49.59436798095703,47.81671893448009,-3.9805816769047526
PbI2,4.0,4.0,detector_qspace_per_pixel,detector_qr_band_per_qz_bin_fast,False,3,2.73777137567738,2.73777137567738,0,0,saved_q_group_rows_no_fit_points,-,-,0.13,47,1.573499270326746,1.5976326947182606,1.5855659825225032,827,827.0,pixel_count,-2974.5548849127676,-2974.5548849127676,0.0,-3.5968015537034677,-3.5968015537034677,0.0,-2974.5548849127676,-2974.5548849127676,0.0,-3.5968015537034677,,0,,,,False,-3.5968015537034677,0.0,46.151187896728516,49.792884826660156,48.02263354077687,-3.8211063255713564
PbI2,4.0,4.0,detector_qspace_per_pixel,detector_qr_band_per_qz_bin_fast,False,3,2.73777137567738,2.73777137567738,0,0,saved_q_group_rows_no_fit_points,-,-,0.13,48,1.5976326947182606,1.621766119109775,1.6096994069140178,836,836.0,pixel_count,-3310.4579803642905,-3310.4579803642905,0.0,-3.959877966942931,-3.959877966942931,0.0,-3310.4579803642905,-3310.4579803642905,0.0,-3.959877966942931,,0,,,,False,-3.959877966942931,0.0,46.38762283325195,49.975425720214844,48.22956395813854,-3.689164836426631
PbI2,4.0,4.0,detector_qspace_per_pixel,detector_qr_band_per_qz_bin_fast,False,3,2.73777137567738,2.73777137567738,0,0,saved_q_group_rows_no_fit_points,-,-,0.13,49,1.621766119109775,1.6458995435012895,1.6338328313055324,856,856.0,pixel_count,-2889.8727883221977,-2889.8727883221977,0.0,-3.376019612525932,-3.376019612525932,0.0,-2889.8727883221977,-2889.8727883221977,0.0,-3.376019612525932,,0,,,,False,-3.376019612525932,0.0,46.604469299316406,50.216800689697266,48.447445529720255,-3.4450887455577646
PbI2,4.0,4.0,detector_qspace_per_pixel,detector_qr_band_per_qz_bin_fast,False,3,2.73777137567738,2.73777137567738,0,0,saved_q_group_rows_no_fit_points,-,-,0.13,50,1.6458995435012895,1.670032967892804,1.6579662556970467,864,864.0,pixel_count,-2711.767102012701,-2711.767102012701,0.0,-3.1386193310332184,-3.1386193310332184,0.0,-2711.767102012701,-2711.767102012701,0.0,-3.1386193310332184,,0,,,,False,-3.1386193310332184,0.0,46.791072845458984,50.41488265991211,48.648553219266375,-3.1547510147861324
PbI2,4.0,4.0,detector_qspace_per_pixel,detector_qr_band_per_qz_bin_fast,False,3,2.73777137567738,2.73777137567738,0,0,saved_q_group_rows_no_fit_points,-,-,0.13,51,1.670032967892804,1.6941663922843184,1.6820996800885613,869,869.0,pixel_count,-2497.570949828137,-2497.570949828137,0.0,-2.874074740883932,-2.874074740883932,0.0,-2497.570949828137,-2497.570949828137,0.0,-2.874074740883932,,0,,,,False,-2.874074740883932,0.0,47.00767517089844,50.612823486328125,48.87087301345243,-2.911296155147503
PbI2,4.0,4.0,detector_qspace_per_pixel,detector_qr_band_per_qz_bin_fast,False,3,2.73777137567738,2.73777137567738,0,0,saved_q_group_rows_no_fit_points,-,-,0.13,52,1.6941663922843184,1.7182998166758332,1.7062331044800758,893,893.0,pixel_count,-2469.050570429433,-2469.050570429433,0.0,-2.7648942558000367,-2.7648942558000367,0.0,-2469.050570429433,-2469.050570429433,0.0,-2.7648942558000367,,0,,,,False,-2.7648942558000367,0.0,47.24359130859375,50.83639144897461,49.07888984832649,-2.661894462268151
PbI2,4.0,4.0,detector_qspace_per_pixel,detector_qr_band_per_qz_bin_fast,False,3,2.73777137567738,2.73777137567738,0,0,saved_q_group_rows_no_fit_points,-,-,0.13,53,1.7182998166758332,1.7424332410673478,1.7303665288715906,902,902.0,pixel_count,-2128.192025022281,-2128.192025022281,0.0,-2.3594146618872296,-2.3594146618872296,0.0,-2128.192025022281,-2128.192025022281,0.0,-2.3594146618872296,,0,,,,False,-2.3594146618872296,0.0,47.45939636230469,51.0335578918457,49.30329191586816,-2.309842363743507
PbI2,4.0,4.0,detector_qspace_per_pixel,detector_qr_band_per_qz_bin_fast,False,3,2.73777137567738,2.73777137567738,0,0,saved_q_group_rows_no_fit_points,-,-,0.13,54,1.7424332410673478,1.766566665458862,1.754499953263105,920,920.0,pixel_count,-1735.7330360344358,-1735.7330360344358,0.0,-1.8866663435156912,-1.8866663435156912,0.0,-1735.7330360344358,-1735.7330360344358,0.0,-1.8866663435156912,,0,,,,False,-1.8866663435156912,0.0,47.694496154785156,51.27181625366211,49.52203516727953,-1.8695312673284623
PbI2,4.0,4.0,detector_qspace_per_pixel,detector_qr_band_per_qz_bin_fast,False,3,2.73777137567738,2.73777137567738,0,0,saved_q_group_rows_no_fit_points,-,-,0.13,55,1.766566665458862,1.7907000898503767,1.7786333776546193,931,931.0,pixel_count,-1155.4106883099455,-1155.4106883099455,0.0,-1.2410426297636363,-1.2410426297636363,0.0,-1155.4106883099455,-1155.4106883099455,0.0,-1.2410426297636363,,0,,,,False,-1.2410426297636363,0.0,47.92911148071289,51.46805953979492,49.74399167507219,-1.5201417357329476
PbI2,4.0,4.0,detector_qspace_per_pixel,detector_qr_band_per_qz_bin_fast,False,3,2.73777137567738,2.73777137567738,0,0,saved_q_group_rows_no_fit_points,-,-,0.13,56,1.7907000898503767,1.8148335142418912,1.802766802046134,947,947.0,pixel_count,-1344.3598850763972,-1344.3598850763972,0.0,-1.4195986114851078,-1.4195986114851078,0.0,-1344.3598850763972,-1344.3598850763972,0.0,-1.4195986114851078,,0,,,,False,-1.4195986114851078,0.0,48.16318893432617,51.70464324951172,49.97303583405607,-1.4245375440054149
PbI2,4.0,4.0,detector_qspace_per_pixel,detector_qr_band_per_qz_bin_fast,False,3,2.73777137567738,2.73777137567738,0,0,saved_q_group_rows_no_fit_points,-,-,0.13,57,1.8148335142418912,1.8389669386334055,1.8269002264376484,962,962.0,pixel_count,-1375.9477665054067,-1375.9477665054067,0.0,-1.4302991335815038,-1.4302991335815038,0.0,-1375.9477665054067,-1375.9477665054067,0.0,-1.4302991335815038,,0,,,,False,-1.4302991335815038,0.0,48.396663665771484,51.916080474853516,50.19992063081239,-1.4929249283681585
PbI2,4.0,4.0,detector_qspace_per_pixel,detector_qr_band_per_qz_bin_fast,False,3,2.73777137567738,2.73777137567738,0,0,saved_q_group_rows_no_fit_points,-,-,0.13,58,1.8389669386334055,1.8631003630249203,1.851033650829163,980,980.0,pixel_count,-1671.58307300955,-1671.58307300955,0.0,-1.7056970132750509,-1.7056970132750509,0.0,-1671.58307300955,-1671.58307300955,0.0,-1.7056970132750509,,0,,,,False,-1.7056970132750509,0.0,48.5827522277832,52.150787353515625,50.42929093777438,-1.575907635943266
PbI2,4.0,4.0,detector_qspace_per_pixel,detector_qr_band_per_qz_bin_fast,False,3,2.73777137567738,2.73777137567738,0,0,saved_q_group_rows_no_fit_points,-,-,0.13,59,1.8631003630249203,1.8872337874164347,1.8751670752206775,997,997.0,pixel_count,-1531.4454170154297,-1531.4454170154297,0.0,-1.5360535777486757,-1.5360535777486757,0.0,-1531.4454170154297,-1531.4454170154297,0.0,-1.5360535777486757,,0,,,,False,-1.5360535777486757,0.0,48.81523895263672,52.38430404663086,50.655613051251414,-1.5908222038240152
PbI2,4.0,4.0,detector_qspace_per_pixel,detector_qr_band_per_qz_bin_fast,False,3,2.73777137567738,2.73777137567738,0,0,saved_q_group_rows_no_fit_points,-,-,0.13,60,1.8872337874164347,1.9113672118079492,1.8993004996121918,1013,1013.0,pixel_count,-1661.977437210749,-1661.977437210749,0.0,-1.6406490002080445,-1.6406490002080445,0.0,-1661.977437210749,-1661.977437210749,0.0,-1.6406490002080445,,0,,,,False,-1.6406490002080445,0.0,49.092918395996094,52.59360122680664,50.89490412913006,-1.5463518397306188
PbI2,4.0,4.0,detector_qspace_per_pixel,detector_qr_band_per_qz_bin_fast,False,3,2.73777137567738,2.73777137567738,0,0,saved_q_group_rows_no_fit_points,-,-,0.13,61,1.9113672118079492,1.935500636199464,1.9234339240037066,1033,1033.0,pixel_count,-1522.4289721378325,-1522.4289721378325,0.0,-1.4737937774809609,-1.4737937774809609,0.0,-1522.4289721378325,-1522.4289721378325,0.0,-1.4737937774809609,,0,,,,False,-1.4737937774809609,0.0,49.32344436645508,52.84125518798828,51.1284454224405,-1.4096087994827866
PbI2,4.0,4.0,detector_qspace_per_pixel,detector_qr_band_per_qz_bin_fast,False,3,2.73777137567738,2.73777137567738,0,0,saved_q_group_rows_no_fit_points,-,-,0.13,62,1.935500636199464,1.9596340605909783,1.9475673483952212,1053,1053.0,pixel_count,-1162.9616218465865,-1162.9616218465865,0.0,-1.1044269913072995,-1.1044269913072995,0.0,-1162.9616218465865,-1162.9616218465865,0.0,-1.1044269913072995,,0,,,,False,-1.1044269913072995,0.0,49.57296371459961,53.0712890625,51.368390431517454,-1.2233296336255406
PbI2,4.0,4.0,detector_qspace_per_pixel,detector_qr_band_per_qz_bin_fast,False,3,2.73777137567738,2.73777137567738,0,0,saved_q_group_rows_no_fit_points,-,-,0.13,63,1.9596340605909783,1.9837674849824927,1.9717007727867355,1071,1071.0,pixel_count,-1248.4597483307757,-1248.4597483307757,0.0,-1.1656953765926945,-1.1656953765926945,0.0,-1248.4597483307757,-1248.4597483307757,0.0,-1.1656953765926945,,0,,,,False,-1.1656953765926945,0.0,49.8215446472168,53.31620788574219,51.60789613759066,-1.0646348685797773
PbI2,4.0,4.0,detector_qspace_per_pixel,detector_qr_band_per_qz_bin_fast,False,3,2.73777137567738,2.73777137567738,0,0,saved_q_group_rows_no_fit_points,-,-,0.13,64,1.9837674849824927,2.0079009093740074,1.99583419717825,1087,1087.0,pixel_count,-907.1078470176216,-907.1078470176216,0.0,-0.834505839022651,-0.834505839022651,0.0,-907.1078470176216,-907.1078470176216,0.0,-0.834505839022651,,0,,,,False,-0.834505839022651,0.0,50.049312591552734,53.55967330932617,51.84680950793277,-0.9052496433895287
PbI2,4.0,4.0,detector_qspace_per_pixel,detector_qr_band_per_qz_bin_fast,False,3,2.73777137567738,2.73777137567738,0,0,saved_q_group_rows_no_fit_points,-,-,0.13,65,2.0079009093740074,2.032034333765522,2.019967621569765,1112,1112.0,pixel_count,-819.8771692221965,-819.8771692221965,0.0,-0.737299612609889,-0.737299612609889,0.0,-819.8771692221965,-819.8771692221965,0.0,-0.737299612609889,,0,,,,False,-0.737299612609889,0.0,50.29586410522461,53.7642822265625,52.09174307675985,-0.7938352759156777
PbI2,4.0,4.0,detector_qspace_per_pixel,detector_qr_band_per_qz_bin_fast,False,3,2.73777137567738,2.73777137567738,0,0,saved_q_group_rows_no_fit_points,-,-,0.13,66,2.032034333765522,2.056167758157036,2.0441010459612787,1136,1136.0,pixel_count,-889.8336198073515,-889.8336198073515,0.0,-0.7833042427881616,-0.7833042427881616,0.0,-889.8336198073515,-889.8336198073515,0.0,-0.7833042427881616,,0,,,,False,-0.7833042427881616,0.0,50.54131317138672,54.021263122558594,52.33606449581475,-0.7391568638577088
PbI2,4.0,4.0,detector_qspace_per_pixel,detector_qr_band_per_qz_bin_fast,False,3,2.73777137567738,2.73777137567738,0,0,saved_q_group_rows_no_fit_points,-,-,0.13,67,2.056167758157036,2.080301182548551,2.0682344703527935,1152,1152.0,pixel_count,-811.8065045523774,-811.8065045523774,0.0,-0.7046931463128276,-0.7046931463128276,0.0,-811.8065045523774,-811.8065045523774,0.0,-0.7046931463128276,,0,,,,False,-0.7046931463128276,0.0,50.785606384277344,54.260501861572266,52.592591650569744,-0.6513701738949742
PbI2,4.0,4.0,detector_qspace_per_pixel,detector_qr_band_per_qz_bin_fast,False,3,2.73777137567738,2.73777137567738,0,0,saved_q_group_rows_no_fit_points,-,-,0.13,68,2.080301182548551,2.1044346069400652,2.0923678947443083,1178,1178.0,pixel_count,-558.7696588577204,-558.7696588577204,0.0,-0.47433757118651987,-0.47433757118651987,0.0,-558.7696588577204,-558.7696588577204,0.0,-0.47433757118651987,,0,,,,False,-0.47433757118651987,0.0,51.07126998901367,54.49814224243164,52.83496150963922,-0.5152508387556732
PbI2,4.0,4.0,detector_qspace_per_pixel,detector_qr_band_per_qz_bin_fast,False,3,2.73777137567738,2.73777137567738,0,0,saved_q_group_rows_no_fit_points,-,-,0.13,69,2.1044346069400652,2.1285680313315796,2.116501319135822,1200,1200.0,pixel_count,-466.9454360417126,-466.9454360417126,0.0,-0.38912119670142714,-0.38912119670142714,0.0,-466.9454360417126,-466.9454360417126,0.0,-0.38912119670142714,,0,,,,False,-0.38912119670142714,0.0,51.31269454956055,54.7501220703125,53.09105328053839,-0.3865087796801662
PbI2,4.0,4.0,detector_qspace_per_pixel,detector_qr_band_per_qz_bin_fast,False,3,2.73777137567738,2.73777137567738,0,0,saved_q_group_rows_no_fit_points,-,-,0.13,70,2.1285680313315796,2.1527014557230943,2.140634743527337,1227,1227.0,pixel_count,-341.15070570364685,-341.15070570364685,0.0,-0.2780364349662974,-0.2780364349662974,0.0,-341.15070570364685,-341.15070570364685,0.0,-0.2780364349662974,,0,,,,False,-0.2780364349662974,0.0,51.572349548339844,55.00032424926758,53.340834713097266,-0.2618074367520035
PbI2,4.0,4.0,detector_qspace_per_pixel,detector_qr_band_per_qz_bin_fast,False,3,2.73777137567738,2.73777137567738,0,0,saved_q_group_rows_no_fit_points,-,-,0.13,71,2.1527014557230943,2.1768348801146087,2.1647681679188517,1252,1252.0,pixel_count,-193.3592185386479,-193.3592185386479,0.0,-0.15444027039828107,-0.15444027039828107,0.0,-193.3592185386479,-193.3592185386479,0.0,-0.15444027039828107,,0,,,,False,-0.15444027039828107,0.0,51.811100006103516,55.24870681762695,53.59718981861631,-0.1029151263369747
PbI2,4.0,4.0,detector_qspace_per_pixel,detector_qr_band_per_qz_bin_fast,False,3,2.73777137567738,2.73777137567738,0,0,saved_q_group_rows_no_fit_points,-,-,0.13,72,2.1768348801146087,2.200968304506123,2.1889015923103656,1281,1281.0,pixel_count,206.8022673642681,206.8022673642681,0.0,0.1614381478253459,0.1614381478253459,0.0,206.8022673642681,206.8022673642681,0.0,0.1614381478253459,,0,,,,False,0.1614381478253459,0.0,52.10860824584961,55.52975082397461,53.85760749951687,0.0670530902546664
PbI2,4.0,4.0,detector_qspace_per_pixel,detector_qr_band_per_qz_bin_fast,False,3,2.73777137567738,2.73777137567738,0,0,saved_q_group_rows_no_fit_points,-,-,0.13,73,2.200968304506123,2.225101728897638,2.2130350167018804,1306,1306.0,pixel_count,213.5767463946514,213.5767463946514,0.0,0.16353502786726754,0.16353502786726754,0.0,213.5767463946514,213.5767463946514,0.0,0.16353502786726754,,0,,,,False,0.16353502786726754,0.0,52.363380432128906,55.77399444580078,54.11201663161723,0.19199467508525359
PbI2,4.0,4.0,detector_qspace_per_pixel,detector_qr_band_per_qz_bin_fast,False,3,2.73777137567738,2.73777137567738,0,0,saved_q_group_rows_no_fit_points,-,-,0.13,74,2.225101728897638,2.2492351532891526,2.237168441093395,1341,1341.0,pixel_count,367.71712060246887,367.71712060246887,0.0,0.2742111264746226,0.2742111264746226,0.0,367.71712060246887,367.71712060246887,0.0,0.2742111264746226,,0,,,,False,0.2742111264746226,0.0,52.6165657043457,56.016334533691406,54.37532683319726,0.31233674196014616
PbI2,4.0,4.0,detector_qspace_per_pixel,detector_qr_band_per_qz_bin_fast,False,3,2.73777137567738,2.73777137567738,0,0,saved_q_group_rows_no_fit_points,-,-,0.13,75,2.2492351532891526,2.273368577680667,2.26130186548491,1364,1364.0,pixel_count,735.4625938441125,735.4625938441125,0.0,0.5391954500323405,0.5391954500323405,0.0,735.4625938441125,735.4625938441125,0.0,0.5391954500323405,,0,,,,False,0.5391954500323405,0.0,52.88835906982422,56.30546951293945,54.640003405655236,0.4339400694415856
PbI2,4.0,4.0,detector_qspace_per_pixel,detector_qr_band_per_qz_bin_fast,False,3,2.73777137567738,2.73777137567738,0,0,saved_q_group_rows_no_fit_points,-,-,0.13,76,2.273368577680667,2.2975020020721817,2.2854352898764243,1397,1397.0,pixel_count,549.3729341658781,549.3729341658781,0.0,0.3932519213785813,0.3932519213785813,0.0,549.3729341658781,549.3729341658781,0.0,0.3932519213785813,,0,,,,False,0.3932519213785813,0.0,53.15688705444336,56.54344940185547,54.90563383768726,0.5573540729645152
PbI2,4.0,4.0,detector_qspace_per_pixel,detector_qr_band_per_qz_bin_fast,False,3,2.73777137567738,2.73777137567738,0,0,saved_q_group_rows_no_fit_points,-,-,0.13,77,2.2975020020721817,2.321635426463696,2.3095687142679386,1432,1432.0,pixel_count,1143.3082166095317,1143.3082166095317,0.0,0.7983995926044215,0.7983995926044215,0.0,1143.3082166095317,1143.3082166095317,0.0,0.7983995926044215,,0,,,,False,0.7983995926044215,0.0,53.40463638305664,56.81009292602539,55.16607555726052,0.7725955823064553
PbI2,4.0,4.0,detector_qspace_per_pixel,detector_qr_band_per_qz_bin_fast,False,3,2.73777137567738,2.73777137567738,0,0,saved_q_group_rows_no_fit_points,-,-,0.13,78,2.321635426463696,2.3457688508552104,2.3337021386594534,1465,1465.0,pixel_count,1491.1903383807385,1491.1903383807385,0.0,1.0178773640824152,1.0178773640824152,0.0,1491.1903383807385,1491.1903383807385,0.0,1.0178773640824152,,0,,,,False,1.0178773640824152,0.0,53.70734786987305,57.07584762573242,55.44155026475345,1.063783671356024
PbI2,4.0,4.0,detector_qspace_per_pixel,detector_qr_band_per_qz_bin_fast,False,3,2.73777137567738,2.73777137567738,0,0,saved_q_group_rows_no_fit_points,-,-,0.13,79,2.3457688508552104,2.369902275246725,2.3578355630509678,1503,1503.0,pixel_count,2052.2637730201113,2052.2637730201113,0.0,1.3654449587625492,1.3654449587625492,0.0,2052.2637730201113,2052.2637730201113,0.0,1.3654449587625492,,0,,,,False,1.3654449587625492,0.0,53.96974182128906,57.3375129699707,55.71271316953019,1.4127300262571514
PbI2,4.0,4.0,detector_qspace_per_pixel,detector_qr_band_per_qz_bin_fast,False,3,2.73777137567738,2.73777137567738,0,0,saved_q_group_rows_no_fit_points,-,-,0.13,80,2.369902275246725,2.3940356996382395,2.381968987442482,1537,1537.0,pixel_count,2869.254575714042,2869.254575714042,0.0,1.8667889236916344,1.8667889236916344,0.0,2869.254575714042,2869.254575714042,0.0,1.8667889236916344,,0,,,,False,1.8667889236916344,0.0,54.24850082397461,57.61277770996094,55.981771908919264,1.7888387623044397
PbI2,4.0,4.0,detector_qspace_per_pixel,detector_qr_band_per_qz_bin_fast,False,3,2.73777137567738,2.73777137567738,0,0,saved_q_group_rows_no_fit_points,-,-,0.13,81,2.3940356996382395,2.418169124029754,2.406102411833997,1581,1581.0,pixel_count,3332.5800683063762,3332.5800683063762,0.0,2.1078937813449565,2.1078937813449565,0.0,3332.5800683063762,3332.5800683063762,0.0,2.1078937813449565,,0,,,,False,2.1078937813449565,0.0,54.524940490722656,57.86928939819336,56.253876808424764,2.1257715289884387
PbI2,4.0,4.0,detector_qspace_per_pixel,detector_qr_band_per_qz_bin_fast,False,3,2.73777137567738,2.73777137567738,0,0,saved_q_group_rows_no_fit_points,-,-,0.13,82,2.418169124029754,2.4423025484212686,2.430235836225511,1620,1620.0,pixel_count,3984.5037907843007,3984.5037907843007,0.0,2.4595702412248768,2.4595702412248768,0.0,3984.5037907843007,3984.5037907843007,0.0,2.4595702412248768,,0,,,,False,2.4595702412248768,0.0,54.81669998168945,58.15345764160156,56.53228133358057,2.4420009430654384
PbI2,4.0,4.0,detector_qspace_per_pixel,detector_qr_band_per_qz_bin_fast,False,3,2.73777137567738,2.73777137567738,0,0,saved_q_group_rows_no_fit_points,-,-,0.13,83,2.4423025484212686,2.466435972812783,2.4543692606170255,1657,1657.0,pixel_count,4435.924353247498,4435.924353247498,0.0,2.677081685725708,2.677081685725708,0.0,4435.924353247498,4435.924353247498,0.0,2.677081685725708,,0,,,,False,2.677081685725708,0.0,55.08817672729492,58.41929244995117,56.80674896360713,2.820175782994109
PbI2,4.0,4.0,detector_qspace_per_pixel,detector_qr_band_per_qz_bin_fast,False,3,2.73777137567738,2.73777137567738,0,0,saved_q_group_rows_no_fit_points,-,-,0.13,84,2.466435972812783,2.4905693972042973,2.4785026850085403,1702,1702.0,pixel_count,5594.6911341311825,5594.6911341311825,0.0,3.28712757587026,3.28712757587026,0.0,5594.6911341311825,5594.6911341311825,0.0,3.28712757587026,,0,,,,False,3.28712757587026,0.0,55.37418746948242,58.69710159301758,57.08630157402025,3.359345657451878
PbI2,4.0,4.0,detector_qspace_per_pixel,detector_qr_band_per_qz_bin_fast,False,3,2.73777137567738,2.73777137567738,0,0,saved_q_group_rows_no_fit_points,-,-,0.13,85,2.4905693972042973,2.514702821595812,2.5026361094000547,1751,1751.0,pixel_count,7053.183124400851,7053.183124400851,0.0,4.0280885918908345,4.0280885918908345,0.0,7053.183124400851,7053.183124400851,0.0,4.0280885918908345,,0,,,,False,4.0280885918908345,0.0,55.640602111816406,58.97156524658203,57.366910139155124,4.043846493449678
PbI2,4.0,4.0,detector_qspace_per_pixel,detector_qr_band_per_qz_bin_fast,False,3,2.73777137567738,2.73777137567738,0,0,saved_q_group_rows_no_fit_points,-,-,0.13,86,2.514702821595812,2.5388362459873264,2.526769533791569,1801,1801.0,pixel_count,8594.46647876086,8594.46647876086,0.0,4.772052459056558,4.772052459056558,0.0,8594.46647876086,8594.46647876086,0.0,4.772052459056558,,0,,,,False,4.772052459056558,0.0,55.93851089477539,59.25691604614258,57.65240049903004,4.824897348183839
PbI2,4.0,4.0,detector_qspace_per_pixel,detector_qr_band_per_qz_bin_fast,False,3,2.73777137567738,2.73777137567738,0,0,saved_q_group_rows_no_fit_points,-,-,0.13,87,2.5388362459873264,2.5629696703788407,2.5509029581830838,1840,1840.0,pixel_count,10187.502229712314,10187.502229712314,0.0,5.536685994408867,5.536685994408867,0.0,10187.502229712314,10187.502229712314,0.0,5.536685994408867,,0,,,,False,5.536685994408867,0.0,56.21721649169922,59.52497100830078,57.93124054703196,5.801404522860167
PbI2,4.0,4.0,detector_qspace_per_pixel,detector_qr_band_per_qz_bin_fast,False,3,2.73777137567738,2.73777137567738,0,0,saved_q_group_rows_no_fit_points,-,-,0.13,88,2.5629696703788407,2.5871030947703555,2.575036382574598,1910,1910.0,pixel_count,13341.490579114965,13341.490579114965,0.0,6.985073601630872,6.985073601630872,0.0,13341.490579114965,13341.490579114965,0.0,6.985073601630872,,0,,,,False,6.985073601630872,0.0,56.52605438232422,59.803436279296875,58.21977768604551,7.088562129595774
PbI2,4.0,4.0,detector_qspace_per_pixel,detector_qr_band_per_qz_bin_fast,False,3,2.73777137567738,2.73777137567738,0,0,saved_q_group_rows_no_fit_points,-,-,0.13,89,2.5871030947703555,2.61123651916187,2.5991698069661124,1946,1946.0,pixel_count,16945.50720003353,16945.50720003353,0.0,8.707865981517745,8.707865981517745,0.0,16945.50720003353,16945.50720003353,0.0,8.707865981517745,,0,,,,False,8.707865981517745,0.0,56.79884338378906,60.09211349487305,58.511388005815576,8.458886648881366
PbI2,4.0,4.0,detector_qspace_per_pixel,detector_qr_band_per_qz_bin_fast,False,3,2.73777137567738,2.73777137567738,0,0,saved_q_group_rows_no_fit_points,-,-,0.13,90,2.61123651916187,2.635369943553384,2.623303231357627,2020,2020.0,pixel_count,19960.656793933766,19960.656793933766,0.0,9.881513264323646,9.881513264323646,0.0,19960.656793933766,19960.656793933766,0.0,9.881513264323646,,0,,,,False,9.881513264323646,0.0,57.1007080078125,60.376922607421875,58.79326185604967,9.404699442275156
PbI2,4.0,4.0,detector_qspace_per_pixel,detector_qr_band_per_qz_bin_fast,False,3,2.73777137567738,2.73777137567738,0,0,saved_q_group_rows_no_fit_points,-,-,0.13,91,2.635369943553384,2.659503367944899,2.6474366557491416,2075,2075.0,pixel_count,20816.545415654597,20816.545415654597,0.0,10.03207007983354,10.03207007983354,0.0,20816.545415654597,20816.545415654597,0.0,10.03207007983354,,0,,,,False,10.03207007983354,0.0,57.398826599121094,60.6713752746582,59.08611284366534,9.518032871308645
PbI2,4.0,4.0,detector_qspace_per_pixel,detector_qr_band_per_qz_bin_fast,False,3,2.73777137567738,2.73777137567738,0,0,saved_q_group_rows_no_fit_points,-,-,0.13,92,2.659503367944899,2.6836367923364137,2.6715700801406563,2136,2136.0,pixel_count,19514.37242301117,19514.37242301117,0.0,9.13594214560448,9.13594214560448,0.0,19514.37242301117,19514.37242301117,0.0,9.13594214560448,,0,,,,False,9.13594214560448,0.0,57.67914581298828,60.9483642578125,59.37909261363577,8.714723914329067
PbI2,4.0,4.0,detector_qspace_per_pixel,detector_qr_band_per_qz_bin_fast,False,3,2.73777137567738,2.73777137567738,0,0,saved_q_group_rows_no_fit_points,-,-,0.13,93,2.6836367923364137,2.707770216727928,2.6957035045321707,2206,2206.0,pixel_count,15756.502432454989,15756.502432454989,0.0,7.1425668324818625,7.1425668324818625,0.0,15756.502432454989,15756.502432454989,0.0,7.1425668324818625,,0,,,,False,7.1425668324818625,0.0,57.98664855957031,61.247894287109375,59.67080579789481,7.391899211355433
PbI2,4.0,4.0,detector_qspace_per_pixel,detector_qr_band_per_qz_bin_fast,False,3,2.73777137567738,2.73777137567738,0,0,saved_q_group_rows_no_fit_points,-,-,0.13,94,2.707770216727928,2.731903641119443,2.7198369289236854,2276,2276.0,pixel_count,13293.725973789939,13293.725973789939,0.0,5.840828635232838,5.840828635232838,0.0,13293.725973789939,13293.725973789939,0.0,5.840828635232838,,0,,,,False,5.840828635232838,0.0,58.27669143676758,61.5300178527832,59.969239245828355,6.307332502312979
PbI2,4.0,4.0,detector_qspace_per_pixel,detector_qr_band_per_qz_bin_fast,False,3,2.73777137567738,2.73777137567738,0,0,saved_q_group_rows_no_fit_points,-,-,0.13,95,2.731903641119443,2.756037065510957,2.7439703533152002,2351,2351.0,pixel_count,13289.611351567533,13289.611351567533,0.0,5.652748341798185,5.652748341798185,0.0,13289.611351567533,13289.611351567533,0.0,5.652748341798185,,0,,,,False,5.652748341798185,0.0,58.5925178527832,61.844947814941406,60.26479059343619,5.851281933672923
PbI2,4.0,4.0,detector_qspace_per_pixel,detector_qr_band_per_qz_bin_fast,False,3,2.73777137567738,2.73777137567738,0,0,saved_q_group_rows_no_fit_points,-,-,0.13,96,2.756037065510957,2.7801704899024715,2.768103777706714,2424,2424.0,pixel_count,14158.491137086503,14158.491137086503,0.0,5.840961690217204,5.840961690217204,0.0,14158.491137086503,14158.491137086503,0.0,5.840961690217204,,0,,,,False,5.840961690217204,0.0,58.90389633178711,62.131065368652344,60.56369394955233,5.801621753586646
PbI2,4.0,4.0,detector_qspace_per_pixel,detector_qr_band_per_qz_bin_fast,False,3,2.73777137567738,2.73777137567738,0,0,saved_q_group_rows_no_fit_points,+,+,0.13,1,0.46336174831707855,0.48749517270859305,0.4754284605128358,505,505.0,pixel_count,-7155.566821880394,-7155.566821880394,0.0,-14.169439251248305,-14.169439251248305,0.0,-7155.566821880394,-7155.566821880394,0.0,-14.169439251248305,,0,,,,False,-14.169439251248305,0.0,37.674076080322266,41.564449310302734,39.66890605608352,-14.2062616813059
PbI2,4.0,4.0,detector_qspace_per_pixel,detector_qr_band_per_qz_bin_fast,False,3,2.73777137567738,2.73777137567738,0,0,saved_q_group_rows_no_fit_points,+,+,0.13,2,0.48749517270859305,0.5116285971001077,0.4995618849043504,504,504.0,pixel_count,-7206.765476345224,-7206.765476345224,0.0,-14.299137849891316,-14.299137849891316,0.0,-7206.765476345224,-7206.765476345224,0.0,-14.299137849891316,,0,,,,False,-14.299137849891316,0.0,37.76459503173828,41.6080322265625,39.755476926912685,-14.22616232579775
PbI2,4.0,4.0,detector_qspace_per_pixel,detector_qr_band_per_qz_bin_fast,False,3,2.73777137567738,2.73777137567738,0,0,saved_q_group_rows_no_fit_points,+,+,0.13,3,0.5116285971001077,0.5357620214916221,0.5236953092958649,511,511.0,pixel_count,-7313.084619395447,-7313.084619395447,0.0,-14.311320194511637,-14.311320194511637,0.0,-7313.084619395447,-7313.084619395447,0.0,-14.311320194511637,,0,,,,False,-14.311320194511637,0.0,37.866004943847656,41.69569396972656,39.83138330347897,-14.095687490921256
PbI2,4.0,4.0,detector_qspace_per_pixel,detector_qr_band_per_qz_bin_fast,False,3,2.73777137567738,2.73777137567738,0,0,saved_q_group_rows_no_fit_points,+,+,0.13,4,0.5357620214916221,0.5598954458831366,0.5478287336873793,517,517.0,pixel_count,-7078.523008558776,-7078.523008558776,0.0,-13.691533865684287,-13.691533865684287,0.0,-7078.523008558776,-7078.523008558776,0.0,-13.691533865684287,,0,,,,False,-13.691533865684287,0.0,37.96976852416992,41.83498764038086,39.937981117686626,-13.775433590511614
PbI2,4.0,4.0,detector_qspace_per_pixel,detector_qr_band_per_qz_bin_fast,False,3,2.73777137567738,2.73777137567738,0,0,saved_q_group_rows_no_fit_points,+,+,0.13,5,0.5598954458831366,0.5840288702746511,0.5719621580788938,517,517.0,pixel_count,-6926.817344903486,-6926.817344903486,0.0,-13.398099313159546,-13.398099313159546,0.0,-6926.817344903486,-6926.817344903486,0.0,-13.398099313159546,,0,,,,False,-13.398099313159546,0.0,38.02957534790039,41.88497543334961,40.027606648899685,-13.44336510254989
PbI2,4.0,4.0,detector_qspace_per_pixel,detector_qr_band_per_qz_bin_fast,False,3,2.73777137567738,2.73777137567738,0,0,saved_q_group_rows_no_fit_points,+,+,0.13,6,0.5840288702746511,0.6081622946661657,0.5960955824704084,521,521.0,pixel_count,-6878.725187147027,-6878.725187147027,0.0,-13.202927422547077,-13.202927422547077,0.0,-6878.725187147027,-6878.725187147027,0.0,-13.202927422547077,,0,,,,False,-13.202927422547077,0.0,38.13813400268555,41.978370666503906,40.118734647633275,-13.149521791250294
PbI2,4.0,4.0,detector_qspace_per_pixel,detector_qr_band_per_qz_bin_fast,False,3,2.73777137567738,2.73777137567738,0,0,saved_q_group_rows_no_fit_points,+,+,0.13,7,0.6081622946661657,0.6322957190576802,0.620229006861923,523,523.0,pixel_count,-6749.486192165362,-6749.486192165362,0.0,-12.905327327276026,-12.905327327276026,0.0,-6749.486192165362,-6749.486192165362,0.0,-12.905327327276026,,0,,,,False,-12.905327327276026,0.0,38.2489013671875,42.073486328125,40.215310450279254,-12.742242294015146
PbI2,4.0,4.0,detector_qspace_per_pixel,detector_qr_band_per_qz_bin_fast,False,3,2.73777137567738,2.73777137567738,0,0,saved_q_group_rows_no_fit_points,+,+,0.13,8,0.6322957190576802,0.6564291434491947,0.6443624312534375,527,527.0,pixel_count,-6465.253393252118,-6465.253393252118,0.0,-12.26803300427347,-12.26803300427347,0.0,-6465.253393252118,-6465.253393252118,0.0,-12.26803300427347,,0,,,,False,-12.26803300427347,0.0,38.36182403564453,42.22060775756836,40.32931361336556,-12.023160716507466
PbI2,4.0,4.0,detector_qspace_per_pixel,detector_qr_band_per_qz_bin_fast,False,3,2.73777137567738,2.73777137567738,0,0,saved_q_group_rows_no_fit_points,+,+,0.13,9,0.6564291434491947,0.6805625678407091,0.6684958556449518,532,532.0,pixel_count,-5936.475468827865,-5936.475468827865,0.0,-11.158788475240348,-11.158788475240348,0.0,-5936.475468827865,-5936.475468827865,0.0,-11.158788475240348,,0,,,,False,-11.158788475240348,0.0,38.47685241699219,42.31916046142578,40.44180790355557,-10.808074471605485
PbI2,4.0,4.0,detector_qspace_per_pixel,detector_qr_band_per_qz_bin_fast,False,3,2.73777137567738,2.73777137567738,0,0,saved_q_group_rows_no_fit_points,+,+,0.13,10,0.6805625678407091,0.7046959922322237,0.6926292800364664,532,532.0,pixel_count,-4937.195545144965,-4937.195545144965,0.0,-9.280442754031888,-9.280442754031888,0.0,-4937.195545144965,-4937.195545144965,0.0,-9.280442754031888,,0,,,,False,-9.280442754031888,0.0,38.581787109375,42.419315338134766,40.53863383236539,-8.938204572302668
PbI2,4.0,4.0,detector_qspace_per_pixel,detector_qr_band_per_qz_bin_fast,False,3,2.73777137567738,2.73777137567738,0,0,saved_q_group_rows_no_fit_points,+,+,0.13,11,0.7046959922322237,0.7288294166237382,0.716762704427981,539,539.0,pixel_count,-3717.9592915764943,-3717.9592915764943,0.0,-6.897883657841362,-6.897883657841362,0.0,-3717.9592915764943,-3717.9592915764943,0.0,-6.897883657841362,,0,,,,False,-6.897883657841362,0.0,38.71299743652344,42.53144836425781,40.66122611954446,-6.162125382199127
PbI2,4.0,4.0,detector_qspace_per_pixel,detector_qr_band_per_qz_bin_fast,False,3,2.73777137567738,2.73777137567738,0,0,saved_q_group_rows_no_fit_points,+,+,0.13,12,0.7288294166237382,0.7529628410152527,0.7408961288194955,541,541.0,pixel_count,-1602.173441401912,-1602.173441401912,0.0,-2.9615035885432754,-2.9615035885432754,0.0,-1602.173441401912,-1602.173441401912,0.0,-2.9615035885432754,,0,,,,False,-2.9615035885432754,0.0,38.776554107666016,42.634986877441406,40.77516165280461,-2.021406327500465
PbI2,4.0,4.0,detector_qspace_per_pixel,detector_qr_band_per_qz_bin_fast,False,3,2.73777137567738,2.73777137567738,0,0,saved_q_group_rows_no_fit_points,+,+,0.13,13,0.7529628410152527,0.7770962654067672,0.76502955321101,543,543.0,pixel_count,1608.472242101612,1608.472242101612,0.0,2.9621956576456943,2.9621956576456943,0.0,1608.472242101612,1608.472242101612,0.0,2.9621956576456943,,0,,,,False,2.9621956576456943,0.0,38.9569206237793,42.751041412353516,40.89235498481433,3.6424972956716006
PbI2,4.0,4.0,detector_qspace_per_pixel,detector_qr_band_per_qz_bin_fast,False,3,2.73777137567738,2.73777137567738,0,0,saved_q_group_rows_no_fit_points,+,+,0.13,14,0.7770962654067672,0.8012296897982817,0.7891629776025244,547,547.0,pixel_count,5967.014757957324,5967.014757957324,0.0,10.90861930156732,10.90861930156732,0.0,5967.014757957324,5967.014757957324,0.0,10.90861930156732,,0,,,,False,10.90861930156732,0.0,39.03767013549805,42.857784271240234,41.01940123126609,9.54737961587387
PbI2,4.0,4.0,detector_qspace_per_pixel,detector_qr_band_per_qz_bin_fast,False,3,2.73777137567738,2.73777137567738,0,0,saved_q_group_rows_no_fit_points,+,+,0.13,15,0.8012296897982817,0.8253631141897962,0.813296401994039,553,553.0,pixel_count,9242.896711713222,9242.896711713222,0.0,16.714098936190275,16.714098936190275,0.0,9242.896711713222,9242.896711713222,0.0,16.714098936190275,,0,,,,False,16.714098936190275,0.0,39.16448211669922,43.0167350769043,41.141481649025636,12.401607634717179
PbI2,4.0,4.0,detector_qspace_per_pixel,detector_qr_band_per_qz_bin_fast,False,3,2.73777137567738,2.73777137567738,0,0,saved_q_group_rows_no_fit_points,+,+,0.13,16,0.8253631141897962,0.8494965385813108,0.8374298263855535,557,557.0,pixel_count,6262.475155054436,6262.475155054436,0.0,11.24322289955913,11.24322289955913,0.0,6262.475155054436,6262.475155054436,0.0,11.24322289955913,,0,,,,False,11.24322289955913,0.0,39.29302978515625,43.12628173828125,41.27031788816443,10.088548205014549
PbI2,4.0,4.0,detector_qspace_per_pixel,detector_qr_band_per_qz_bin_fast,False,3,2.73777137567738,2.73777137567738,0,0,saved_q_group_rows_no_fit_points,+,+,0.13,17,0.8494965385813108,0.8736299629728252,0.8615632507770681,560,560.0,pixel_count,2425.6635216790446,2425.6635216790446,0.0,4.331542002998294,4.331542002998294,0.0,2425.6635216790446,2425.6635216790446,0.0,4.331542002998294,,0,,,,False,4.331542002998294,0.0,39.42326354980469,43.24931335449219,41.39775653857688,4.79185876184034
PbI2,4.0,4.0,detector_qspace_per_pixel,detector_qr_band_per_qz_bin_fast,False,3,2.73777137567738,2.73777137567738,0,0,saved_q_group_rows_no_fit_points,+,+,0.13,18,0.8736299629728252,0.8977633873643397,0.8856966751685824,565,565.0,pixel_count,-709.0278394137956,-709.0278394137956,0.0,-1.2549165299359215,-1.2549165299359215,0.0,-709.0278394137956,-709.0278394137956,0.0,-1.2549165299359215,,0,,,,False,-1.2549165299359215,0.0,39.55512619018555,43.36171340942383,41.527379341238,-0.4094282674890515
PbI2,4.0,4.0,detector_qspace_per_pixel,detector_qr_band_per_qz_bin_fast,False,3,2.73777137567738,2.73777137567738,0,0,saved_q_group_rows_no_fit_points,+,+,0.13,19,0.8977633873643397,0.9218968117558544,0.909830099560097,569,569.0,pixel_count,-2864.0946443337366,-2864.0946443337366,0.0,-5.0335582501471645,-5.0335582501471645,0.0,-2864.0946443337366,-2864.0946443337366,0.0,-5.0335582501471645,,0,,,,False,-5.0335582501471645,0.0,39.74638748168945,43.52618408203125,41.680051281806556,-4.25625388778767
PbI2,4.0,4.0,detector_qspace_per_pixel,detector_qr_band_per_qz_bin_fast,False,3,2.73777137567738,2.73777137567738,0,0,saved_q_group_rows_no_fit_points,+,+,0.13,20,0.9218968117558544,0.9460302361473689,0.9339635239516116,576,576.0,pixel_count,-4064.0984421201583,-4064.0984421201583,0.0,-7.055726462014164,-7.055726462014164,0.0,-4064.0984421201583,-4064.0984421201583,0.0,-7.055726462014164,,0,,,,False,-7.055726462014164,0.0,39.88136291503906,43.65398025512695,41.812683095347225,-6.804548085828485
PbI2,4.0,4.0,detector_qspace_per_pixel,detector_qr_band_per_qz_bin_fast,False,3,2.73777137567738,2.73777137567738,0,0,saved_q_group_rows_no_fit_points,+,+,0.13,21,0.9460302361473689,0.9701636605388833,0.9580969483431261,574,574.0,pixel_count,-5078.374436067502,-5078.374436067502,0.0,-8.847342223114115,-8.847342223114115,0.0,-5078.374436067502,-5078.374436067502,0.0,-8.847342223114115,,0,,,,False,-8.847342223114115,0.0,40.017799377441406,43.82097244262695,41.9536529241476,-8.52088337978557
PbI2,4.0,4.0,detector_qspace_per_pixel,detector_qr_band_per_qz_bin_fast,False,3,2.73777137567738,2.73777137567738,0,0,saved_q_group_rows_no_fit_points,+,+,0.13,22,0.9701636605388833,0.9942970849303978,0.9822303727346405,583,583.0,pixel_count,-5800.634761935366,-5800.634761935366,0.0,-9.949630809494625,-9.949630809494625,0.0,-5800.634761935366,-5800.634761935366,0.0,-9.949630809494625,,0,,,,False,-9.949630809494625,0.0,40.17184066772461,43.93830490112305,42.101628505703054,-9.603457126172222
PbI2,4.0,4.0,detector_qspace_per_pixel,detector_qr_band_per_qz_bin_fast,False,3,2.73777137567738,2.73777137567738,0,0,saved_q_group_rows_no_fit_points,+,+,0.13,23,0.9942970849303978,1.0184305093219124,1.0063637971261552,590,590.0,pixel_count,-6027.077857038478,-6027.077857038478,0.0,-10.215386198370302,-10.215386198370302,0.0,-6027.077857038478,-6027.077857038478,0.0,-10.215386198370302,,0,,,,False,-10.215386198370302,0.0,40.31132888793945,44.07038879394531,42.24298082832449,-10.163796984698315
PbI2,4.0,4.0,detector_qspace_per_pixel,detector_qr_band_per_qz_bin_fast,False,3,2.73777137567738,2.73777137567738,0,0,saved_q_group_rows_no_fit_points,+,+,0.13,24,1.0184305093219124,1.0425639337134267,1.0304972215176695,592,592.0,pixel_count,-6249.076013884095,-6249.076013884095,0.0,-10.555871645074484,-10.555871645074484,0.0,-6249.076013884095,-6249.076013884095,0.0,-10.555871645074484,,0,,,,False,-10.555871645074484,0.0,40.468902587890625,44.24065017700195,42.40808302158936,-10.423549464483234
PbI2,4.0,4.0,detector_qspace_per_pixel,detector_qr_band_per_qz_bin_fast,False,3,2.73777137567738,2.73777137567738,0,0,saved_q_group_rows_no_fit_points,+,+,0.13,25,1.0425639337134267,1.0666973581049413,1.0546306459091839,599,599.0,pixel_count,-6316.738276991739,-6316.738276991739,0.0,-10.545472916513756,-10.545472916513756,0.0,-6316.738276991739,-6316.738276991739,0.0,-10.545472916513756,,0,,,,False,-10.545472916513756,0.0,40.611209869384766,44.37540054321289,42.55400613830816,-10.49132701388412
PbI2,4.0,4.0,detector_qspace_per_pixel,detector_qr_band_per_qz_bin_fast,False,3,2.73777137567738,2.73777137567738,0,0,saved_q_group_rows_no_fit_points,+,+,0.13,26,1.0666973581049413,1.090830782496456,1.0787640703006987,605,605.0,pixel_count,-6323.66874501588,-6323.66874501588,0.0,-10.452345033084098,-10.452345033084098,0.0,-6323.66874501588,-6323.66874501588,0.0,-10.452345033084098,,0,,,,False,-10.452345033084098,0.0,40.81226348876953,44.547603607177734,42.715823203573656,-10.43164122733952
PbI2,4.0,4.0,detector_qspace_per_pixel,detector_qr_band_per_qz_bin_fast,False,3,2.73777137567738,2.73777137567738,0,0,saved_q_group_rows_no_fit_points,+,+,0.13,27,1.090830782496456,1.1149642068879704,1.1028974946922132,611,611.0,pixel_count,-6311.096361953985,-6311.096361953985,0.0,-10.329126615309304,-10.329126615309304,0.0,-6311.096361953985,-6311.096361953985,0.0,-10.329126615309304,,0,,,,False,-10.329126615309304,0.0,40.956851959228516,44.684791564941406,42.87397330893566,-10.306761980095063
PbI2,4.0,4.0,detector_qspace_per_pixel,detector_qr_band_per_qz_bin_fast,False,3,2.73777137567738,2.73777137567738,0,0,saved_q_group_rows_no_fit_points,+,+,0.13,28,1.1149642068879704,1.139097631279485,1.1270309190837278,618,618.0,pixel_count,-6284.3760271350975,-6284.3760271350975,0.0,-10.16889324779142,-10.16889324779142,0.0,-6284.3760271350975,-6284.3760271350975,0.0,-10.16889324779142,,0,,,,False,-10.16889324779142,0.0,41.12033462524414,44.85871505737305,43.03608262646196,-10.13757481199183
PbI2,4.0,4.0,detector_qspace_per_pixel,detector_qr_band_per_qz_bin_fast,False,3,2.73777137567738,2.73777137567738,0,0,saved_q_group_rows_no_fit_points,+,+,0.13,29,1.139097631279485,1.1632310556709995,1.151164343475242,621,621.0,pixel_count,-6138.666143834868,-6138.666143834868,0.0,-9.885130666400753,-9.885130666400753,0.0,-6138.666143834868,-6138.666143834868,0.0,-9.885130666400753,,0,,,,False,-9.885130666400753,0.0,41.28535842895508,45.04821014404297,43.2013738729483,-9.960697316900271
PbI2,4.0,4.0,detector_qspace_per_pixel,detector_qr_band_per_qz_bin_fast,False,3,2.73777137567738,2.73777137567738,0,0,saved_q_group_rows_no_fit_points,+,+,0.13,30,1.1632310556709995,1.1873644800625138,1.1752977678667567,625,625.0,pixel_count,-6172.5132205241,-6172.5132205241,0.0,-9.87602115283856,-9.87602115283856,0.0,-6172.5132205241,-6172.5132205241,0.0,-9.87602115283856,,0,,,,False,-9.87602115283856,0.0,41.43352127075195,45.18871307373047,43.37175273800614,-9.805628736479854
PbI2,4.0,4.0,detector_qspace_per_pixel,detector_qr_band_per_qz_bin_fast,False,3,2.73777137567738,2.73777137567738,0,0,saved_q_group_rows_no_fit_points,+,+,0.13,31,1.1873644800625138,1.2114979044540284,1.1994311922582712,635,635.0,pixel_count,-6091.190467373095,-6091.190467373095,0.0,-9.592425932871016,-9.592425932871016,0.0,-6091.190467373095,-6091.190467373095,0.0,-9.592425932871016,,0,,,,False,-9.592425932871016,0.0,41.63962173461914,45.36479949951172,43.54434729464389,-9.639072734924607
PbI2,4.0,4.0,detector_qspace_per_pixel,detector_qr_band_per_qz_bin_fast,False,3,2.73777137567738,2.73777137567738,0,0,saved_q_group_rows_no_fit_points,+,+,0.13,32,1.2114979044540284,1.235631328845543,1.2235646166497856,640,640.0,pixel_count,-6100.673435098815,-6100.673435098815,0.0,-9.532302242341899,-9.532302242341899,0.0,-6100.673435098815,-6100.673435098815,0.0,-9.532302242341899,,0,,,,False,-9.532302242341899,0.0,41.808223724365234,45.50719451904297,43.712589424461456,-9.452213007355919
PbI2,4.0,4.0,detector_qspace_per_pixel,detector_qr_band_per_qz_bin_fast,False,3,2.73777137567738,2.73777137567738,0,0,saved_q_group_rows_no_fit_points,+,+,0.13,33,1.235631328845543,1.2597647532370573,1.2476980410413,650,650.0,pixel_count,-5947.244942434672,-5947.244942434672,0.0,-9.14960760374565,-9.14960760374565,0.0,-5947.244942434672,-5947.244942434672,0.0,-9.14960760374565,,0,,,,False,-9.14960760374565,0.0,41.978092193603516,45.70015335083008,43.89786114863561,-9.26462937369491
PbI2,4.0,4.0,detector_qspace_per_pixel,detector_qr_band_per_qz_bin_fast,False,3,2.73777137567738,2.73777137567738,0,0,saved_q_group_rows_no_fit_points,+,+,0.13,34,1.2597647532370573,1.283898177628572,1.2718314654328147,655,655.0,pixel_count,-6002.360287874,-6002.360287874,0.0,-9.163908836448856,-9.163908836448856,0.0,-6002.360287874,-6002.360287874,0.0,-9.163908836448856,,0,,,,False,-9.163908836448856,0.0,42.186492919921875,45.87789535522461,44.0638262411695,-9.128466092872834
PbI2,4.0,4.0,detector_qspace_per_pixel,detector_qr_band_per_qz_bin_fast,False,3,2.73777137567738,2.73777137567738,0,0,saved_q_group_rows_no_fit_points,+,+,0.13,35,1.283898177628572,1.3080316020200866,1.2959648898243294,658,658.0,pixel_count,-5936.120677904325,-5936.120677904325,0.0,-9.021459996815084,-9.021459996815084,0.0,-5936.120677904325,-5936.120677904325,0.0,-9.021459996815084,,0,,,,False,-9.021459996815084,0.0,42.35831832885742,46.038818359375,44.253804222338296,-8.992080606756739
PbI2,4.0,4.0,detector_qspace_per_pixel,detector_qr_band_per_qz_bin_fast,False,3,2.73777137567738,2.73777137567738,0,0,saved_q_group_rows_no_fit_points,+,+,0.13,36,1.3080316020200866,1.332165026411601,1.3200983142158438,672,672.0,pixel_count,-5958.951905124022,-5958.951905124022,0.0,-8.867487954053605,-8.867487954053605,0.0,-5958.951905124022,-5958.951905124022,0.0,-8.867487954053605,,0,,,,False,-8.867487954053605,0.0,42.53120803833008,46.21755599975586,44.43252472932194,-8.774339077904127
PbI2,4.0,4.0,detector_qspace_per_pixel,detector_qr_band_per_qz_bin_fast,False,3,2.73777137567738,2.73777137567738,0,0,saved_q_group_rows_no_fit_points,+,+,0.13,37,1.332165026411601,1.3562984508031155,1.3442317386073581,675,675.0,pixel_count,-5687.722794596477,-5687.722794596477,0.0,-8.42625599199478,-8.42625599199478,0.0,-5687.722794596477,-5687.722794596477,0.0,-8.42625599199478,,0,,,,False,-8.42625599199478,0.0,42.741310119628906,46.41279220581055,44.62433384067805,-8.45996034779617
PbI2,4.0,4.0,detector_qspace_per_pixel,detector_qr_band_per_qz_bin_fast,False,3,2.73777137567738,2.73777137567738,0,0,saved_q_group_rows_no_fit_points,+,+,0.13,38,1.3562984508031155,1.38043187519463,1.368365162998873,687,687.0,pixel_count,-5654.781907992807,-5654.781907992807,0.0,-8.231123592420388,-8.231123592420388,0.0,-5654.781907992807,-5654.781907992807,0.0,-8.231123592420388,,0,,,,False,-8.231123592420388,0.0,42.915767669677734,46.60842514038086,44.81116654375426,-8.030849067784713
PbI2,4.0,4.0,detector_qspace_per_pixel,detector_qr_band_per_qz_bin_fast,False,3,2.73777137567738,2.73777137567738,0,0,saved_q_group_rows_no_fit_points,+,+,0.13,39,1.38043187519463,1.4045652995861444,1.3924985873903872,692,692.0,pixel_count,-5146.991036868348,-5146.991036868348,0.0,-7.437848319173913,-7.437848319173913,0.0,-5146.991036868348,-5146.991036868348,0.0,-7.437848319173913,,0,,,,False,-7.437848319173913,0.0,43.12656021118164,46.80439376831055,45.005617524405544,-7.414500699594472
PbI2,4.0,4.0,detector_qspace_per_pixel,detector_qr_band_per_qz_bin_fast,False,3,2.73777137567738,2.73777137567738,0,0,saved_q_group_rows_no_fit_points,+,+,0.13,40,1.4045652995861444,1.428698723977659,1.4166320117819016,702,702.0,pixel_count,-4706.05965291902,-4706.05965291902,0.0,-6.703788679371823,-6.703788679371823,0.0,-4706.05965291902,-4706.05965291902,0.0,-6.703788679371823,,0,,,,False,-6.703788679371823,0.0,43.322513580322266,47.000633239746094,45.197915851563,-6.665448317832347
PbI2,4.0,4.0,detector_qspace_per_pixel,detector_qr_band_per_qz_bin_fast,False,3,2.73777137567738,2.73777137567738,0,0,saved_q_group_rows_no_fit_points,+,+,0.13,41,1.428698723977659,1.4528321483691735,1.4407654361734163,713,713.0,pixel_count,-4156.85201500749,-4156.85201500749,0.0,-5.8300869775701125,-5.8300869775701125,0.0,-4156.85201500749,-4156.85201500749,0.0,-5.8300869775701125,,0,,,,False,-5.8300869775701125,0.0,43.533870697021484,47.197086334228516,45.39769140530862,-5.917765629481165
PbI2,4.0,4.0,detector_qspace_per_pixel,detector_qr_band_per_qz_bin_fast,False,3,2.73777137567738,2.73777137567738,0,0,saved_q_group_rows_no_fit_points,+,+,0.13,42,1.4528321483691735,1.4769655727606879,1.4648988605649307,715,715.0,pixel_count,-3625.563649079482,-3625.563649079482,0.0,-5.070718390320954,-5.070718390320954,0.0,-3625.563649079482,-3625.563649079482,0.0,-5.070718390320954,,0,,,,False,-5.070718390320954,0.0,43.731346130371094,47.363033294677734,45.59643169521746,-5.3604325540043725
PbI2,4.0,4.0,detector_qspace_per_pixel,detector_qr_band_per_qz_bin_fast,False,3,2.73777137567738,2.73777137567738,0,0,saved_q_group_rows_no_fit_points,+,+,0.13,43,1.4769655727606879,1.5010989971522026,1.4890322849564452,727,727.0,pixel_count,-3812.3143616538705,-3812.3143616538705,0.0,-5.243898709290056,-5.243898709290056,0.0,-3812.3143616538705,-3812.3143616538705,0.0,-5.243898709290056,,0,,,,False,-5.243898709290056,0.0,43.94301223754883,47.560089111328125,45.792189313561295,-4.998000327918668
PbI2,4.0,4.0,detector_qspace_per_pixel,detector_qr_band_per_qz_bin_fast,False,3,2.73777137567738,2.73777137567738,0,0,saved_q_group_rows_no_fit_points,+,+,0.13,44,1.5010989971522026,1.5252324215437172,1.5131657093479598,737,737.0,pixel_count,-3313.531632653204,-3313.531632653204,0.0,-4.495972364522665,-4.495972364522665,0.0,-3313.531632653204,-3313.531632653204,0.0,-4.495972364522665,,0,,,,False,-4.495972364522665,0.0,44.141719818115234,47.75718688964844,46.003950724511604,-4.621497366729104
PbI2,4.0,4.0,detector_qspace_per_pixel,detector_qr_band_per_qz_bin_fast,False,3,2.73777137567738,2.73777137567738,0,0,saved_q_group_rows_no_fit_points,+,+,0.13,45,1.5252324215437172,1.5493658459352315,1.5372991337394744,748,748.0,pixel_count,-3139.8052733329405,-3139.8052733329405,0.0,-4.197600632798049,-4.197600632798049,0.0,-3139.8052733329405,-3139.8052733329405,0.0,-4.197600632798049,,0,,,,False,-4.197600632798049,0.0,44.35345458984375,47.95426940917969,46.21267749804109,-4.301881083781456
PbI2,4.0,4.0,detector_qspace_per_pixel,detector_qr_band_per_qz_bin_fast,False,3,2.73777137567738,2.73777137567738,0,0,saved_q_group_rows_no_fit_points,+,+,0.13,46,1.5493658459352315,1.573499270326746,1.561432558130989,756,756.0,pixel_count,-3153.4580117020914,-3153.4580117020914,0.0,-4.171240756219698,-4.171240756219698,0.0,-3153.4580117020914,-3153.4580117020914,0.0,-4.171240756219698,,0,,,,False,-4.171240756219698,0.0,44.553123474121094,48.168601989746094,46.416777524673854,-4.072886477738287
PbI2,4.0,4.0,detector_qspace_per_pixel,detector_qr_band_per_qz_bin_fast,False,3,2.73777137567738,2.73777137567738,0,0,saved_q_group_rows_no_fit_points,+,+,0.13,47,1.573499270326746,1.5976326947182606,1.5855659825225032,768,768.0,pixel_count,-2966.8248326255994,-2966.8248326255994,0.0,-3.863053167481249,-3.863053167481249,0.0,-2966.8248326255994,-2966.8248326255994,0.0,-3.863053167481249,,0,,,,False,-3.863053167481249,0.0,44.78569412231445,48.365577697753906,46.62566123131638,-3.753959189816057
PbI2,4.0,4.0,detector_qspace_per_pixel,detector_qr_band_per_qz_bin_fast,False,3,2.73777137567738,2.73777137567738,0,0,saved_q_group_rows_no_fit_points,+,+,0.13,48,1.5976326947182606,1.621766119109775,1.6096994069140178,777,777.0,pixel_count,-2587.587867434954,-2587.587867434954,0.0,-3.3302289156177016,-3.3302289156177016,0.0,-2587.587867434954,-2587.587867434954,0.0,-3.3302289156177016,,0,,,,False,-3.3302289156177016,0.0,45.01802444458008,48.60834503173828,46.842913265000384,-3.252593383724486
PbI2,4.0,4.0,detector_qspace_per_pixel,detector_qr_band_per_qz_bin_fast,False,3,2.73777137567738,2.73777137567738,0,0,saved_q_group_rows_no_fit_points,+,+,0.13,49,1.621766119109775,1.6458995435012895,1.6338328313055324,791,791.0,pixel_count,-2074.312370920113,-2074.312370920113,0.0,-2.6223923779015337,-2.6223923779015337,0.0,-2074.312370920113,-2074.312370920113,0.0,-2.6223923779015337,,0,,,,False,-2.6223923779015337,0.0,45.21861267089844,48.804656982421875,47.06295002881699,-2.607756839238462
PbI2,4.0,4.0,detector_qspace_per_pixel,detector_qr_band_per_qz_bin_fast,False,3,2.73777137567738,2.73777137567738,0,0,saved_q_group_rows_no_fit_points,+,+,0.13,50,1.6458995435012895,1.670032967892804,1.6579662556970467,798,798.0,pixel_count,-1567.0399762895531,-1567.0399762895531,0.0,-1.963709243470618,-1.963709243470618,0.0,-1567.0399762895531,-1567.0399762895531,0.0,-1.963709243470618,,0,,,,False,-1.963709243470618,0.0,45.450679779052734,49.01824951171875,47.27413947886883,-1.8621464045246636
PbI2,4.0,4.0,detector_qspace_per_pixel,detector_qr_band_per_qz_bin_fast,False,3,2.73777137567738,2.73777137567738,0,0,saved_q_group_rows_no_fit_points,+,+,0.13,51,1.670032967892804,1.6941663922843184,1.6820996800885613,818,818.0,pixel_count,-785.8762209337377,-785.8762209337377,0.0,-0.9607288764471121,-0.9607288764471121,0.0,-785.8762209337377,-785.8762209337377,0.0,-0.9607288764471121,,0,,,,False,-0.9607288764471121,0.0,45.68231964111328,49.23163986206055,47.502955808678784,-1.0912915794955835
PbI2,4.0,4.0,detector_qspace_per_pixel,detector_qr_band_per_qz_bin_fast,False,3,2.73777137567738,2.73777137567738,0,0,saved_q_group_rows_no_fit_points,+,+,0.13,52,1.6941663922843184,1.7182998166758332,1.7062331044800758,821,821.0,pixel_count,-196.942866887473,-196.942866887473,0.0,-0.23988168926610598,-0.23988168926610598,0.0,-196.942866887473,-196.942866887473,0.0,-0.23988168926610598,,0,,,,False,-0.23988168926610598,0.0,45.883243560791016,49.444766998291016,47.72499458592304,-0.5557659167839364
PbI2,4.0,4.0,detector_qspace_per_pixel,detector_qr_band_per_qz_bin_fast,False,3,2.73777137567738,2.73777137567738,0,0,saved_q_group_rows_no_fit_points,+,+,0.13,53,1.7182998166758332,1.7424332410673478,1.7303665288715906,838,838.0,pixel_count,-225.25425521180628,-225.25425521180628,0.0,-0.26879982722172585,-0.26879982722172585,0.0,-225.25425521180628,-225.25425521180628,0.0,-0.26879982722172585,,0,,,,False,-0.26879982722172585,0.0,46.114261627197266,49.684242248535156,47.95006716366694,-0.4592998498816451
PbI2,4.0,4.0,detector_qspace_per_pixel,detector_qr_band_per_qz_bin_fast,False,3,2.73777137567738,2.73777137567738,0,0,saved_q_group_rows_no_fit_points,+,+,0.13,54,1.7424332410673478,1.766566665458862,1.754499953263105,852,852.0,pixel_count,-637.0025541987674,-637.0025541987674,0.0,-0.7476555800455016,-0.7476555800455016,0.0,-637.0025541987674,-637.0025541987674,0.0,-0.7476555800455016,,0,,,,False,-0.7476555800455016,0.0,46.3661003112793,49.89631271362305,48.173474381812724,-0.6437398135999219
PbI2,4.0,4.0,detector_qspace_per_pixel,detector_qr_band_per_qz_bin_fast,False,3,2.73777137567738,2.73777137567738,0,0,saved_q_group_rows_no_fit_points,+,+,0.13,55,1.766566665458862,1.7907000898503767,1.7786333776546193,865,865.0,pixel_count,-779.7660031249144,-779.7660031249144,0.0,-0.9014635874276467,-0.9014635874276467,0.0,-779.7660031249144,-779.7660031249144,0.0,-0.9014635874276467,,0,,,,False,-0.9014635874276467,0.0,46.59590530395508,50.12569046020508,48.408868102440685,-0.7836414315315217
PbI2,4.0,4.0,detector_qspace_per_pixel,detector_qr_band_per_qz_bin_fast,False,3,2.73777137567738,2.73777137567738,0,0,saved_q_group_rows_no_fit_points,+,+,0.13,56,1.7907000898503767,1.8148335142418912,1.802766802046134,878,878.0,pixel_count,-677.5272989311264,-677.5272989311264,0.0,-0.7716711832928547,-0.7716711832928547,0.0,-677.5272989311264,-677.5272989311264,0.0,-0.7716711832928547,,0,,,,False,-0.7716711832928547,0.0,46.817867279052734,50.36243438720703,48.63752835220607,-0.7768880069323386
PbI2,4.0,4.0,detector_qspace_per_pixel,detector_qr_band_per_qz_bin_fast,False,3,2.73777137567738,2.73777137567738,0,0,saved_q_group_rows_no_fit_points,+,+,0.13,57,1.8148335142418912,1.8389669386334055,1.8269002264376484,892,892.0,pixel_count,-616.1190736567454,-616.1190736567454,0.0,-0.6907164502878311,-0.6907164502878311,0.0,-616.1190736567454,-616.1190736567454,0.0,-0.6907164502878311,,0,,,,False,-0.6907164502878311,0.0,47.0681266784668,50.59049606323242,48.87289366214168,-0.7160064264238715
PbI2,4.0,4.0,detector_qspace_per_pixel,detector_qr_band_per_qz_bin_fast,False,3,2.73777137567738,2.73777137567738,0,0,saved_q_group_rows_no_fit_points,+,+,0.13,58,1.8389669386334055,1.8631003630249203,1.851033650829163,908,908.0,pixel_count,-681.9347414496095,-681.9347414496095,0.0,-0.7510294509356933,-0.7510294509356933,0.0,-681.9347414496095,-681.9347414496095,0.0,-0.7510294509356933,,0,,,,False,-0.7510294509356933,0.0,47.29609298706055,50.80025100708008,49.108315295824646,-0.6028408205457019
PbI2,4.0,4.0,detector_qspace_per_pixel,detector_qr_band_per_qz_bin_fast,False,3,2.73777137567738,2.73777137567738,0,0,saved_q_group_rows_no_fit_points,+,+,0.13,59,1.8631003630249203,1.8872337874164347,1.8751670752206775,923,923.0,pixel_count,-339.35948892314127,-339.35948892314127,0.0,-0.3676700855071953,-0.3676700855071953,0.0,-339.35948892314127,-339.35948892314127,0.0,-0.3676700855071953,,0,,,,False,-0.3676700855071953,0.0,47.544715881347656,51.05158996582031,49.349112804696965,-0.3732743755741833
PbI2,4.0,4.0,detector_qspace_per_pixel,detector_qr_band_per_qz_bin_fast,False,3,2.73777137567738,2.73777137567738,0,0,saved_q_group_rows_no_fit_points,+,+,0.13,60,1.8872337874164347,1.9113672118079492,1.8993004996121918,938,938.0,pixel_count,-29.28182014475258,-29.28182014475258,0.0,-0.031217292265194648,-0.031217292265194648,0.0,-29.28182014475258,-29.28182014475258,0.0,-0.031217292265194648,,0,,,,False,-0.031217292265194648,0.0,47.81392288208008,51.2774658203125,49.58779501878675,-0.1340524632638619
PbI2,4.0,4.0,detector_qspace_per_pixel,detector_qr_band_per_qz_bin_fast,False,3,2.73777137567738,2.73777137567738,0,0,saved_q_group_rows_no_fit_points,+,+,0.13,61,1.9113672118079492,1.935500636199464,1.9234339240037066,954,954.0,pixel_count,73.08512322388476,73.08512322388476,0.0,0.07660914384055006,0.07660914384055006,0.0,73.08512322388476,73.08512322388476,0.0,0.07660914384055006,,0,,,,False,0.07660914384055006,0.0,48.060672760009766,51.52632141113281,49.82983876228117,-0.03247066268849903
PbI2,4.0,4.0,detector_qspace_per_pixel,detector_qr_band_per_qz_bin_fast,False,3,2.73777137567738,2.73777137567738,0,0,saved_q_group_rows_no_fit_points,+,+,0.13,62,1.935500636199464,1.9596340605909783,1.9475673483952212,971,971.0,pixel_count,-135.32641597846012,-135.32641597846012,0.0,-0.13936809060603514,-0.13936809060603514,0.0,-135.32641597846012,-135.32641597846012,0.0,-0.13936809060603514,,0,,,,False,-0.13936809060603514,0.0,48.30641555786133,51.7503662109375,50.07508495482276,-0.023983694950134506
PbI2,4.0,4.0,detector_qspace_per_pixel,detector_qr_band_per_qz_bin_fast,False,3,2.73777137567738,2.73777137567738,0,0,saved_q_group_rows_no_fit_points,+,+,0.13,63,1.9596340605909783,1.9837674849824927,1.9717007727867355,992,992.0,pixel_count,8.661252071161297,8.661252071161297,0.0,0.008731100878186791,0.008731100878186791,0.0,8.661252071161297,8.661252071161297,0.0,0.008731100878186791,,0,,,,False,0.008731100878186791,0.0,48.525360107421875,52.01422119140625,50.324165376396046,0.05961214511656227
PbI2,4.0,4.0,detector_qspace_per_pixel,detector_qr_band_per_qz_bin_fast,False,3,2.73777137567738,2.73777137567738,0,0,saved_q_group_rows_no_fit_points,+,+,0.13,64,1.9837674849824927,2.0079009093740074,1.99583419717825,1003,1003.0,pixel_count,218.94195395810823,218.94195395810823,0.0,0.21828709268006802,0.21828709268006802,0.0,218.94195395810823,218.94195395810823,0.0,0.21828709268006802,,0,,,,False,0.21828709268006802,0.0,48.8160514831543,52.2588005065918,50.56771469901863,0.24936387811110072
PbI2,4.0,4.0,detector_qspace_per_pixel,detector_qr_band_per_qz_bin_fast,False,3,2.73777137567738,2.73777137567738,0,0,saved_q_group_rows_no_fit_points,+,+,0.13,65,2.0079009093740074,2.032034333765522,2.019967621569765,1024,1024.0,pixel_count,584.6579243284687,584.6579243284687,0.0,0.5709550042270202,0.5709550042270202,0.0,584.6579243284687,584.6579243284687,0.0,0.5709550042270202,,0,,,,False,0.5709550042270202,0.0,49.03351974487305,52.49715042114258,50.82179411800018,0.43369891805576866
PbI2,4.0,4.0,detector_qspace_per_pixel,detector_qr_band_per_qz_bin_fast,False,3,2.73777137567738,2.73777137567738,0,0,saved_q_group_rows_no_fit_points,+,+,0.13,66,2.032034333765522,2.056167758157036,2.0441010459612787,1050,1050.0,pixel_count,516.7432610778801,516.7432610778801,0.0,0.49213643912179056,0.49213643912179056,0.0,516.7432610778801,516.7432610778801,0.0,0.49213643912179056,,0,,,,False,0.49213643912179056,0.0,49.296417236328125,52.73878479003906,51.07696024806387,0.5268345182789
PbI2,4.0,4.0,detector_qspace_per_pixel,detector_qr_band_per_qz_bin_fast,False,3,2.73777137567738,2.73777137567738,0,0,saved_q_group_rows_no_fit_points,+,+,0.13,67,2.056167758157036,2.080301182548551,2.0682344703527935,1066,1066.0,pixel_count,609.6764166986637,609.6764166986637,0.0,0.5719290963402098,0.5719290963402098,0.0,609.6764166986637,609.6764166986637,0.0,0.5719290963402098,,0,,,,False,0.5719290963402098,0.0,49.55797576904297,52.99622344970703,51.32879577173427,0.5969821020655175
PbI2,4.0,4.0,detector_qspace_per_pixel,detector_qr_band_per_qz_bin_fast,False,3,2.73777137567738,2.73777137567738,0,0,saved_q_group_rows_no_fit_points,+,+,0.13,68,2.080301182548551,2.1044346069400652,2.0923678947443083,1085,1085.0,pixel_count,776.419567456375,776.419567456375,0.0,0.7155940713883641,0.7155940713883641,0.0,776.419567456375,776.419567456375,0.0,0.7155940713883641,,0,,,,False,0.7155940713883641,0.0,49.84183883666992,53.26923751831055,51.59312729280282,0.6803292598630923
PbI2,4.0,4.0,detector_qspace_per_pixel,detector_qr_band_per_qz_bin_fast,False,3,2.73777137567738,2.73777137567738,0,0,saved_q_group_rows_no_fit_points,+,+,0.13,69,2.1044346069400652,2.1285680313315796,2.116501319135822,1108,1108.0,pixel_count,856.3397562569676,856.3397562569676,0.0,0.7728698161163967,0.7728698161163967,0.0,856.3397562569676,856.3397562569676,0.0,0.7728698161163967,,0,,,,False,0.7728698161163967,0.0,50.10016632080078,53.50221633911133,51.84622073848594,0.7353371888021385
PbI2,4.0,4.0,detector_qspace_per_pixel,detector_qr_band_per_qz_bin_fast,False,3,2.73777137567738,2.73777137567738,0,0,saved_q_group_rows_no_fit_points,+,+,0.13,70,2.1285680313315796,2.1527014557230943,2.140634743527337,1131,1131.0,pixel_count,743.5976702081945,743.5976702081945,0.0,0.6574692044281119,0.6574692044281119,0.0,743.5976702081945,743.5976702081945,0.0,0.6574692044281119,,0,,,,False,0.6574692044281119,0.0,50.37804412841797,53.754371643066406,52.10929794965991,0.8052342332465334
PbI2,4.0,4.0,detector_qspace_per_pixel,detector_qr_band_per_qz_bin_fast,False,3,2.73777137567738,2.73777137567738,0,0,saved_q_group_rows_no_fit_points,+,+,0.13,71,2.1527014557230943,2.1768348801146087,2.1647681679188517,1157,1157.0,pixel_count,1222.5276933949262,1222.5276933949262,0.0,1.056635862916963,1.056635862916963,0.0,1222.5276933949262,1222.5276933949262,0.0,1.056635862916963,,0,,,,False,1.056635862916963,0.0,50.63329315185547,54.021812438964844,52.37267733687488,0.9320244526777796
PbI2,4.0,4.0,detector_qspace_per_pixel,detector_qr_band_per_qz_bin_fast,False,3,2.73777137567738,2.73777137567738,0,0,saved_q_group_rows_no_fit_points,+,+,0.13,72,2.1768348801146087,2.200968304506123,2.1889015923103656,1179,1179.0,pixel_count,1178.4274081730962,1178.4274081730962,0.0,0.9995143411137373,0.9995143411137373,0.0,1178.4274081730962,1178.4274081730962,0.0,0.9995143411137373,,0,,,,False,0.9995143411137373,0.0,50.9078483581543,54.28713607788086,52.63955712784832,1.0229323775127543
PbI2,4.0,4.0,detector_qspace_per_pixel,detector_qr_band_per_qz_bin_fast,False,3,2.73777137567738,2.73777137567738,0,0,saved_q_group_rows_no_fit_points,+,+,0.13,73,2.200968304506123,2.225101728897638,2.2130350167018804,1208,1208.0,pixel_count,1340.030107631306,1340.030107631306,0.0,1.1092964467146573,1.1092964467146573,0.0,1340.030107631306,1340.030107631306,0.0,1.1092964467146573,,0,,,,False,1.1092964467146573,0.0,51.159847259521484,54.55031967163086,52.90445648616995,1.072336319431956
PbI2,4.0,4.0,detector_qspace_per_pixel,detector_qr_band_per_qz_bin_fast,False,3,2.73777137567738,2.73777137567738,0,0,saved_q_group_rows_no_fit_points,+,+,0.13,74,2.225101728897638,2.2492351532891526,2.237168441093395,1232,1232.0,pixel_count,1248.2433444472192,1248.2433444472192,0.0,1.0131845328305351,1.0131845328305351,0.0,1248.2433444472192,1248.2433444472192,0.0,1.0131845328305351,,0,,,,False,1.0131845328305351,0.0,51.4308967590332,54.81132888793945,53.175545817677396,1.1691667121314786
PbI2,4.0,4.0,detector_qspace_per_pixel,detector_qr_band_per_qz_bin_fast,False,3,2.73777137567738,2.73777137567738,0,0,saved_q_group_rows_no_fit_points,+,+,0.13,75,2.2492351532891526,2.273368577680667,2.26130186548491,1260,1260.0,pixel_count,1744.0514014078587,1744.0514014078587,0.0,1.384167778895126,1.384167778895126,0.0,1744.0514014078587,1744.0514014078587,0.0,1.384167778895126,,0,,,,False,1.384167778895126,0.0,51.70008850097656,55.07014083862305,53.44021544004945,1.3972498066281762
PbI2,4.0,4.0,detector_qspace_per_pixel,detector_qr_band_per_qz_bin_fast,False,3,2.73777137567738,2.73777137567738,0,0,saved_q_group_rows_no_fit_points,+,+,0.13,76,2.273368577680667,2.2975020020721817,2.2854352898764243,1288,1288.0,pixel_count,2241.9074335462374,2241.9074335462374,0.0,1.740611361448942,1.740611361448942,0.0,2241.9074335462374,2241.9074335462374,0.0,1.740611361448942,,0,,,,False,1.740611361448942,0.0,52.00835418701172,55.34347152709961,53.71764015858782,1.6770121305086758
PbI2,4.0,4.0,detector_qspace_per_pixel,detector_qr_band_per_qz_bin_fast,False,3,2.73777137567738,2.73777137567738,0,0,saved_q_group_rows_no_fit_points,+,+,0.13,77,2.2975020020721817,2.321635426463696,2.3095687142679386,1317,1317.0,pixel_count,2568.0044706157664,2568.0044706157664,0.0,1.9498894993286002,1.9498894993286002,0.0,2568.0044706157664,2568.0044706157664,0.0,1.9498894993286002,,0,,,,False,1.9498894993286002,0.0,52.273223876953125,55.61435317993164,53.994045668852706,1.8883568890940157
PbI2,4.0,4.0,detector_qspace_per_pixel,detector_qr_band_per_qz_bin_fast,False,3,2.73777137567738,2.73777137567738,0,0,saved_q_group_rows_no_fit_points,+,+,0.13,78,2.321635426463696,2.3457688508552104,2.3337021386594534,1348,1348.0,pixel_count,2631.385950604279,2631.385950604279,0.0,1.9520667289349252,1.9520667289349252,0.0,2631.385950604279,2631.385950604279,0.0,1.9520667289349252,,0,,,,False,1.9520667289349252,0.0,52.55634307861328,55.88276290893555,54.2651220662142,2.0597025966041667
PbI2,4.0,4.0,detector_qspace_per_pixel,detector_qr_band_per_qz_bin_fast,False,3,2.73777137567738,2.73777137567738,0,0,saved_q_group_rows_no_fit_points,+,+,0.13,79,2.3457688508552104,2.369902275246725,2.3578355630509678,1383,1383.0,pixel_count,3243.1043221844247,3243.1043221844247,0.0,2.34497781792077,2.34497781792077,0.0,3243.1043221844247,3243.1043221844247,0.0,2.34497781792077,,0,,,,False,2.34497781792077,0.0,52.83723449707031,56.14867401123047,54.54504505002664,2.258903438277893
PbI2,4.0,4.0,detector_qspace_per_pixel,detector_qr_band_per_qz_bin_fast,False,3,2.73777137567738,2.73777137567738,0,0,saved_q_group_rows_no_fit_points,+,+,0.13,80,2.369902275246725,2.3940356996382395,2.381968987442482,1416,1416.0,pixel_count,3386.256540415648,3386.256540415648,0.0,2.3914241104630283,2.3914241104630283,0.0,3386.256540415648,3386.256540415648,0.0,2.3914241104630283,,0,,,,False,2.3914241104630283,0.0,53.11585235595703,56.445106506347656,54.825832950627934,2.4667404482952504
PbI2,4.0,4.0,detector_qspace_per_pixel,detector_qr_band_per_qz_bin_fast,False,3,2.73777137567738,2.73777137567738,0,0,saved_q_group_rows_no_fit_points,+,+,0.13,81,2.3940356996382395,2.418169124029754,2.406102411833997,1451,1451.0,pixel_count,3909.2595400560404,3909.2595400560404,0.0,2.694183004862881,2.694183004862881,0.0,3909.2595400560404,3909.2595400560404,0.0,2.694183004862881,,0,,,,False,2.694183004862881,0.0,53.41072463989258,56.721675872802734,55.10710340514826,2.74492538109497
PbI2,4.0,4.0,detector_qspace_per_pixel,detector_qr_band_per_qz_bin_fast,False,3,2.73777137567738,2.73777137567738,0,0,saved_q_group_rows_no_fit_points,+,+,0.13,82,2.418169124029754,2.4423025484212686,2.430235836225511,1485,1485.0,pixel_count,4433.281740434011,4433.281740434011,0.0,2.9853749093831725,2.9853749093831725,0.0,4433.281740434011,4433.281740434011,0.0,2.9853749093831725,,0,,,,False,2.9853749093831725,0.0,53.68433380126953,56.97943878173828,55.392160223065034,3.234276078194789
PbI2,4.0,4.0,detector_qspace_per_pixel,detector_qr_band_per_qz_bin_fast,False,3,2.73777137567738,2.73777137567738,0,0,saved_q_group_rows_no_fit_points,+,+,0.13,83,2.4423025484212686,2.466435972812783,2.4543692606170255,1529,1529.0,pixel_count,5943.4887038201105,5943.4887038201105,0.0,3.887173776206743,3.887173776206743,0.0,5943.4887038201105,5943.4887038201105,0.0,3.887173776206743,,0,,,,False,3.887173776206743,0.0,53.975120544433594,57.282142639160156,55.674581272593635,4.1242971313398264
PbI2,4.0,4.0,detector_qspace_per_pixel,detector_qr_band_per_qz_bin_fast,False,3,2.73777137567738,2.73777137567738,0,0,saved_q_group_rows_no_fit_points,+,+,0.13,84,2.466435972812783,2.4905693972042973,2.4785026850085403,1566,1566.0,pixel_count,8007.746198910855,8007.746198910855,0.0,5.113503319866447,5.113503319866447,0.0,8007.746198910855,8007.746198910855,0.0,5.113503319866447,,0,,,,False,5.113503319866447,0.0,54.280670166015625,57.56572723388672,55.964213960125065,5.627950911178922
PbI2,4.0,4.0,detector_qspace_per_pixel,detector_qr_band_per_qz_bin_fast,False,3,2.73777137567738,2.73777137567738,0,0,saved_q_group_rows_no_fit_points,+,+,0.13,85,2.4905693972042973,2.514702821595812,2.5026361094000547,1604,1604.0,pixel_count,12121.448508146706,12121.448508146706,0.0,7.557012785627623,7.557012785627623,0.0,12121.448508146706,12121.448508146706,0.0,7.557012785627623,,0,,,,False,7.557012785627623,0.0,54.56572723388672,57.86122512817383,56.251523107800644,7.931923817869356
PbI2,4.0,4.0,detector_qspace_per_pixel,detector_qr_band_per_qz_bin_fast,False,3,2.73777137567738,2.73777137567738,0,0,saved_q_group_rows_no_fit_points,+,+,0.13,86,2.514702821595812,2.5388362459873264,2.526769533791569,1655,1655.0,pixel_count,17743.874451358195,17743.874451358195,0.0,10.721374290850873,10.721374290850873,0.0,17743.874451358195,17743.874451358195,0.0,10.721374290850873,,0,,,,False,10.721374290850873,0.0,54.848079681396484,58.1383056640625,56.54373329694639,10.937501881925272
PbI2,4.0,4.0,detector_qspace_per_pixel,detector_qr_band_per_qz_bin_fast,False,3,2.73777137567738,2.73777137567738,0,0,saved_q_group_rows_no_fit_points,+,+,0.13,87,2.5388362459873264,2.5629696703788407,2.5509029581830838,1690,1690.0,pixel_count,24443.953358329843,24443.953358329843,0.0,14.463877726822393,14.463877726822393,0.0,24443.953358329843,24443.953358329843,0.0,14.463877726822393,,0,,,,False,14.463877726822393,0.0,55.162899017333984,58.41229248046875,56.83387237010773,14.086803572280537
PbI2,4.0,4.0,detector_qspace_per_pixel,detector_qr_band_per_qz_bin_fast,False,3,2.73777137567738,2.73777137567738,0,0,saved_q_group_rows_no_fit_points,+,+,0.13,88,2.5629696703788407,2.5871030947703555,2.575036382574598,1743,1743.0,pixel_count,31006.712381931047,31006.712381931047,0.0,17.78927847500347,17.78927847500347,0.0,31006.712381931047,31006.712381931047,0.0,17.78927847500347,,0,,,,False,17.78927847500347,0.0,55.457969665527344,58.71232223510742,57.12981155246142,16.14736345851512
PbI2,4.0,4.0,detector_qspace_per_pixel,detector_qr_band_per_qz_bin_fast,False,3,2.73777137567738,2.73777137567738,0,0,saved_q_group_rows_no_fit_points,+,+,0.13,89,2.5871030947703555,2.61123651916187,2.5991698069661124,1799,1799.0,pixel_count,30780.039809124515,30780.039809124515,0.0,17.10952740918539,17.10952740918539,0.0,30780.039809124515,30780.039809124515,0.0,17.10952740918539,,0,,,,False,17.10952740918539,0.0,55.749961853027344,58.99464416503906,57.42528540592342,15.948637084559863
PbI2,4.0,4.0,detector_qspace_per_pixel,detector_qr_band_per_qz_bin_fast,False,3,2.73777137567738,2.73777137567738,0,0,saved_q_group_rows_no_fit_points,+,+,0.13,90,2.61123651916187,2.635369943553384,2.623303231357627,1844,1844.0,pixel_count,25516.54237069423,25516.54237069423,0.0,13.837604322502294,13.837604322502294,0.0,25516.54237069423,25516.54237069423,0.0,13.837604322502294,,0,,,,False,13.837604322502294,0.0,56.07239532470703,59.286922454833984,57.72463569798555,13.893494039008852
PbI2,4.0,4.0,detector_qspace_per_pixel,detector_qr_band_per_qz_bin_fast,False,3,2.73777137567738,2.73777137567738,0,0,saved_q_group_rows_no_fit_points,+,+,0.13,91,2.635369943553384,2.659503367944899,2.6474366557491416,1900,1900.0,pixel_count,21109.89150639764,21109.89150639764,0.0,11.110469213893493,11.110469213893493,0.0,21109.89150639764,21109.89150639764,0.0,11.110469213893493,,0,,,,False,11.110469213893493,0.0,56.357666015625,59.58982849121094,58.0210351502686,11.390634771826235
PbI2,4.0,4.0,detector_qspace_per_pixel,detector_qr_band_per_qz_bin_fast,False,3,2.73777137567738,2.73777137567738,0,0,saved_q_group_rows_no_fit_points,+,+,0.13,92,2.659503367944899,2.6836367923364137,2.6715700801406563,1963,1963.0,pixel_count,17623.607930289843,17623.607930289843,0.0,8.97789502307175,8.97789502307175,0.0,17623.607930289843,17623.607930289843,0.0,8.97789502307175,,0,,,,False,8.97789502307175,0.0,56.65779495239258,59.90285873413086,58.320051483017146,9.291780603345371
PbI2,4.0,4.0,detector_qspace_per_pixel,detector_qr_band_per_qz_bin_fast,False,3,2.73777137567738,2.73777137567738,0,0,saved_q_group_rows_no_fit_points,+,+,0.13,93,2.6836367923364137,2.707770216727928,2.6957035045321707,2019,2019.0,pixel_count,15036.28316402185,15036.28316402185,0.0,7.447391364052427,7.447391364052427,0.0,15036.28316402185,15036.28316402185,0.0,7.447391364052427,,0,,,,False,7.447391364052427,0.0,56.968597412109375,60.184627532958984,58.625123758710735,7.812973889012624
PbI2,4.0,4.0,detector_qspace_per_pixel,detector_qr_band_per_qz_bin_fast,False,3,2.73777137567738,2.73777137567738,0,0,saved_q_group_rows_no_fit_points,+,+,0.13,94,2.707770216727928,2.731903641119443,2.7198369289236854,2084,2084.0,pixel_count,14113.578905390961,14113.578905390961,0.0,6.772350722356507,6.772350722356507,0.0,14113.578905390961,14113.578905390961,0.0,6.772350722356507,,0,,,,False,6.772350722356507,0.0,57.27900314331055,60.4889030456543,58.92798544126442,6.919135624497175
PbI2,4.0,4.0,detector_qspace_per_pixel,detector_qr_band_per_qz_bin_fast,False,3,2.73777137567738,2.73777137567738,0,0,saved_q_group_rows_no_fit_points,+,+,0.13,95,2.731903641119443,2.756037065510957,2.7439703533152002,2150,2150.0,pixel_count,13512.265773405876,13512.265773405876,0.0,6.284774778328314,6.284774778328314,0.0,13512.265773405876,13512.265773405876,0.0,6.284774778328314,,0,,,,False,6.284774778328314,0.0,57.56819152832031,60.78860092163086,59.23503061566836,6.430496656340312
PbI2,4.0,4.0,detector_qspace_per_pixel,detector_qr_band_per_qz_bin_fast,False,3,2.73777137567738,2.73777137567738,0,0,saved_q_group_rows_no_fit_points,+,+,0.13,96,2.756037065510957,2.7801704899024715,2.768103777706714,2218,2218.0,pixel_count,13588.253183052055,13588.253183052055,0.0,6.126354004982892,6.126354004982892,0.0,13588.253183052055,13588.253183052055,0.0,6.126354004982892,,0,,,,False,6.126354004982892,0.0,57.90135955810547,61.097496032714844,59.54255415058746,6.205801677898249
PbI2,4.0,4.0,detector_qspace_per_pixel,detector_qr_band_per_qz_bin_fast,False,4,3.1613060814539744,3.1613060814539744,0,0,saved_q_group_rows_no_fit_points,-,-,0.13,1,0.46336174831707855,0.48749517270859305,0.4754284605128358,758,758.0,pixel_count,-3698.443970350675,-3698.443970350675,0.0,-4.879213681201418,-4.879213681201418,0.0,-3698.443970350675,-3698.443970350675,0.0,-4.879213681201418,,0,,,,False,-4.879213681201418,0.0,45.55495834350586,49.522518157958984,47.61347974025981,-4.79846901922158
PbI2,4.0,4.0,detector_qspace_per_pixel,detector_qr_band_per_qz_bin_fast,False,4,3.1613060814539744,3.1613060814539744,0,0,saved_q_group_rows_no_fit_points,-,-,0.13,2,0.48749517270859305,0.5116285971001077,0.4995618849043504,768,768.0,pixel_count,-3618.737480269235,-3618.737480269235,0.0,-4.711897760767234,-4.711897760767234,0.0,-3618.737480269235,-3618.737480269235,0.0,-4.711897760767234,,0,,,,False,-4.711897760767234,0.0,45.624267578125,49.58496856689453,47.67622038649463,-4.60764626306865
PbI2,4.0,4.0,detector_qspace_per_pixel,detector_qr_band_per_qz_bin_fast,False,4,3.1613060814539744,3.1613060814539744,0,0,saved_q_group_rows_no_fit_points,-,-,0.13,3,0.5116285971001077,0.5357620214916221,0.5236953092958649,769,769.0,pixel_count,-3219.275083919943,-3219.275083919943,0.0,-4.18631350314687,-4.18631350314687,0.0,-3219.275083919943,-3219.275083919943,0.0,-4.18631350314687,,0,,,,False,-4.18631350314687,0.0,45.737613677978516,49.68059539794922,47.76736780243863,-4.36321244598202
PbI2,4.0,4.0,detector_qspace_per_pixel,detector_qr_band_per_qz_bin_fast,False,4,3.1613060814539744,3.1613060814539744,0,0,saved_q_group_rows_no_fit_points,-,-,0.13,4,0.5357620214916221,0.5598954458831366,0.5478287336873793,776,776.0,pixel_count,-3306.7838517345863,-3306.7838517345863,0.0,-4.261319396565188,-4.261319396565188,0.0,-3306.7838517345863,-3306.7838517345863,0.0,-4.261319396565188,,0,,,,False,-4.261319396565188,0.0,45.809932708740234,49.74593734741211,47.84322655243431,-4.189150492845182
PbI2,4.0,4.0,detector_qspace_per_pixel,detector_qr_band_per_qz_bin_fast,False,4,3.1613060814539744,3.1613060814539744,0,0,saved_q_group_rows_no_fit_points,-,-,0.13,5,0.5598954458831366,0.5840288702746511,0.5719621580788938,782,782.0,pixel_count,-3172.190148042946,-3172.190148042946,0.0,-4.0565091407198794,-4.0565091407198794,0.0,-3172.190148042946,-3172.190148042946,0.0,-4.0565091407198794,,0,,,,False,-4.0565091407198794,0.0,45.88999938964844,49.84927749633789,47.93090004480491,-3.9948207026835933
PbI2,4.0,4.0,detector_qspace_per_pixel,detector_qr_band_per_qz_bin_fast,False,4,3.1613060814539744,3.1613060814539744,0,0,saved_q_group_rows_no_fit_points,-,-,0.13,6,0.5840288702746511,0.6081622946661657,0.5960955824704084,788,788.0,pixel_count,-2968.4160599362267,-2968.4160599362267,0.0,-3.7670254567718615,-3.7670254567718615,0.0,-2968.4160599362267,-2968.4160599362267,0.0,-3.7670254567718615,,0,,,,False,-3.7670254567718615,0.0,45.96535110473633,49.91762161254883,48.02721172417,-3.687283615668999
PbI2,4.0,4.0,detector_qspace_per_pixel,detector_qr_band_per_qz_bin_fast,False,4,3.1613060814539744,3.1613060814539744,0,0,saved_q_group_rows_no_fit_points,-,-,0.13,7,0.6081622946661657,0.6322957190576802,0.620229006861923,793,793.0,pixel_count,-2524.2938799517437,-2524.2938799517437,0.0,-3.1832205295734473,-3.1832205295734473,0.0,-2524.2938799517437,-2524.2938799517437,0.0,-3.1832205295734473,,0,,,,False,-3.1832205295734473,0.0,46.04894256591797,50.018428802490234,48.11201969872898,-3.3363441446381614
PbI2,4.0,4.0,detector_qspace_per_pixel,detector_qr_band_per_qz_bin_fast,False,4,3.1613060814539744,3.1613060814539744,0,0,saved_q_group_rows_no_fit_points,-,-,0.13,8,0.6322957190576802,0.6564291434491947,0.6443624312534375,798,798.0,pixel_count,-2540.3300726424354,-2540.3300726424354,0.0,-3.183371018348917,-3.183371018348917,0.0,-2540.3300726424354,-2540.3300726424354,0.0,-3.183371018348917,,0,,,,False,-3.183371018348917,0.0,46.17033767700195,50.08943176269531,48.19747953926675,-2.9920065699934173
PbI2,4.0,4.0,detector_qspace_per_pixel,detector_qr_band_per_qz_bin_fast,False,4,3.1613060814539744,3.1613060814539744,0,0,saved_q_group_rows_no_fit_points,-,-,0.13,9,0.6564291434491947,0.6805625678407091,0.6684958556449518,801,801.0,pixel_count,-2031.8738637095382,-2031.8738637095382,0.0,-2.53667149027408,-2.53667149027408,0.0,-2031.8738637095382,-2031.8738637095382,0.0,-2.53667149027408,,0,,,,False,-2.53667149027408,0.0,46.25743103027344,50.198577880859375,48.30517428878162,-2.5411629931506545
PbI2,4.0,4.0,detector_qspace_per_pixel,detector_qr_band_per_qz_bin_fast,False,4,3.1613060814539744,3.1613060814539744,0,0,saved_q_group_rows_no_fit_points,-,-,0.13,10,0.6805625678407091,0.7046959922322237,0.6926292800364664,810,810.0,pixel_count,-1648.6332691944078,-1648.6332691944078,0.0,-2.0353497150548243,-2.0353497150548243,0.0,-1648.6332691944078,-1648.6332691944078,0.0,-2.0353497150548243,,0,,,,False,-2.0353497150548243,0.0,46.33858108520508,50.302886962890625,48.40547336496204,-1.988368643856146
PbI2,4.0,4.0,detector_qspace_per_pixel,detector_qr_band_per_qz_bin_fast,False,4,3.1613060814539744,3.1613060814539744,0,0,saved_q_group_rows_no_fit_points,-,-,0.13,11,0.7046959922322237,0.7288294166237382,0.716762704427981,815,815.0,pixel_count,-1109.2010937191906,-1109.2010937191906,0.0,-1.3609829370787614,-1.3609829370787614,0.0,-1109.2010937191906,-1109.2010937191906,0.0,-1.3609829370787614,,0,,,,False,-1.3609829370787614,0.0,46.464298248291016,50.40817642211914,48.49807247099814,-1.3988830339337466
PbI2,4.0,4.0,detector_qspace_per_pixel,detector_qr_band_per_qz_bin_fast,False,4,3.1613060814539744,3.1613060814539744,0,0,saved_q_group_rows_no_fit_points,-,-,0.13,12,0.7288294166237382,0.7529628410152527,0.7408961288194955,822,822.0,pixel_count,-702.0604293577002,-702.0604293577002,0.0,-0.8540881135738445,-0.8540881135738445,0.0,-702.0604293577002,-702.0604293577002,0.0,-0.8540881135738445,,0,,,,False,-0.8540881135738445,0.0,46.55615234375,50.52104568481445,48.61067956308645,-0.7751539624206856
PbI2,4.0,4.0,detector_qspace_per_pixel,detector_qr_band_per_qz_bin_fast,False,4,3.1613060814539744,3.1613060814539744,0,0,saved_q_group_rows_no_fit_points,-,-,0.13,13,0.7529628410152527,0.7770962654067672,0.76502955321101,828,828.0,pixel_count,-144.64067516786685,-144.64067516786685,0.0,-0.1746868057582933,-0.1746868057582933,0.0,-144.64067516786685,-144.64067516786685,0.0,-0.1746868057582933,,0,,,,False,-0.1746868057582933,0.0,46.684635162353516,50.5983772277832,48.713388799601184,0.01407204435676583
PbI2,4.0,4.0,detector_qspace_per_pixel,detector_qr_band_per_qz_bin_fast,False,4,3.1613060814539744,3.1613060814539744,0,0,saved_q_group_rows_no_fit_points,-,-,0.13,14,0.7770962654067672,0.8012296897982817,0.7891629776025244,835,835.0,pixel_count,716.286882643287,716.286882643287,0.0,0.8578286019680084,0.8578286019680084,0.0,716.286882643287,716.286882643287,0.0,0.8578286019680084,,0,,,,False,0.8578286019680084,0.0,46.77958679199219,50.713802337646484,48.82296352118486,1.1866013335914571
PbI2,4.0,4.0,detector_qspace_per_pixel,detector_qr_band_per_qz_bin_fast,False,4,3.1613060814539744,3.1613060814539744,0,0,saved_q_group_rows_no_fit_points,-,-,0.13,15,0.8012296897982817,0.8253631141897962,0.813296401994039,839,839.0,pixel_count,2228.3897990494115,2228.3897990494115,0.0,2.656006911858655,2.656006911858655,0.0,2228.3897990494115,2228.3897990494115,0.0,2.656006911858655,,0,,,,False,2.656006911858655,0.0,46.91065216064453,50.823204040527344,48.93628189205053,2.912717108432525
PbI2,4.0,4.0,detector_qspace_per_pixel,detector_qr_band_per_qz_bin_fast,False,4,3.1613060814539744,3.1613060814539744,0,0,saved_q_group_rows_no_fit_points,-,-,0.13,16,0.8253631141897962,0.8494965385813108,0.8374298263855535,851,851.0,pixel_count,4069.5413714464344,4069.5413714464344,0.0,4.782069766682062,4.782069766682062,0.0,4069.5413714464344,4069.5413714464344,0.0,4.782069766682062,,0,,,,False,4.782069766682062,0.0,47.00852966308594,50.94082260131836,49.053648110251665,5.325591311648482
PbI2,4.0,4.0,detector_qspace_per_pixel,detector_qr_band_per_qz_bin_fast,False,4,3.1613060814539744,3.1613060814539744,0,0,saved_q_group_rows_no_fit_points,-,-,0.13,17,0.8494965385813108,0.8736299629728252,0.8615632507770681,855,855.0,pixel_count,7051.241656784822,7051.241656784822,0.0,8.247066265245406,8.247066265245406,0.0,7051.241656784822,7051.241656784822,0.0,8.247066265245406,,0,,,,False,8.247066265245406,0.0,47.141998291015625,51.0595703125,49.16776528334611,8.470066882284769
PbI2,4.0,4.0,detector_qspace_per_pixel,detector_qr_band_per_qz_bin_fast,False,4,3.1613060814539744,3.1613060814539744,0,0,saved_q_group_rows_no_fit_points,-,-,0.13,18,0.8736299629728252,0.8977633873643397,0.8856966751685824,859,859.0,pixel_count,10562.817340101072,10562.817340101072,0.0,12.29664416775445,12.29664416775445,0.0,10562.817340101072,10562.817340101072,0.0,12.29664416775445,,0,,,,False,12.29664416775445,0.0,47.242637634277344,51.171627044677734,49.28975925539154,11.775598020336524
PbI2,4.0,4.0,detector_qspace_per_pixel,detector_qr_band_per_qz_bin_fast,False,4,3.1613060814539744,3.1613060814539744,0,0,saved_q_group_rows_no_fit_points,-,-,0.13,19,0.8977633873643397,0.9218968117558544,0.909830099560097,873,873.0,pixel_count,13435.01109500743,13435.01109500743,0.0,15.389474335632796,15.389474335632796,0.0,13435.01109500743,13435.01109500743,0.0,15.389474335632796,,0,,,,False,15.389474335632796,0.0,47.37833786010742,51.292327880859375,49.41030985359075,13.988363424436653
PbI2,4.0,4.0,detector_qspace_per_pixel,detector_qr_band_per_qz_bin_fast,False,4,3.1613060814539744,3.1613060814539744,0,0,saved_q_group_rows_no_fit_points,-,-,0.13,20,0.9218968117558544,0.9460302361473689,0.9339635239516116,875,875.0,pixel_count,13357.919463711823,13357.919463711823,0.0,15.266193672813513,15.266193672813513,0.0,13357.919463711823,13357.919463711823,0.0,15.266193672813513,,0,,,,False,15.266193672813513,0.0,47.51496124267578,51.41403579711914,49.53493664197777,14.059116387868805
PbI2,4.0,4.0,detector_qspace_per_pixel,detector_qr_band_per_qz_bin_fast,False,4,3.1613060814539744,3.1613060814539744,0,0,saved_q_group_rows_no_fit_points,-,-,0.13,21,0.9460302361473689,0.9701636605388833,0.9580969483431261,887,887.0,pixel_count,11006.2202292209,11006.2202292209,0.0,12.408365534634612,12.408365534634612,0.0,11006.2202292209,11006.2202292209,0.0,12.408365534634612,,0,,,,False,12.408365534634612,0.0,47.61933135986328,51.5650520324707,49.66879173992281,12.236231087461135
PbI2,4.0,4.0,detector_qspace_per_pixel,detector_qr_band_per_qz_bin_fast,False,4,3.1613060814539744,3.1613060814539744,0,0,saved_q_group_rows_no_fit_points,-,-,0.13,22,0.9701636605388833,0.9942970849303978,0.9822303727346405,895,895.0,pixel_count,8412.087078750195,8412.087078750195,0.0,9.398979976257202,9.398979976257202,0.0,8412.087078750195,8412.087078750195,0.0,9.398979976257202,,0,,,,False,9.398979976257202,0.0,47.76839828491211,51.68842697143555,49.79610568047462,9.809287494836472
PbI2,4.0,4.0,detector_qspace_per_pixel,detector_qr_band_per_qz_bin_fast,False,4,3.1613060814539744,3.1613060814539744,0,0,saved_q_group_rows_no_fit_points,-,-,0.13,23,0.9942970849303978,1.0184305093219124,1.0063637971261552,905,905.0,pixel_count,6758.676861036041,6758.676861036041,0.0,7.468151227664134,7.468151227664134,0.0,6758.676861036041,6758.676861036041,0.0,7.468151227664134,,0,,,,False,7.468151227664134,0.0,47.9079704284668,51.81267166137695,49.92601519045625,7.777829850566469
PbI2,4.0,4.0,detector_qspace_per_pixel,detector_qr_band_per_qz_bin_fast,False,4,3.1613060814539744,3.1613060814539744,0,0,saved_q_group_rows_no_fit_points,-,-,0.13,24,1.0184305093219124,1.0425639337134267,1.0304972215176695,916,916.0,pixel_count,5651.866534415192,5651.866534415192,0.0,6.170159972068987,6.170159972068987,0.0,5651.866534415192,5651.866534415192,0.0,6.170159972068987,,0,,,,False,6.170159972068987,0.0,48.015899658203125,51.9377555847168,50.06695836078354,6.308029869825671
PbI2,4.0,4.0,detector_qspace_per_pixel,detector_qr_band_per_qz_bin_fast,False,4,3.1613060814539744,3.1613060814539744,0,0,saved_q_group_rows_no_fit_points,-,-,0.13,25,1.0425639337134267,1.0666973581049413,1.0546306459091839,921,921.0,pixel_count,4624.32977088615,4624.32977088615,0.0,5.020987807693974,5.020987807693974,0.0,4624.32977088615,4624.32977088615,0.0,5.020987807693974,,0,,,,False,5.020987807693974,0.0,48.16823959350586,52.0910758972168,50.20052198331364,5.252210349623825
PbI2,4.0,4.0,detector_qspace_per_pixel,detector_qr_band_per_qz_bin_fast,False,4,3.1613060814539744,3.1613060814539744,0,0,saved_q_group_rows_no_fit_points,-,-,0.13,26,1.0666973581049413,1.090830782496456,1.0787640703006987,927,927.0,pixel_count,4165.7427784984875,4165.7427784984875,0.0,4.493789405068487,4.493789405068487,0.0,4165.7427784984875,4165.7427784984875,0.0,4.493789405068487,,0,,,,False,4.493789405068487,0.0,48.31035232543945,52.21748352050781,50.34390966220607,4.511758670087525
PbI2,4.0,4.0,detector_qspace_per_pixel,detector_qr_band_per_qz_bin_fast,False,4,3.1613060814539744,3.1613060814539744,0,0,saved_q_group_rows_no_fit_points,-,-,0.13,27,1.090830782496456,1.1149642068879704,1.1028974946922132,941,941.0,pixel_count,3577.924020902163,3577.924020902163,0.0,3.802257195432692,3.802257195432692,0.0,3577.924020902163,3577.924020902163,0.0,3.802257195432692,,0,,,,False,3.802257195432692,0.0,48.46449661254883,52.35380172729492,50.48609714537682,4.008144566222697
PbI2,4.0,4.0,detector_qspace_per_pixel,detector_qr_band_per_qz_bin_fast,False,4,3.1613060814539744,3.1613060814539744,0,0,saved_q_group_rows_no_fit_points,-,-,0.13,28,1.1149642068879704,1.139097631279485,1.1270309190837278,951,951.0,pixel_count,3533.200076947633,3533.200076947633,0.0,3.715247189219383,3.715247189219383,0.0,3533.200076947633,3533.200076947633,0.0,3.715247189219383,,0,,,,False,3.715247189219383,0.0,48.61955642700195,52.50846862792969,50.635225771788384,3.735566940716727
PbI2,4.0,4.0,detector_qspace_per_pixel,detector_qr_band_per_qz_bin_fast,False,4,3.1613060814539744,3.1613060814539744,0,0,saved_q_group_rows_no_fit_points,-,-,0.13,29,1.139097631279485,1.1632310556709995,1.151164343475242,965,965.0,pixel_count,3357.90900520371,3357.90900520371,0.0,3.4796984509883004,3.4796984509883004,0.0,3357.90900520371,3357.90900520371,0.0,3.4796984509883004,,0,,,,False,3.4796984509883004,0.0,48.76369857788086,52.63680648803711,50.78021846824125,3.6692308776569766
PbI2,4.0,4.0,detector_qspace_per_pixel,detector_qr_band_per_qz_bin_fast,False,4,3.1613060814539744,3.1613060814539744,0,0,saved_q_group_rows_no_fit_points,-,-,0.13,30,1.1632310556709995,1.1873644800625138,1.1752977678667567,970,970.0,pixel_count,3739.093441391203,3739.093441391203,0.0,3.8547355065888693,3.8547355065888693,0.0,3739.093441391203,3739.093441391203,0.0,3.8547355065888693,,0,,,,False,3.8547355065888693,0.0,48.920249938964844,52.801570892333984,50.932433958929266,3.7248045849361175
PbI2,4.0,4.0,detector_qspace_per_pixel,detector_qr_band_per_qz_bin_fast,False,4,3.1613060814539744,3.1613060814539744,0,0,saved_q_group_rows_no_fit_points,-,-,0.13,31,1.1873644800625138,1.2114979044540284,1.1994311922582712,983,983.0,pixel_count,3792.9043511717423,3792.9043511717423,0.0,3.858498831303909,3.858498831303909,0.0,3792.9043511717423,3792.9043511717423,0.0,3.858498831303909,,0,,,,False,3.858498831303909,0.0,49.07755661010742,52.966644287109375,51.081721480430005,3.6616216630375398
PbI2,4.0,4.0,detector_qspace_per_pixel,detector_qr_band_per_qz_bin_fast,False,4,3.1613060814539744,3.1613060814539744,0,0,saved_q_group_rows_no_fit_points,-,-,0.13,32,1.2114979044540284,1.235631328845543,1.2235646166497856,996,996.0,pixel_count,3299.2792783642594,3299.2792783642594,0.0,3.3125293959480517,3.3125293959480517,0.0,3299.2792783642594,3299.2792783642594,0.0,3.3125293959480517,,0,,,,False,3.3125293959480517,0.0,49.235557556152344,53.09644317626953,51.239917658179074,3.3911386342862446
PbI2,4.0,4.0,detector_qspace_per_pixel,detector_qr_band_per_qz_bin_fast,False,4,3.1613060814539744,3.1613060814539744,0,0,saved_q_group_rows_no_fit_points,-,-,0.13,33,1.235631328845543,1.2597647532370573,1.2476980410413,1007,1007.0,pixel_count,3212.237547733603,3212.237547733603,0.0,3.1899081904007978,3.1899081904007978,0.0,3212.237547733603,3212.237547733603,0.0,3.1899081904007978,,0,,,,False,3.1899081904007978,0.0,49.39420700073242,53.26213836669922,51.39889612995848,3.0140823008428503
PbI2,4.0,4.0,detector_qspace_per_pixel,detector_qr_band_per_qz_bin_fast,False,4,3.1613060814539744,3.1613060814539744,0,0,saved_q_group_rows_no_fit_points,-,-,0.13,34,1.2597647532370573,1.283898177628572,1.2718314654328147,1017,1017.0,pixel_count,2443.329967665811,2443.329967665811,0.0,2.40248767715419,2.40248767715419,0.0,2443.329967665811,2443.329967665811,0.0,2.40248767715419,,0,,,,False,2.40248767715419,0.0,49.55345153808594,53.42799377441406,51.55991547290134,2.6070878381998206
PbI2,4.0,4.0,detector_qspace_per_pixel,detector_qr_band_per_qz_bin_fast,False,4,3.1613060814539744,3.1613060814539744,0,0,saved_q_group_rows_no_fit_points,-,-,0.13,35,1.283898177628572,1.3080316020200866,1.2959648898243294,1033,1033.0,pixel_count,2345.778738882969,2345.778738882969,0.0,2.2708409863339485,2.2708409863339485,0.0,2345.778738882969,2345.778738882969,0.0,2.2708409863339485,,0,,,,False,2.2708409863339485,0.0,49.71323776245117,53.56902313232422,51.72148970126211,2.3553730836153326
PbI2,4.0,4.0,detector_qspace_per_pixel,detector_qr_band_per_qz_bin_fast,False,4,3.1613060814539744,3.1613060814539744,0,0,saved_q_group_rows_no_fit_points,-,-,0.13,36,1.3080316020200866,1.332165026411601,1.3200983142158438,1048,1048.0,pixel_count,2318.5806254491786,2318.5806254491786,0.0,2.212386092985857,2.212386092985857,0.0,2318.5806254491786,2318.5806254491786,0.0,2.212386092985857,,0,,,,False,2.212386092985857,0.0,49.90253448486328,53.73533248901367,51.88308921011663,2.3151736804477743
PbI2,4.0,4.0,detector_qspace_per_pixel,detector_qr_band_per_qz_bin_fast,False,4,3.1613060814539744,3.1613060814539744,0,0,saved_q_group_rows_no_fit_points,-,-,0.13,37,1.332165026411601,1.3562984508031155,1.3442317386073581,1052,1052.0,pixel_count,2625.5985479394176,2625.5985479394176,0.0,2.4958161102085716,2.4958161102085716,0.0,2625.5985479394176,2625.5985479394176,0.0,2.4958161102085716,,0,,,,False,2.4958161102085716,0.0,50.0629768371582,53.90166473388672,52.06015261144036,2.346026828062647
PbI2,4.0,4.0,detector_qspace_per_pixel,detector_qr_band_per_qz_bin_fast,False,4,3.1613060814539744,3.1613060814539744,0,0,saved_q_group_rows_no_fit_points,-,-,0.13,38,1.3562984508031155,1.38043187519463,1.368365162998873,1072,1072.0,pixel_count,2498.7921013602263,2498.7921013602263,0.0,2.3309627811196143,2.3309627811196143,0.0,2498.7921013602263,2498.7921013602263,0.0,2.3309627811196143,,0,,,,False,2.3309627811196143,0.0,50.22381591796875,54.06797790527344,52.21979647679521,2.285620108403405
PbI2,4.0,4.0,detector_qspace_per_pixel,detector_qr_band_per_qz_bin_fast,False,4,3.1613060814539744,3.1613060814539744,0,0,saved_q_group_rows_no_fit_points,-,-,0.13,39,1.38043187519463,1.4045652995861444,1.3924985873903872,1089,1089.0,pixel_count,2131.9140584891793,2131.9140584891793,0.0,1.9576804944804218,1.9576804944804218,0.0,2131.9140584891793,2131.9140584891793,0.0,1.9576804944804218,,0,,,,False,1.9576804944804218,0.0,50.39814758300781,54.244747161865234,52.39823108386843,2.2444196736597317
PbI2,4.0,4.0,detector_qspace_per_pixel,detector_qr_band_per_qz_bin_fast,False,4,3.1613060814539744,3.1613060814539744,0,0,saved_q_group_rows_no_fit_points,-,-,0.13,40,1.4045652995861444,1.428698723977659,1.4166320117819016,1102,1102.0,pixel_count,2805.775563676432,2805.775563676432,0.0,2.54607582910747,2.54607582910747,0.0,2805.775563676432,2805.775563676432,0.0,2.54607582910747,,0,,,,False,2.54607582910747,0.0,50.55975341796875,54.41097640991211,52.57013273685444,2.3404644263960166
PbI2,4.0,4.0,detector_qspace_per_pixel,detector_qr_band_per_qz_bin_fast,False,4,3.1613060814539744,3.1613060814539744,0,0,saved_q_group_rows_no_fit_points,-,-,0.13,41,1.428698723977659,1.4528321483691735,1.4407654361734163,1115,1115.0,pixel_count,2630.2049602739307,2630.2049602739307,0.0,2.3589282154923144,2.3589282154923144,0.0,2630.2049602739307,2630.2049602739307,0.0,2.3589282154923144,,0,,,,False,2.3589282154923144,0.0,50.76249694824219,54.577064514160156,52.74668146328178,2.417154869384971
PbI2,4.0,4.0,detector_qspace_per_pixel,detector_qr_band_per_qz_bin_fast,False,4,3.1613060814539744,3.1613060814539744,0,0,saved_q_group_rows_no_fit_points,-,-,0.13,42,1.4528321483691735,1.4769655727606879,1.4648988605649307,1132,1132.0,pixel_count,2740.2940053991165,2740.2940053991165,0.0,2.4207544217306682,2.4207544217306682,0.0,2740.2940053991165,2740.2940053991165,0.0,2.4207544217306682,,0,,,,False,2.4207544217306682,0.0,50.92439270019531,54.75370407104492,52.92434818070609,2.491250738004487
PbI2,4.0,4.0,detector_qspace_per_pixel,detector_qr_band_per_qz_bin_fast,False,4,3.1613060814539744,3.1613060814539744,0,0,saved_q_group_rows_no_fit_points,-,-,0.13,43,1.4769655727606879,1.5010989971522026,1.4890322849564452,1151,1151.0,pixel_count,3107.1357773351356,3107.1357773351356,0.0,2.699509797858502,2.699509797858502,0.0,3107.1357773351356,3107.1357773351356,0.0,2.699509797858502,,0,,,,False,2.699509797858502,0.0,51.12689208984375,54.95303726196289,53.11170947156692,2.5906160809403977
PbI2,4.0,4.0,detector_qspace_per_pixel,detector_qr_band_per_qz_bin_fast,False,4,3.1613060814539744,3.1613060814539744,0,0,saved_q_group_rows_no_fit_points,-,-,0.13,44,1.5010989971522026,1.5252324215437172,1.5131657093479598,1171,1171.0,pixel_count,3118.736770248185,3118.736770248185,0.0,2.663310649229876,2.663310649229876,0.0,3118.736770248185,3118.736770248185,0.0,2.663310649229876,,0,,,,False,2.663310649229876,0.0,51.30250549316406,55.12918472290039,53.29493457218862,2.6008776169238232
PbI2,4.0,4.0,detector_qspace_per_pixel,detector_qr_band_per_qz_bin_fast,False,4,3.1613060814539744,3.1613060814539744,0,0,saved_q_group_rows_no_fit_points,-,-,0.13,45,1.5252324215437172,1.5493658459352315,1.5372991337394744,1177,1177.0,pixel_count,2901.082120911277,2901.082120911277,0.0,2.464810637987491,2.464810637987491,0.0,2901.082120911277,2901.082120911277,0.0,2.464810637987491,,0,,,,False,2.464810637987491,0.0,51.504634857177734,55.30515670776367,53.473637834103904,2.5408051290274756
PbI2,4.0,4.0,detector_qspace_per_pixel,detector_qr_band_per_qz_bin_fast,False,4,3.1613060814539744,3.1613060814539744,0,0,saved_q_group_rows_no_fit_points,-,-,0.13,46,1.5493658459352315,1.573499270326746,1.561432558130989,1206,1206.0,pixel_count,3032.6899750355847,3032.6899750355847,0.0,2.514668304341281,2.514668304341281,0.0,3032.6899750355847,3032.6899750355847,0.0,2.514668304341281,,0,,,,False,2.514668304341281,0.0,51.68041229248047,55.50283432006836,53.662356961254375,2.5209646779731982
PbI2,4.0,4.0,detector_qspace_per_pixel,detector_qr_band_per_qz_bin_fast,False,4,3.1613060814539744,3.1613060814539744,0,0,saved_q_group_rows_no_fit_points,-,-,0.13,47,1.573499270326746,1.5976326947182606,1.5855659825225032,1215,1215.0,pixel_count,3051.214630723812,3051.214630723812,0.0,2.5112877619126026,2.5112877619126026,0.0,3051.214630723812,3051.214630723812,0.0,2.5112877619126026,,0,,,,False,2.5112877619126026,0.0,51.8819694519043,55.67804718017578,53.86058607600547,2.5823297424261584
PbI2,4.0,4.0,detector_qspace_per_pixel,detector_qr_band_per_qz_bin_fast,False,4,3.1613060814539744,3.1613060814539744,0,0,saved_q_group_rows_no_fit_points,-,-,0.13,48,1.5976326947182606,1.621766119109775,1.6096994069140178,1241,1241.0,pixel_count,3294.1231318629452,3294.1231318629452,0.0,2.6544102593577317,2.6544102593577317,0.0,3294.1231318629452,3294.1231318629452,0.0,2.6544102593577317,,0,,,,False,2.6544102593577317,0.0,52.05770492553711,55.88536834716797,54.04828099754169,2.777348476391316
PbI2,4.0,4.0,detector_qspace_per_pixel,detector_qr_band_per_qz_bin_fast,False,4,3.1613060814539744,3.1613060814539744,0,0,saved_q_group_rows_no_fit_points,-,-,0.13,49,1.621766119109775,1.6458995435012895,1.6338328313055324,1261,1261.0,pixel_count,3929.211800882929,3929.211800882929,0.0,3.115949088725558,3.115949088725558,0.0,3929.211800882929,3929.211800882929,0.0,3.115949088725558,,0,,,,False,3.115949088725558,0.0,52.272457122802734,56.05970764160156,54.24129594969093,3.1315778298285353
PbI2,4.0,4.0,detector_qspace_per_pixel,detector_qr_band_per_qz_bin_fast,False,4,3.1613060814539744,3.1613060814539744,0,0,saved_q_group_rows_no_fit_points,-,-,0.13,50,1.6458995435012895,1.670032967892804,1.6579662556970467,1278,1278.0,pixel_count,4520.960233940389,4520.960233940389,0.0,3.5375275695934185,3.5375275695934185,0.0,4520.960233940389,4520.960233940389,0.0,3.5375275695934185,,0,,,,False,3.5375275695934185,0.0,52.472686767578125,56.26557540893555,54.4413067872366,3.609990581462706
PbI2,4.0,4.0,detector_qspace_per_pixel,detector_qr_band_per_qz_bin_fast,False,4,3.1613060814539744,3.1613060814539744,0,0,saved_q_group_rows_no_fit_points,-,-,0.13,51,1.670032967892804,1.6941663922843184,1.6820996800885613,1302,1302.0,pixel_count,5296.641846277618,5296.641846277618,0.0,4.0680812951441,4.0680812951441,0.0,5296.641846277618,5296.641846277618,0.0,4.0680812951441,,0,,,,False,4.0680812951441,0.0,52.686302185058594,56.47052001953125,54.64497865330238,4.279874364291228
PbI2,4.0,4.0,detector_qspace_per_pixel,detector_qr_band_per_qz_bin_fast,False,4,3.1613060814539744,3.1613060814539744,0,0,saved_q_group_rows_no_fit_points,-,-,0.13,52,1.6941663922843184,1.7182998166758332,1.7062331044800758,1326,1326.0,pixel_count,6777.286533450925,6777.286533450925,0.0,5.1110758170821455,5.1110758170821455,0.0,6777.286533450925,6777.286533450925,0.0,5.1110758170821455,,0,,,,False,5.1110758170821455,0.0,52.8612174987793,56.674495697021484,54.84157382309133,5.245289540441328
PbI2,4.0,4.0,detector_qspace_per_pixel,detector_qr_band_per_qz_bin_fast,False,4,3.1613060814539744,3.1613060814539744,0,0,saved_q_group_rows_no_fit_points,-,-,0.13,53,1.7182998166758332,1.7424332410673478,1.7303665288715906,1347,1347.0,pixel_count,8700.949298507247,8700.949298507247,0.0,6.459502077585187,6.459502077585187,0.0,8700.949298507247,8700.949298507247,0.0,6.459502077585187,,0,,,,False,6.459502077585187,0.0,53.07384490966797,56.84638595581055,55.04682656144902,6.4163514804723665
PbI2,4.0,4.0,detector_qspace_per_pixel,detector_qr_band_per_qz_bin_fast,False,4,3.1613060814539744,3.1613060814539744,0,0,saved_q_group_rows_no_fit_points,-,-,0.13,54,1.7424332410673478,1.766566665458862,1.754499953263105,1370,1370.0,pixel_count,10499.447784426744,10499.447784426744,0.0,7.663830499581565,7.663830499581565,0.0,10499.447784426744,10499.447784426744,0.0,7.663830499581565,,0,,,,False,7.663830499581565,0.0,53.28575134277344,57.05979919433594,55.25282137252867,7.542303919519902
PbI2,4.0,4.0,detector_qspace_per_pixel,detector_qr_band_per_qz_bin_fast,False,4,3.1613060814539744,3.1613060814539744,0,0,saved_q_group_rows_no_fit_points,-,-,0.13,55,1.766566665458862,1.7907000898503767,1.7786333776546193,1396,1396.0,pixel_count,12207.802412693658,12207.802412693658,0.0,8.744844135167376,8.744844135167376,0.0,12207.802412693658,12207.802412693658,0.0,8.744844135167376,,0,,,,False,8.744844135167376,0.0,53.496891021728516,57.26095199584961,55.459539383660406,8.262927653414128
PbI2,4.0,4.0,detector_qspace_per_pixel,detector_qr_band_per_qz_bin_fast,False,4,3.1613060814539744,3.1613060814539744,0,0,saved_q_group_rows_no_fit_points,-,-,0.13,56,1.7907000898503767,1.8148335142418912,1.802766802046134,1420,1420.0,pixel_count,12627.122730887768,12627.122730887768,0.0,8.892339951329413,8.892339951329413,0.0,12627.122730887768,12627.122730887768,0.0,8.892339951329413,,0,,,,False,8.892339951329413,0.0,53.721412658691406,57.47220993041992,55.67121698385075,8.074288350248395
PbI2,4.0,4.0,detector_qspace_per_pixel,detector_qr_band_per_qz_bin_fast,False,4,3.1613060814539744,3.1613060814539744,0,0,saved_q_group_rows_no_fit_points,-,-,0.13,57,1.8148335142418912,1.8389669386334055,1.8269002264376484,1452,1452.0,pixel_count,10025.078476166567,10025.078476166567,0.0,6.904324019398462,6.904324019398462,0.0,10025.078476166567,10025.078476166567,0.0,6.904324019398462,,0,,,,False,6.904324019398462,0.0,53.930904388427734,57.671119689941406,55.88394616458251,6.899971034720913
PbI2,4.0,4.0,detector_qspace_per_pixel,detector_qr_band_per_qz_bin_fast,False,4,3.1613060814539744,3.1613060814539744,0,0,saved_q_group_rows_no_fit_points,-,-,0.13,58,1.8389669386334055,1.8631003630249203,1.851033650829163,1476,1476.0,pixel_count,7602.654921733287,7602.654921733287,0.0,5.1508502179764815,5.1508502179764815,0.0,7602.654921733287,7602.654921733287,0.0,5.1508502179764815,,0,,,,False,5.1508502179764815,0.0,54.139503479003906,57.88007354736328,56.09727527332108,5.455281428285462
PbI2,4.0,4.0,detector_qspace_per_pixel,detector_qr_band_per_qz_bin_fast,False,4,3.1613060814539744,3.1613060814539744,0,0,saved_q_group_rows_no_fit_points,-,-,0.13,59,1.8631003630249203,1.8872337874164347,1.8751670752206775,1494,1494.0,pixel_count,6215.638091093698,6215.638091093698,0.0,4.160400328710641,4.160400328710641,0.0,6215.638091093698,6215.638091093698,0.0,4.160400328710641,,0,,,,False,4.160400328710641,0.0,54.3830680847168,58.087825775146484,56.31310084212477,4.354908192394944
PbI2,4.0,4.0,detector_qspace_per_pixel,detector_qr_band_per_qz_bin_fast,False,4,3.1613060814539744,3.1613060814539744,0,0,saved_q_group_rows_no_fit_points,-,-,0.13,60,1.8872337874164347,1.9113672118079492,1.8993004996121918,1536,1536.0,pixel_count,5354.5912716246075,5354.5912716246075,0.0,3.4860620257972705,3.4860620257972705,0.0,5354.5912716246075,5354.5912716246075,0.0,3.4860620257972705,,0,,,,False,3.4860620257972705,0.0,54.6036376953125,58.323394775390625,56.532237434669234,3.6972893330571592
PbI2,4.0,4.0,detector_qspace_per_pixel,detector_qr_band_per_qz_bin_fast,False,4,3.1613060814539744,3.1613060814539744,0,0,saved_q_group_rows_no_fit_points,-,-,0.13,61,1.9113672118079492,1.935500636199464,1.9234339240037066,1564,1564.0,pixel_count,5107.8014080423545,5107.8014080423545,0.0,3.2658576777764416,3.2658576777764416,0.0,5107.8014080423545,5107.8014080423545,0.0,3.2658576777764416,,0,,,,False,3.2658576777764416,0.0,54.82319641113281,58.528343200683594,56.74969365508054,3.418750702428791
PbI2,4.0,4.0,detector_qspace_per_pixel,detector_qr_band_per_qz_bin_fast,False,4,3.1613060814539744,3.1613060814539744,0,0,saved_q_group_rows_no_fit_points,-,-,0.13,62,1.935500636199464,1.9596340605909783,1.9475673483952212,1597,1597.0,pixel_count,5450.082938985887,5450.082938985887,0.0,3.4127006505860282,3.4127006505860282,0.0,5450.082938985887,5450.082938985887,0.0,3.4127006505860282,,0,,,,False,3.4127006505860282,0.0,55.04169845581055,58.76042556762695,56.97416855566118,3.3753596536946686
PbI2,4.0,4.0,detector_qspace_per_pixel,detector_qr_band_per_qz_bin_fast,False,4,3.1613060814539744,3.1613060814539744,0,0,saved_q_group_rows_no_fit_points,-,-,0.13,63,1.9596340605909783,1.9837674849824927,1.9717007727867355,1629,1629.0,pixel_count,5518.449777205673,5518.449777205673,0.0,3.387630311360143,3.387630311360143,0.0,5518.449777205673,5518.449777205673,0.0,3.387630311360143,,0,,,,False,3.387630311360143,0.0,55.27946853637695,58.99055099487305,57.19969409951247,3.387502230988937
PbI2,4.0,4.0,detector_qspace_per_pixel,detector_qr_band_per_qz_bin_fast,False,4,3.1613060814539744,3.1613060814539744,0,0,saved_q_group_rows_no_fit_points,-,-,0.13,64,1.9837674849824927,2.0079009093740074,1.99583419717825,1661,1661.0,pixel_count,5546.7872960535315,5546.7872960535315,0.0,3.3394264274855696,3.3394264274855696,0.0,5546.7872960535315,5546.7872960535315,0.0,3.3394264274855696,,0,,,,False,3.3394264274855696,0.0,55.50953674316406,59.202030181884766,57.4280267093551,3.440808983006405
PbI2,4.0,4.0,detector_qspace_per_pixel,detector_qr_band_per_qz_bin_fast,False,4,3.1613060814539744,3.1613060814539744,0,0,saved_q_group_rows_no_fit_points,-,-,0.13,65,2.0079009093740074,2.032034333765522,2.019967621569765,1699,1699.0,pixel_count,6044.246734979362,6044.246734979362,0.0,3.557531921706511,3.557531921706511,0.0,6044.246734979362,6044.246734979362,0.0,3.557531921706511,,0,,,,False,3.557531921706511,0.0,55.72429656982422,59.42848587036133,57.65468909688762,3.6075343868582816
PbI2,4.0,4.0,detector_qspace_per_pixel,detector_qr_band_per_qz_bin_fast,False,4,3.1613060814539744,3.1613060814539744,0,0,saved_q_group_rows_no_fit_points,-,-,0.13,66,2.032034333765522,2.056167758157036,2.0441010459612787,1735,1735.0,pixel_count,6753.580338990757,6753.580338990757,0.0,3.892553509504759,3.892553509504759,0.0,6753.580338990757,6753.580338990757,0.0,3.892553509504759,,0,,,,False,3.892553509504759,0.0,55.971290588378906,59.6639289855957,57.885522635324776,3.8454972537372507
PbI2,4.0,4.0,detector_qspace_per_pixel,detector_qr_band_per_qz_bin_fast,False,4,3.1613060814539744,3.1613060814539744,0,0,saved_q_group_rows_no_fit_points,-,-,0.13,67,2.056167758157036,2.080301182548551,2.0682344703527935,1774,1774.0,pixel_count,7250.819135448779,7250.819135448779,0.0,4.087271215021859,4.087271215021859,0.0,7250.819135448779,7250.819135448779,0.0,4.087271215021859,,0,,,,False,4.087271215021859,0.0,56.21632385253906,59.87049102783203,58.11699332981245,4.0560329718963875
PbI2,4.0,4.0,detector_qspace_per_pixel,detector_qr_band_per_qz_bin_fast,False,4,3.1613060814539744,3.1613060814539744,0,0,saved_q_group_rows_no_fit_points,-,-,0.13,68,2.080301182548551,2.1044346069400652,2.0923678947443083,1814,1814.0,pixel_count,7619.939985042672,7619.939985042672,0.0,4.200628437178981,4.200628437178981,0.0,7619.939985042672,7619.939985042672,0.0,4.200628437178981,,0,,,,False,4.200628437178981,0.0,56.44066619873047,60.102020263671875,58.35188900996745,4.2331033568743255
PbI2,4.0,4.0,detector_qspace_per_pixel,detector_qr_band_per_qz_bin_fast,False,4,3.1613060814539744,3.1613060814539744,0,0,saved_q_group_rows_no_fit_points,-,-,0.13,69,2.1044346069400652,2.1285680313315796,2.116501319135822,1856,1856.0,pixel_count,8195.6770460165,8195.6770460165,0.0,4.415774270483029,4.415774270483029,0.0,8195.6770460165,8195.6770460165,0.0,4.415774270483029,,0,,,,False,4.415774270483029,0.0,56.68203353881836,60.35748291015625,58.59138910110268,4.410506576799417
PbI2,4.0,4.0,detector_qspace_per_pixel,detector_qr_band_per_qz_bin_fast,False,4,3.1613060814539744,3.1613060814539744,0,0,saved_q_group_rows_no_fit_points,-,-,0.13,70,2.1285680313315796,2.1527014557230943,2.140634743527337,1900,1900.0,pixel_count,8915.593152985519,8915.593152985519,0.0,4.6924174489397465,4.6924174489397465,0.0,8915.593152985519,8915.593152985519,0.0,4.6924174489397465,,0,,,,False,4.6924174489397465,0.0,56.91715621948242,60.58435821533203,58.827634080889844,4.52812888077756
PbI2,4.0,4.0,detector_qspace_per_pixel,detector_qr_band_per_qz_bin_fast,False,4,3.1613060814539744,3.1613060814539744,0,0,saved_q_group_rows_no_fit_points,-,-,0.13,71,2.1527014557230943,2.1768348801146087,2.1647681679188517,1946,1946.0,pixel_count,8531.034774010415,8531.034774010415,0.0,4.383882206582947,4.383882206582947,0.0,8531.034774010415,8531.034774010415,0.0,4.383882206582947,,0,,,,False,4.383882206582947,0.0,57.154685974121094,60.81979751586914,59.067876830259856,4.592742156225077
PbI2,4.0,4.0,detector_qspace_per_pixel,detector_qr_band_per_qz_bin_fast,False,4,3.1613060814539744,3.1613060814539744,0,0,saved_q_group_rows_no_fit_points,-,-,0.13,72,2.1768348801146087,2.200968304506123,2.1889015923103656,1991,1991.0,pixel_count,9542.698549821867,9542.698549821867,0.0,4.792917403225448,4.792917403225448,0.0,9542.698549821867,9542.698549821867,0.0,4.792917403225448,,0,,,,False,4.792917403225448,0.0,57.40386962890625,61.042259216308594,59.30911646600874,4.748404776034068
PbI2,4.0,4.0,detector_qspace_per_pixel,detector_qr_band_per_qz_bin_fast,False,4,3.1613060814539744,3.1613060814539744,0,0,saved_q_group_rows_no_fit_points,-,-,0.13,73,2.200968304506123,2.225101728897638,2.2130350167018804,2040,2040.0,pixel_count,10107.1885337321,10107.1885337321,0.0,4.95450418320201,4.95450418320201,0.0,10107.1885337321,10107.1885337321,0.0,4.95450418320201,,0,,,,False,4.95450418320201,0.0,57.66447830200195,61.29783630371094,59.55430581762636,4.962870379813195
PbI2,4.0,4.0,detector_qspace_per_pixel,detector_qr_band_per_qz_bin_fast,False,4,3.1613060814539744,3.1613060814539744,0,0,saved_q_group_rows_no_fit_points,-,-,0.13,74,2.225101728897638,2.2492351532891526,2.237168441093395,2090,2090.0,pixel_count,10767.210720147637,10767.210720147637,0.0,5.151775464185472,5.151775464185472,0.0,10767.210720147637,10767.210720147637,0.0,5.151775464185472,,0,,,,False,5.151775464185472,0.0,57.90911102294922,61.52606201171875,59.80018632056425,5.193411443437066
PbI2,4.0,4.0,detector_qspace_per_pixel,detector_qr_band_per_qz_bin_fast,False,4,3.1613060814539744,3.1613060814539744,0,0,saved_q_group_rows_no_fit_points,-,-,0.13,75,2.2492351532891526,2.273368577680667,2.26130186548491,2147,2147.0,pixel_count,11764.613781352557,11764.613781352557,0.0,5.479559283350049,5.479559283350049,0.0,11764.613781352557,11764.613781352557,0.0,5.479559283350049,,0,,,,False,5.479559283350049,0.0,58.16497802734375,61.77595138549805,60.04799395228815,5.446221618268748
PbI2,4.0,4.0,detector_qspace_per_pixel,detector_qr_band_per_qz_bin_fast,False,4,3.1613060814539744,3.1613060814539744,0,0,saved_q_group_rows_no_fit_points,-,-,0.13,76,2.273368577680667,2.2975020020721817,2.2854352898764243,2203,2203.0,pixel_count,12556.998087512926,12556.998087512926,0.0,5.699953739225114,5.699953739225114,0.0,12556.998087512926,12556.998087512926,0.0,5.699953739225114,,0,,,,False,5.699953739225114,0.0,58.41840362548828,62.03318786621094,60.29704799042148,5.685422117924853
PbI2,4.0,4.0,detector_qspace_per_pixel,detector_qr_band_per_qz_bin_fast,False,4,3.1613060814539744,3.1613060814539744,0,0,saved_q_group_rows_no_fit_points,-,-,0.13,77,2.2975020020721817,2.321635426463696,2.3095687142679386,2260,2260.0,pixel_count,13251.903352534919,13251.903352534919,0.0,5.863674049794212,5.863674049794212,0.0,13251.903352534919,13251.903352534919,0.0,5.863674049794212,,0,,,,False,5.863674049794212,0.0,58.669368743896484,62.27695083618164,60.552955820839166,5.927767208399418
PbI2,4.0,4.0,detector_qspace_per_pixel,detector_qr_band_per_qz_bin_fast,False,4,3.1613060814539744,3.1613060814539744,0,0,saved_q_group_rows_no_fit_points,-,-,0.13,78,2.321635426463696,2.3457688508552104,2.3337021386594534,2319,2319.0,pixel_count,14436.925705325022,14436.925705325022,0.0,6.225496207557146,6.225496207557146,0.0,14436.925705325022,14436.925705325022,0.0,6.225496207557146,,0,,,,False,6.225496207557146,0.0,58.91786575317383,62.52791213989258,60.80243692466183,6.211943194087101
PbI2,4.0,4.0,detector_qspace_per_pixel,detector_qr_band_per_qz_bin_fast,False,4,3.1613060814539744,3.1613060814539744,0,0,saved_q_group_rows_no_fit_points,-,-,0.13,79,2.3457688508552104,2.369902275246725,2.3578355630509678,2390,2390.0,pixel_count,15611.852109635684,15611.852109635684,0.0,6.532155694408236,6.532155694408236,0.0,15611.852109635684,15611.852109635684,0.0,6.532155694408236,,0,,,,False,6.532155694408236,0.0,59.163875579833984,62.785823822021484,61.058995208013194,6.494196954087499
PbI2,4.0,4.0,detector_qspace_per_pixel,detector_qr_band_per_qz_bin_fast,False,4,3.1613060814539744,3.1613060814539744,0,0,saved_q_group_rows_no_fit_points,-,-,0.13,80,2.369902275246725,2.3940356996382395,2.381968987442482,2441,2441.0,pixel_count,16484.457256091915,16484.457256091915,0.0,6.753157417489518,6.753157417489518,0.0,16484.457256091915,16484.457256091915,0.0,6.753157417489518,,0,,,,False,6.753157417489518,0.0,59.448333740234375,63.03038024902344,61.31233375499008,6.723903788889486
PbI2,4.0,4.0,detector_qspace_per_pixel,detector_qr_band_per_qz_bin_fast,False,4,3.1613060814539744,3.1613060814539744,0,0,saved_q_group_rows_no_fit_points,-,-,0.13,81,2.3940356996382395,2.418169124029754,2.406102411833997,2536,2536.0,pixel_count,17514.153347931093,17514.153347931093,0.0,6.906211887985447,6.906211887985447,0.0,17514.153347931093,17514.153347931093,0.0,6.906211887985447,,0,,,,False,6.906211887985447,0.0,59.701812744140625,63.281734466552734,61.576486446141885,6.910169437743189
PbI2,4.0,4.0,detector_qspace_per_pixel,detector_qr_band_per_qz_bin_fast,False,4,3.1613060814539744,3.1613060814539744,0,0,saved_q_group_rows_no_fit_points,-,-,0.13,82,2.418169124029754,2.4423025484212686,2.430235836225511,2598,2598.0,pixel_count,18370.039721844685,18370.039721844685,0.0,7.070838999940218,7.070838999940218,0.0,18370.039721844685,18370.039721844685,0.0,7.070838999940218,,0,,,,False,7.070838999940218,0.0,59.952598571777344,63.55116653442383,61.83304963668716,7.088998753954824
PbI2,4.0,4.0,detector_qspace_per_pixel,detector_qr_band_per_qz_bin_fast,False,4,3.1613060814539744,3.1613060814539744,0,0,saved_q_group_rows_no_fit_points,-,-,0.13,83,2.4423025484212686,2.466435972812783,2.4543692606170255,2659,2659.0,pixel_count,19476.21094271542,19476.21094271542,0.0,7.324637436147206,7.324637436147206,0.0,19476.21094271542,19476.21094271542,0.0,7.324637436147206,,0,,,,False,7.324637436147206,0.0,60.22732162475586,63.81657028198242,62.103069135589834,7.261391211705469
PbI2,4.0,4.0,detector_qspace_per_pixel,detector_qr_band_per_qz_bin_fast,False,4,3.1613060814539744,3.1613060814539744,0,0,saved_q_group_rows_no_fit_points,-,-,0.13,84,2.466435972812783,2.4905693972042973,2.4785026850085403,2752,2752.0,pixel_count,20126.95568959453,20126.95568959453,0.0,7.313574015114292,7.313574015114292,0.0,20126.95568959453,20126.95568959453,0.0,7.313574015114292,,0,,,,False,7.313574015114292,0.0,60.484928131103516,64.057373046875,62.361979434224025,7.448924874686822
PbI2,4.0,4.0,detector_qspace_per_pixel,detector_qr_band_per_qz_bin_fast,False,4,3.1613060814539744,3.1613060814539744,0,0,saved_q_group_rows_no_fit_points,-,-,0.13,85,2.4905693972042973,2.514702821595812,2.5026361094000547,2837,2837.0,pixel_count,21982.794763826256,21982.794763826256,0.0,7.748605838500619,7.748605838500619,0.0,21982.794763826256,21982.794763826256,0.0,7.748605838500619,,0,,,,False,7.748605838500619,0.0,60.765403747558594,64.3247299194336,62.62776295033896,7.716475623785234
PbI2,4.0,4.0,detector_qspace_per_pixel,detector_qr_band_per_qz_bin_fast,False,4,3.1613060814539744,3.1613060814539744,0,0,saved_q_group_rows_no_fit_points,-,-,0.13,86,2.514702821595812,2.5388362459873264,2.526769533791569,2925,2925.0,pixel_count,23436.565556726426,23436.565556726426,0.0,8.012501045034675,8.012501045034675,0.0,23436.565556726426,23436.565556726426,0.0,8.012501045034675,,0,,,,False,8.012501045034675,0.0,61.04212951660156,64.58795928955078,62.89760452752238,8.023280476775941
PbI2,4.0,4.0,detector_qspace_per_pixel,detector_qr_band_per_qz_bin_fast,False,4,3.1613060814539744,3.1613060814539744,0,0,saved_q_group_rows_no_fit_points,-,-,0.13,87,2.5388362459873264,2.5629696703788407,2.5509029581830838,3019,3019.0,pixel_count,25130.926381078578,25130.926381078578,0.0,8.32425517756826,8.32425517756826,0.0,25130.926381078578,25130.926381078578,0.0,8.32425517756826,,0,,,,False,8.32425517756826,0.0,61.315128326416016,64.85638427734375,63.16594830895525,8.345984318703614
PbI2,4.0,4.0,detector_qspace_per_pixel,detector_qr_band_per_qz_bin_fast,False,4,3.1613060814539744,3.1613060814539744,0,0,saved_q_group_rows_no_fit_points,-,-,0.13,88,2.5629696703788407,2.5871030947703555,2.575036382574598,3116,3116.0,pixel_count,26966.133213901154,26966.133213901154,0.0,8.654086397272515,8.654086397272515,0.0,26966.133213901154,26966.133213901154,0.0,8.654086397272515,,0,,,,False,8.654086397272515,0.0,61.57204818725586,65.12054443359375,63.4383215481054,8.723214601131126
PbI2,4.0,4.0,detector_qspace_per_pixel,detector_qr_band_per_qz_bin_fast,False,4,3.1613060814539744,3.1613060814539744,0,0,saved_q_group_rows_no_fit_points,-,-,0.13,89,2.5871030947703555,2.61123651916187,2.5991698069661124,3218,3218.0,pixel_count,29601.668881903504,29601.668881903504,0.0,9.198778397111095,9.198778397111095,0.0,29601.668881903504,29601.668881903504,0.0,9.198778397111095,,0,,,,False,9.198778397111095,0.0,61.84992218017578,65.39922332763672,63.709448715158665,9.14426843424772
PbI2,4.0,4.0,detector_qspace_per_pixel,detector_qr_band_per_qz_bin_fast,False,4,3.1613060814539744,3.1613060814539744,0,0,saved_q_group_rows_no_fit_points,-,-,0.13,90,2.61123651916187,2.635369943553384,2.623303231357627,3332,3332.0,pixel_count,31975.910627211575,31975.910627211575,0.0,9.596611832896631,9.596611832896631,0.0,31975.910627211575,31975.910627211575,0.0,9.596611832896631,,0,,,,False,9.596611832896631,0.0,62.123870849609375,65.66357421875,63.986292216668204,9.501741613388067
PbI2,4.0,4.0,detector_qspace_per_pixel,detector_qr_band_per_qz_bin_fast,False,4,3.1613060814539744,3.1613060814539744,0,0,saved_q_group_rows_no_fit_points,-,-,0.13,91,2.635369943553384,2.659503367944899,2.6474366557491416,3437,3437.0,pixel_count,33555.077379254064,33555.077379254064,0.0,9.762897113544971,9.762897113544971,0.0,33555.077379254064,33555.077379254064,0.0,9.762897113544971,,0,,,,False,9.762897113544971,0.0,62.4171028137207,65.93276977539062,64.2598003836035,9.725372207599825
PbI2,4.0,4.0,detector_qspace_per_pixel,detector_qr_band_per_qz_bin_fast,False,4,3.1613060814539744,3.1613060814539744,0,0,saved_q_group_rows_no_fit_points,-,-,0.13,92,2.659503367944899,2.6836367923364137,2.6715700801406563,3566,3566.0,pixel_count,35342.43527446186,35342.43527446186,0.0,9.910946515552961,9.910946515552961,0.0,35342.43527446186,35342.43527446186,0.0,9.910946515552961,,0,,,,False,9.910946515552961,0.0,62.694427490234375,66.21453857421875,64.54076224330299,9.82735592780229
PbI2,4.0,4.0,detector_qspace_per_pixel,detector_qr_band_per_qz_bin_fast,False,4,3.1613060814539744,3.1613060814539744,0,0,saved_q_group_rows_no_fit_points,-,-,0.13,93,2.6836367923364137,2.707770216727928,2.6957035045321707,3691,3691.0,pixel_count,36158.21481781869,36158.21481781869,0.0,9.796319376271658,9.796319376271658,0.0,36158.21481781869,36158.21481781869,0.0,9.796319376271658,,0,,,,False,9.796319376271658,0.0,62.97905349731445,66.49112701416016,64.8202052425462,9.865314624162288
PbI2,4.0,4.0,detector_qspace_per_pixel,detector_qr_band_per_qz_bin_fast,False,4,3.1613060814539744,3.1613060814539744,0,0,saved_q_group_rows_no_fit_points,-,-,0.13,94,2.707770216727928,2.731903641119443,2.7198369289236854,3824,3824.0,pixel_count,37851.36117486511,37851.36117486511,0.0,9.89836850807142,9.89836850807142,0.0,37851.36117486511,37851.36117486511,0.0,9.89836850807142,,0,,,,False,9.89836850807142,0.0,63.25933837890625,66.76261138916016,65.10074885186945,9.94856726103377
PbI2,4.0,4.0,detector_qspace_per_pixel,detector_qr_band_per_qz_bin_fast,False,4,3.1613060814539744,3.1613060814539744,0,0,saved_q_group_rows_no_fit_points,-,-,0.13,95,2.731903641119443,2.756037065510957,2.7439703533152002,3964,3964.0,pixel_count,40086.180606941845,40086.180606941845,0.0,10.11255817531328,10.11255817531328,0.0,40086.180606941845,40086.180606941845,0.0,10.11255817531328,,0,,,,False,10.11255817531328,0.0,63.545654296875,67.05380249023438,65.38324447025569,10.096519189323693
PbI2,4.0,4.0,detector_qspace_per_pixel,detector_qr_band_per_qz_bin_fast,False,4,3.1613060814539744,3.1613060814539744,0,0,saved_q_group_rows_no_fit_points,-,-,0.13,96,2.756037065510957,2.7801704899024715,2.768103777706714,4115,4115.0,pixel_count,42349.88016188748,42349.88016188748,0.0,10.291586916619071,10.291586916619071,0.0,42349.88016188748,42349.88016188748,0.0,10.291586916619071,,0,,,,False,10.291586916619071,0.0,63.82805633544922,67.32301330566406,65.66945975276766,10.224790869524822
PbI2,4.0,4.0,detector_qspace_per_pixel,detector_qr_band_per_qz_bin_fast,False,4,3.1613060814539744,3.1613060814539744,0,0,saved_q_group_rows_no_fit_points,+,+,0.13,1,0.46336174831707855,0.48749517270859305,0.4754284605128358,702,702.0,pixel_count,-8066.636561897004,-8066.636561897004,0.0,-11.490935273357556,-11.490935273357556,0.0,-8066.636561897004,-8066.636561897004,0.0,-11.490935273357556,,0,,,,False,-11.490935273357556,0.0,43.98310470581055,47.93364715576172,46.01493359900621,-11.336000063467996
PbI2,4.0,4.0,detector_qspace_per_pixel,detector_qr_band_per_qz_bin_fast,False,4,3.1613060814539744,3.1613060814539744,0,0,saved_q_group_rows_no_fit_points,+,+,0.13,2,0.48749517270859305,0.5116285971001077,0.4995618849043504,704,704.0,pixel_count,-7760.288106186359,-7760.288106186359,0.0,-11.02313651446926,-11.02313651446926,0.0,-7760.288106186359,-7760.288106186359,0.0,-11.02313651446926,,0,,,,False,-11.02313651446926,0.0,44.0191650390625,48.00200271606445,46.0887059920539,-11.07823106036044
PbI2,4.0,4.0,detector_qspace_per_pixel,detector_qr_band_per_qz_bin_fast,False,4,3.1613060814539744,3.1613060814539744,0,0,saved_q_group_rows_no_fit_points,+,+,0.13,3,0.5116285971001077,0.5357620214916221,0.5236953092958649,707,707.0,pixel_count,-7638.254338784651,-7638.254338784651,0.0,-10.803754368860892,-10.803754368860892,0.0,-7638.254338784651,-7638.254338784651,0.0,-10.803754368860892,,0,,,,False,-10.803754368860892,0.0,44.14129638671875,48.072059631347656,46.17387836729335,-10.792516839539967
PbI2,4.0,4.0,detector_qspace_per_pixel,detector_qr_band_per_qz_bin_fast,False,4,3.1613060814539744,3.1613060814539744,0,0,saved_q_group_rows_no_fit_points,+,+,0.13,4,0.5357620214916221,0.5598954458831366,0.5478287336873793,714,714.0,pixel_count,-7480.944983405488,-7480.944983405488,0.0,-10.477513982360627,-10.477513982360627,0.0,-7480.944983405488,-7480.944983405488,0.0,-10.477513982360627,,0,,,,False,-10.477513982360627,0.0,44.219844818115234,48.17731857299805,46.24872388564691,-10.548151602027387
PbI2,4.0,4.0,detector_qspace_per_pixel,detector_qr_band_per_qz_bin_fast,False,4,3.1613060814539744,3.1613060814539744,0,0,saved_q_group_rows_no_fit_points,+,+,0.13,5,0.5598954458831366,0.5840288702746511,0.5719621580788938,715,715.0,pixel_count,-7423.964913625606,-7423.964913625606,0.0,-10.383167711364484,-10.383167711364484,0.0,-7423.964913625606,-7423.964913625606,0.0,-10.383167711364484,,0,,,,False,-10.383167711364484,0.0,44.307037353515625,48.250545501708984,46.3497414464662,-10.342736582800278
PbI2,4.0,4.0,detector_qspace_per_pixel,detector_qr_band_per_qz_bin_fast,False,4,3.1613060814539744,3.1613060814539744,0,0,saved_q_group_rows_no_fit_points,+,+,0.13,6,0.5840288702746511,0.6081622946661657,0.5960955824704084,724,724.0,pixel_count,-7369.657861311373,-7369.657861311373,0.0,-10.17908544380024,-10.17908544380024,0.0,-7369.657861311373,-7369.657861311373,0.0,-10.17908544380024,,0,,,,False,-10.17908544380024,0.0,44.38894271850586,48.358585357666016,46.4270784675434,-10.093253714068869
PbI2,4.0,4.0,detector_qspace_per_pixel,detector_qr_band_per_qz_bin_fast,False,4,3.1613060814539744,3.1613060814539744,0,0,saved_q_group_rows_no_fit_points,+,+,0.13,7,0.6081622946661657,0.6322957190576802,0.620229006861923,724,724.0,pixel_count,-7044.956433861195,-7044.956433861195,0.0,-9.730602809200546,-9.730602809200546,0.0,-7044.956433861195,-7044.956433861195,0.0,-9.730602809200546,,0,,,,False,-9.730602809200546,0.0,44.472347259521484,48.434852600097656,46.53306790081779,-9.751334057068082
PbI2,4.0,4.0,detector_qspace_per_pixel,detector_qr_band_per_qz_bin_fast,False,4,3.1613060814539744,3.1613060814539744,0,0,saved_q_group_rows_no_fit_points,+,+,0.13,8,0.6322957190576802,0.6564291434491947,0.6443624312534375,735,735.0,pixel_count,-6947.578658995889,-6947.578658995889,0.0,-9.452487971422977,-9.452487971422977,0.0,-6947.578658995889,-6947.578658995889,0.0,-9.452487971422977,,0,,,,False,-9.452487971422977,0.0,44.5651741027832,48.545528411865234,46.61498658637337,-9.307759763572179
PbI2,4.0,4.0,detector_qspace_per_pixel,detector_qr_band_per_qz_bin_fast,False,4,3.1613060814539744,3.1613060814539744,0,0,saved_q_group_rows_no_fit_points,+,+,0.13,9,0.6564291434491947,0.6805625678407091,0.6684958556449518,735,735.0,pixel_count,-6460.475251104969,-6460.475251104969,0.0,-8.789762246401319,-8.789762246401319,0.0,-6460.475251104969,-6460.475251104969,0.0,-8.789762246401319,,0,,,,False,-8.789762246401319,0.0,44.6977424621582,48.624698638916016,46.72307372524669,-8.665668368073508
PbI2,4.0,4.0,detector_qspace_per_pixel,detector_qr_band_per_qz_bin_fast,False,4,3.1613060814539744,3.1613060814539744,0,0,saved_q_group_rows_no_fit_points,+,+,0.13,10,0.6805625678407091,0.7046959922322237,0.6926292800364664,741,741.0,pixel_count,-5878.247359961586,-5878.247359961586,0.0,-7.932857435845595,-7.932857435845595,0.0,-5878.247359961586,-5878.247359961586,0.0,-7.932857435845595,,0,,,,False,-7.932857435845595,0.0,44.785797119140625,48.73786544799805,46.82353630279943,-7.732386264047374
PbI2,4.0,4.0,detector_qspace_per_pixel,detector_qr_band_per_qz_bin_fast,False,4,3.1613060814539744,3.1613060814539744,0,0,saved_q_group_rows_no_fit_points,+,+,0.13,11,0.7046959922322237,0.7288294166237382,0.716762704427981,749,749.0,pixel_count,-4965.4252403972105,-4965.4252403972105,0.0,-6.62940619545689,-6.62940619545689,0.0,-4965.4252403972105,-4965.4252403972105,0.0,-6.62940619545689,,0,,,,False,-6.62940619545689,0.0,44.884029388427734,48.81980895996094,46.92551234067834,-6.438300542791478
PbI2,4.0,4.0,detector_qspace_per_pixel,detector_qr_band_per_qz_bin_fast,False,4,3.1613060814539744,3.1613060814539744,0,0,saved_q_group_rows_no_fit_points,+,+,0.13,12,0.7288294166237382,0.7529628410152527,0.7408961288194955,750,750.0,pixel_count,-3744.1551670081826,-3744.1551670081826,0.0,-4.992206889344243,-4.992206889344243,0.0,-3744.1551670081826,-3744.1551670081826,0.0,-4.992206889344243,,0,,,,False,-4.992206889344243,0.0,44.975032806396484,48.93532180786133,47.03291767703223,-4.7107907429570925
PbI2,4.0,4.0,detector_qspace_per_pixel,detector_qr_band_per_qz_bin_fast,False,4,3.1613060814539744,3.1613060814539744,0,0,saved_q_group_rows_no_fit_points,+,+,0.13,13,0.7529628410152527,0.7770962654067672,0.76502955321101,759,759.0,pixel_count,-2103.936312512732,-2103.936312512732,0.0,-2.77198460146605,-2.77198460146605,0.0,-2103.936312512732,-2103.936312512732,0.0,-2.77198460146605,,0,,,,False,-2.77198460146605,0.0,45.11359405517578,49.0594596862793,47.149314698961994,-2.5068894349508675
PbI2,4.0,4.0,detector_qspace_per_pixel,detector_qr_band_per_qz_bin_fast,False,4,3.1613060814539744,3.1613060814539744,0,0,saved_q_group_rows_no_fit_points,+,+,0.13,14,0.7770962654067672,0.8012296897982817,0.7891629776025244,764,764.0,pixel_count,178.41686138583327,178.41686138583327,0.0,0.23352992327988648,0.23352992327988648,0.0,178.41686138583327,178.41686138583327,0.0,0.23352992327988648,,0,,,,False,0.23352992327988648,0.0,45.216835021972656,49.14544677734375,47.25521568172894,-0.18870133972131714
PbI2,4.0,4.0,detector_qspace_per_pixel,detector_qr_band_per_qz_bin_fast,False,4,3.1613060814539744,3.1613060814539744,0,0,saved_q_group_rows_no_fit_points,+,+,0.13,15,0.8012296897982817,0.8253631141897962,0.813296401994039,772,772.0,pixel_count,1992.4973586550798,1992.4973586550798,0.0,2.580955127791554,2.580955127791554,0.0,1992.4973586550798,1992.4973586550798,0.0,2.580955127791554,,0,,,,False,2.580955127791554,0.0,45.35824966430664,49.26428985595703,47.37045335351471,1.1878086377481607
PbI2,4.0,4.0,detector_qspace_per_pixel,detector_qr_band_per_qz_bin_fast,False,4,3.1613060814539744,3.1613060814539744,0,0,saved_q_group_rows_no_fit_points,+,+,0.13,16,0.8253631141897962,0.8494965385813108,0.8374298263855535,777,777.0,pixel_count,944.5801718872267,944.5801718872267,0.0,1.2156758968947576,1.2156758968947576,0.0,944.5801718872267,944.5801718872267,0.0,1.2156758968947576,,0,,,,False,1.2156758968947576,0.0,45.464717864990234,49.392276763916016,47.49200428437975,0.9669545960951484
PbI2,4.0,4.0,detector_qspace_per_pixel,detector_qr_band_per_qz_bin_fast,False,4,3.1613060814539744,3.1613060814539744,0,0,saved_q_group_rows_no_fit_points,+,+,0.13,17,0.8494965385813108,0.8736299629728252,0.8615632507770681,781,781.0,pixel_count,-198.0664019012303,-198.0664019012303,0.0,-0.25360614840106316,-0.25360614840106316,0.0,-198.0664019012303,-198.0664019012303,0.0,-0.25360614840106316,,0,,,,False,-0.25360614840106316,0.0,45.56243896484375,49.51306915283203,47.60904560000502,-0.10848160854593372
PbI2,4.0,4.0,detector_qspace_per_pixel,detector_qr_band_per_qz_bin_fast,False,4,3.1613060814539744,3.1613060814539744,0,0,saved_q_group_rows_no_fit_points,+,+,0.13,18,0.8736299629728252,0.8977633873643397,0.8856966751685824,788,788.0,pixel_count,-1045.2216907296531,-1045.2216907296531,0.0,-1.3264234653929607,-1.3264234653929607,0.0,-1045.2216907296531,-1045.2216907296531,0.0,-1.3264234653929607,,0,,,,False,-1.3264234653929607,0.0,45.7076416015625,49.643310546875,47.736767215354995,-1.1607830892556554
PbI2,4.0,4.0,detector_qspace_per_pixel,detector_qr_band_per_qz_bin_fast,False,4,3.1613060814539744,3.1613060814539744,0,0,saved_q_group_rows_no_fit_points,+,+,0.13,19,0.8977633873643397,0.9218968117558544,0.909830099560097,797,797.0,pixel_count,-1592.5270578182187,-1592.5270578182187,0.0,-1.9981518918672756,-1.9981518918672756,0.0,-1592.5270578182187,-1592.5270578182187,0.0,-1.9981518918672756,,0,,,,False,-1.9981518918672756,0.0,45.818458557128906,49.735233306884766,47.85447862254653,-1.9889808518398207
PbI2,4.0,4.0,detector_qspace_per_pixel,detector_qr_band_per_qz_bin_fast,False,4,3.1613060814539744,3.1613060814539744,0,0,saved_q_group_rows_no_fit_points,+,+,0.13,20,0.9218968117558544,0.9460302361473689,0.9339635239516116,804,804.0,pixel_count,-2211.463754138877,-2211.463754138877,0.0,-2.750576808630444,-2.750576808630444,0.0,-2211.463754138877,-2211.463754138877,0.0,-2.750576808630444,,0,,,,False,-2.750576808630444,0.0,45.96601867675781,49.8677864074707,47.988574708429574,-2.671357417290424
PbI2,4.0,4.0,detector_qspace_per_pixel,detector_qr_band_per_qz_bin_fast,False,4,3.1613060814539744,3.1613060814539744,0,0,saved_q_group_rows_no_fit_points,+,+,0.13,21,0.9460302361473689,0.9701636605388833,0.9580969483431261,814,814.0,pixel_count,-2733.1882754392295,-2733.1882754392295,0.0,-3.3577251541022477,-3.3577251541022477,0.0,-2733.1882754392295,-2733.1882754392295,0.0,-3.3577251541022477,,0,,,,False,-3.3577251541022477,0.0,46.079593658447266,50.03157424926758,48.116021877988665,-3.165137099697413
PbI2,4.0,4.0,detector_qspace_per_pixel,detector_qr_band_per_qz_bin_fast,False,4,3.1613060814539744,3.1613060814539744,0,0,saved_q_group_rows_no_fit_points,+,+,0.13,22,0.9701636605388833,0.9942970849303978,0.9822303727346405,815,815.0,pixel_count,-2872.2318984177036,-2872.2318984177036,0.0,-3.5242109183039307,-3.5242109183039307,0.0,-2872.2318984177036,-2872.2318984177036,0.0,-3.5242109183039307,,0,,,,False,-3.5242109183039307,0.0,46.22930908203125,50.12664794921875,48.25542861401524,-3.3482656263922115
PbI2,4.0,4.0,detector_qspace_per_pixel,detector_qr_band_per_qz_bin_fast,False,4,3.1613060814539744,3.1613060814539744,0,0,saved_q_group_rows_no_fit_points,+,+,0.13,23,0.9942970849303978,1.0184305093219124,1.0063637971261552,827,827.0,pixel_count,-2768.4449080215322,-2768.4449080215322,0.0,-3.347575463145746,-3.347575463145746,0.0,-2768.4449080215322,-2768.4449080215322,0.0,-3.347575463145746,,0,,,,False,-3.347575463145746,0.0,46.345462799072266,50.26206588745117,48.390565134033594,-3.200474908963752
PbI2,4.0,4.0,detector_qspace_per_pixel,detector_qr_band_per_qz_bin_fast,False,4,3.1613060814539744,3.1613060814539744,0,0,saved_q_group_rows_no_fit_points,+,+,0.13,24,1.0184305093219124,1.0425639337134267,1.0304972215176695,835,835.0,pixel_count,-2339.6360258728223,-2339.6360258728223,0.0,-2.8019593124225417,-2.8019593124225417,0.0,-2339.6360258728223,-2339.6360258728223,0.0,-2.8019593124225417,,0,,,,False,-2.8019593124225417,0.0,46.50912094116211,50.4278678894043,48.53056607359227,-2.848248820951286
PbI2,4.0,4.0,detector_qspace_per_pixel,detector_qr_band_per_qz_bin_fast,False,4,3.1613060814539744,3.1613060814539744,0,0,saved_q_group_rows_no_fit_points,+,+,0.13,25,1.0425639337134267,1.0666973581049413,1.0546306459091839,841,841.0,pixel_count,-2029.1983194991717,-2029.1983194991717,0.0,-2.412839856717208,-2.412839856717208,0.0,-2029.1983194991717,-2029.1983194991717,0.0,-2.412839856717208,,0,,,,False,-2.412839856717208,0.0,46.6617546081543,50.56483840942383,48.675906398849044,-2.5115366377303436
PbI2,4.0,4.0,detector_qspace_per_pixel,detector_qr_band_per_qz_bin_fast,False,4,3.1613060814539744,3.1613060814539744,0,0,saved_q_group_rows_no_fit_points,+,+,0.13,26,1.0666973581049413,1.090830782496456,1.0787640703006987,853,853.0,pixel_count,-1907.6927796012428,-1907.6927796012428,0.0,-2.2364510898021606,-2.2364510898021606,0.0,-1907.6927796012428,-1907.6927796012428,0.0,-2.2364510898021606,,0,,,,False,-2.2364510898021606,0.0,46.78151321411133,50.70263671875,48.813933183139135,-2.336231372311644
PbI2,4.0,4.0,detector_qspace_per_pixel,detector_qr_band_per_qz_bin_fast,False,4,3.1613060814539744,3.1613060814539744,0,0,saved_q_group_rows_no_fit_points,+,+,0.13,27,1.090830782496456,1.1149642068879704,1.1028974946922132,859,859.0,pixel_count,-1928.4008830791538,-1928.4008830791538,0.0,-2.2449370000921465,-2.2449370000921465,0.0,-1928.4008830791538,-1928.4008830791538,0.0,-2.2449370000921465,,0,,,,False,-2.2449370000921465,0.0,46.935813903808594,50.84121322631836,48.961550745081034,-2.342109349088254
PbI2,4.0,4.0,detector_qspace_per_pixel,detector_qr_band_per_qz_bin_fast,False,4,3.1613060814539744,3.1613060814539744,0,0,saved_q_group_rows_no_fit_points,+,+,0.13,28,1.1149642068879704,1.139097631279485,1.1270309190837278,871,871.0,pixel_count,-2254.827340684237,-2254.827340684237,0.0,-2.588779954861351,-2.588779954861351,0.0,-2254.827340684237,-2254.827340684237,0.0,-2.588779954861351,,0,,,,False,-2.588779954861351,0.0,47.103485107421875,50.98052215576172,49.11270399125798,-2.4018756540028017
PbI2,4.0,4.0,detector_qspace_per_pixel,detector_qr_band_per_qz_bin_fast,False,4,3.1613060814539744,3.1613060814539744,0,0,saved_q_group_rows_no_fit_points,+,+,0.13,29,1.139097631279485,1.1632310556709995,1.151164343475242,877,877.0,pixel_count,-2038.894971053617,-2038.894971053617,0.0,-2.3248517343826873,-2.3248517343826873,0.0,-2038.894971053617,-2038.894971053617,0.0,-2.3248517343826873,,0,,,,False,-2.3248517343826873,0.0,47.259151458740234,51.14871597290039,49.26396516828658,-2.3557656248984538
PbI2,4.0,4.0,detector_qspace_per_pixel,detector_qr_band_per_qz_bin_fast,False,4,3.1613060814539744,3.1613060814539744,0,0,saved_q_group_rows_no_fit_points,+,+,0.13,30,1.1632310556709995,1.1873644800625138,1.1752977678667567,888,888.0,pixel_count,-2001.626815839867,-2001.626815839867,0.0,-2.254084252071922,-2.254084252071922,0.0,-2001.626815839867,-2001.626815839867,0.0,-2.254084252071922,,0,,,,False,-2.254084252071922,0.0,47.428436279296875,51.28911209106445,49.425307817537494,-2.24096658568838
PbI2,4.0,4.0,detector_qspace_per_pixel,detector_qr_band_per_qz_bin_fast,False,4,3.1613060814539744,3.1613060814539744,0,0,saved_q_group_rows_no_fit_points,+,+,0.13,31,1.1873644800625138,1.2114979044540284,1.1994311922582712,901,901.0,pixel_count,-1947.4002353820729,-1947.4002353820729,0.0,-2.1613765098580164,-2.1613765098580164,0.0,-1947.4002353820729,-1947.4002353820729,0.0,-2.1613765098580164,,0,,,,False,-2.1613765098580164,0.0,47.55311584472656,51.468505859375,49.57495619578258,-2.0833534516646224
PbI2,4.0,4.0,detector_qspace_per_pixel,detector_qr_band_per_qz_bin_fast,False,4,3.1613060814539744,3.1613060814539744,0,0,saved_q_group_rows_no_fit_points,+,+,0.13,32,1.2114979044540284,1.235631328845543,1.2235646166497856,907,907.0,pixel_count,-1654.070978038641,-1654.070978038641,0.0,-1.8236725226445876,-1.8236725226445876,0.0,-1654.070978038641,-1654.070978038641,0.0,-1.8236725226445876,,0,,,,False,-1.8236725226445876,0.0,47.72410202026367,51.60993957519531,49.74184587686168,-1.861861714520411
PbI2,4.0,4.0,detector_qspace_per_pixel,detector_qr_band_per_qz_bin_fast,False,4,3.1613060814539744,3.1613060814539744,0,0,saved_q_group_rows_no_fit_points,+,+,0.13,33,1.235631328845543,1.2597647532370573,1.2476980410413,918,918.0,pixel_count,-1561.9092307115884,-1561.9092307115884,0.0,-1.701426177245739,-1.701426177245739,0.0,-1561.9092307115884,-1561.9092307115884,0.0,-1.701426177245739,,0,,,,False,-1.701426177245739,0.0,47.895782470703125,51.75188446044922,49.89761660141634,-1.594626638337152
PbI2,4.0,4.0,detector_qspace_per_pixel,detector_qr_band_per_qz_bin_fast,False,4,3.1613060814539744,3.1613060814539744,0,0,saved_q_group_rows_no_fit_points,+,+,0.13,34,1.2597647532370573,1.283898177628572,1.2718314654328147,930,930.0,pixel_count,-1062.7581514369026,-1062.7581514369026,0.0,-1.1427507004697877,-1.1427507004697877,0.0,-1062.7581514369026,-1062.7581514369026,0.0,-1.1427507004697877,,0,,,,False,-1.1427507004697877,0.0,48.06809997558594,51.932273864746094,50.068388602373595,-1.333824302085323
PbI2,4.0,4.0,detector_qspace_per_pixel,detector_qr_band_per_qz_bin_fast,False,4,3.1613060814539744,3.1613060814539744,0,0,saved_q_group_rows_no_fit_points,+,+,0.13,35,1.283898177628572,1.3080316020200866,1.2959648898243294,939,939.0,pixel_count,-1153.1610529071716,-1153.1610529071716,0.0,-1.2280735387722808,-1.2280735387722808,0.0,-1153.1610529071716,-1153.1610529071716,0.0,-1.2280735387722808,,0,,,,False,-1.2280735387722808,0.0,48.22707748413086,52.112770080566406,50.23266068876394,-1.1733244574735906
PbI2,4.0,4.0,detector_qspace_per_pixel,detector_qr_band_per_qz_bin_fast,False,4,3.1613060814539744,3.1613060814539744,0,0,saved_q_group_rows_no_fit_points,+,+,0.13,36,1.3080316020200866,1.332165026411601,1.3200983142158438,953,953.0,pixel_count,-997.2232719849198,-997.2232719849198,0.0,-1.0464042728068415,-1.0464042728068415,0.0,-997.2232719849198,-997.2232719849198,0.0,-1.0464042728068415,,0,,,,False,-1.0464042728068415,0.0,48.40034484863281,52.2557373046875,50.403490207333014,-1.046968032611221
PbI2,4.0,4.0,detector_qspace_per_pixel,detector_qr_band_per_qz_bin_fast,False,4,3.1613060814539744,3.1613060814539744,0,0,saved_q_group_rows_no_fit_points,+,+,0.13,37,1.332165026411601,1.3562984508031155,1.3442317386073581,965,965.0,pixel_count,-904.1117644565865,-904.1117644565865,0.0,-0.9369033828565663,-0.9369033828565663,0.0,-904.1117644565865,-904.1117644565865,0.0,-0.9369033828565663,,0,,,,False,-0.9369033828565663,0.0,48.57408142089844,52.43648910522461,50.57584083881643,-0.8772968101626867
PbI2,4.0,4.0,detector_qspace_per_pixel,detector_qr_band_per_qz_bin_fast,False,4,3.1613060814539744,3.1613060814539744,0,0,saved_q_group_rows_no_fit_points,+,+,0.13,38,1.3562984508031155,1.38043187519463,1.368365162998873,979,979.0,pixel_count,-618.8415475700855,-618.8415475700855,0.0,-0.6321159832176563,-0.6321159832176563,0.0,-618.8415475700855,-618.8415475700855,0.0,-0.6321159832176563,,0,,,,False,-0.6321159832176563,0.0,48.74822998046875,52.59148406982422,50.746552584717016,-0.6683272435103814
PbI2,4.0,4.0,detector_qspace_per_pixel,detector_qr_band_per_qz_bin_fast,False,4,3.1613060814539744,3.1613060814539744,0,0,saved_q_group_rows_no_fit_points,+,+,0.13,39,1.38043187519463,1.4045652995861444,1.3924985873903872,993,993.0,pixel_count,-446.56217391850976,-446.56217391850976,0.0,-0.44971014493304107,-0.44971014493304107,0.0,-446.56217391850976,-446.56217391850976,0.0,-0.44971014493304107,,0,,,,False,-0.44971014493304107,0.0,48.9227409362793,52.77239990234375,50.926659018850245,-0.47510106919156975
PbI2,4.0,4.0,detector_qspace_per_pixel,detector_qr_band_per_qz_bin_fast,False,4,3.1613060814539744,3.1613060814539744,0,0,saved_q_group_rows_no_fit_points,+,+,0.13,40,1.4045652995861444,1.428698723977659,1.4166320117819016,1005,1005.0,pixel_count,-335.1570118480631,-335.1570118480631,0.0,-0.3334895640279235,-0.3334895640279235,0.0,-335.1570118480631,-335.1570118480631,0.0,-0.3334895640279235,,0,,,,False,-0.3334895640279235,0.0,49.14141082763672,52.95317840576172,51.10433122585473,-0.31242481118096543
PbI2,4.0,4.0,detector_qspace_per_pixel,detector_qr_band_per_qz_bin_fast,False,4,3.1613060814539744,3.1613060814539744,0,0,saved_q_group_rows_no_fit_points,+,+,0.13,41,1.428698723977659,1.4528321483691735,1.4407654361734163,1013,1013.0,pixel_count,-119.01230374298899,-119.01230374298899,0.0,-0.11748499875912043,-0.11748499875912043,0.0,-119.01230374298899,-119.01230374298899,0.0,-0.11748499875912043,,0,,,,False,-0.11748499875912043,0.0,49.3162841796875,53.13376998901367,51.28905133341423,-0.16890046354457444
PbI2,4.0,4.0,detector_qspace_per_pixel,detector_qr_band_per_qz_bin_fast,False,4,3.1613060814539744,3.1613060814539744,0,0,saved_q_group_rows_no_fit_points,+,+,0.13,42,1.4528321483691735,1.4769655727606879,1.4648988605649307,1035,1035.0,pixel_count,-73.71714800610366,-73.71714800610366,0.0,-0.07122429759043832,-0.07122429759043832,0.0,-73.71714800610366,-73.71714800610366,0.0,-0.07122429759043832,,0,,,,False,-0.07122429759043832,0.0,49.49136734008789,53.325984954833984,51.473116238961104,-0.04148429196048223
PbI2,4.0,4.0,detector_qspace_per_pixel,detector_qr_band_per_qz_bin_fast,False,4,3.1613060814539744,3.1613060814539744,0,0,saved_q_group_rows_no_fit_points,+,+,0.13,43,1.4769655727606879,1.5010989971522026,1.4890322849564452,1044,1044.0,pixel_count,15.390497542743685,15.390497542743685,0.0,0.014741855883854104,0.014741855883854104,0.0,15.390497542743685,15.390497542743685,0.0,0.014741855883854104,,0,,,,False,0.014741855883854104,0.0,49.68143844604492,53.50614547729492,51.65983891611192,0.17406889086511357
PbI2,4.0,4.0,detector_qspace_per_pixel,detector_qr_band_per_qz_bin_fast,False,4,3.1613060814539744,3.1613060814539744,0,0,saved_q_group_rows_no_fit_points,+,+,0.13,44,1.5010989971522026,1.5252324215437172,1.5131657093479598,1062,1062.0,pixel_count,513.9706256932595,513.9706256932595,0.0,0.4839648076207717,0.4839648076207717,0.0,513.9706256932595,513.9706256932595,0.0,0.4839648076207717,,0,,,,False,0.4839648076207717,0.0,49.85688018798828,53.662017822265625,51.8436533179132,0.6158303378388709
PbI2,4.0,4.0,detector_qspace_per_pixel,detector_qr_band_per_qz_bin_fast,False,4,3.1613060814539744,3.1613060814539744,0,0,saved_q_group_rows_no_fit_points,+,+,0.13,45,1.5252324215437172,1.5493658459352315,1.5372991337394744,1074,1074.0,pixel_count,1324.1991673059397,1324.1991673059397,0.0,1.2329601185343946,1.2329601185343946,0.0,1324.1991673059397,1324.1991673059397,0.0,1.2329601185343946,,0,,,,False,1.2329601185343946,0.0,50.075077056884766,53.87752914428711,52.03987249324854,1.277848993491622
PbI2,4.0,4.0,detector_qspace_per_pixel,detector_qr_band_per_qz_bin_fast,False,4,3.1613060814539744,3.1613060814539744,0,0,saved_q_group_rows_no_fit_points,+,+,0.13,46,1.5493658459352315,1.573499270326746,1.561432558130989,1095,1095.0,pixel_count,2291.742279274448,2291.742279274448,0.0,2.0929153235383087,2.0929153235383087,0.0,2291.742279274448,2291.742279274448,0.0,2.0929153235383087,,0,,,,False,2.0929153235383087,0.0,50.26545333862305,54.068782806396484,52.2352321060625,2.054059948561556
PbI2,4.0,4.0,detector_qspace_per_pixel,detector_qr_band_per_qz_bin_fast,False,4,3.1613060814539744,3.1613060814539744,0,0,saved_q_group_rows_no_fit_points,+,+,0.13,47,1.573499270326746,1.5976326947182606,1.5855659825225032,1108,1108.0,pixel_count,2924.185769914711,2924.185769914711,0.0,2.639156832052988,2.639156832052988,0.0,2924.185769914711,2924.185769914711,0.0,2.639156832052988,,0,,,,False,2.639156832052988,0.0,50.48294448852539,54.259708404541016,52.43047986006334,3.023238332969739
PbI2,4.0,4.0,detector_qspace_per_pixel,detector_qr_band_per_qz_bin_fast,False,4,3.1613060814539744,3.1613060814539744,0,0,saved_q_group_rows_no_fit_points,+,+,0.13,48,1.5976326947182606,1.621766119109775,1.6096994069140178,1127,1127.0,pixel_count,4741.41714520662,4741.41714520662,0.0,4.207113704708625,4.207113704708625,0.0,4741.41714520662,4741.41714520662,0.0,4.207113704708625,,0,,,,False,4.207113704708625,0.0,50.67319107055664,54.438053131103516,52.624424272533375,4.468382362233095
PbI2,4.0,4.0,detector_qspace_per_pixel,detector_qr_band_per_qz_bin_fast,False,4,3.1613060814539744,3.1613060814539744,0,0,saved_q_group_rows_no_fit_points,+,+,0.13,49,1.621766119109775,1.6458995435012895,1.6338328313055324,1147,1147.0,pixel_count,7158.51285857497,7158.51285857497,0.0,6.241074854904071,6.241074854904071,0.0,7158.51285857497,7158.51285857497,0.0,6.241074854904071,,0,,,,False,6.241074854904071,0.0,50.8897590637207,54.6628303527832,52.831501258219454,6.420632361133323
PbI2,4.0,4.0,detector_qspace_per_pixel,detector_qr_band_per_qz_bin_fast,False,4,3.1613060814539744,3.1613060814539744,0,0,saved_q_group_rows_no_fit_points,+,+,0.13,50,1.6458995435012895,1.670032967892804,1.6579662556970467,1163,1163.0,pixel_count,10178.808190447095,10178.808190447095,0.0,8.752199647847888,8.752199647847888,0.0,10178.808190447095,10178.808190447095,0.0,8.752199647847888,,0,,,,False,8.752199647847888,0.0,51.07966232299805,54.85219192504883,53.02827349493915,8.535923125847354
PbI2,4.0,4.0,detector_qspace_per_pixel,detector_qr_band_per_qz_bin_fast,False,4,3.1613060814539744,3.1613060814539744,0,0,saved_q_group_rows_no_fit_points,+,+,0.13,51,1.670032967892804,1.6941663922843184,1.6820996800885613,1178,1178.0,pixel_count,12938.031619726506,12938.031619726506,0.0,10.983048913180395,10.983048913180395,0.0,12938.031619726506,12938.031619726506,0.0,10.983048913180395,,0,,,,False,10.983048913180395,0.0,51.29511260986328,55.04104232788086,53.235966334739985,10.059483130154074
PbI2,4.0,4.0,detector_qspace_per_pixel,detector_qr_band_per_qz_bin_fast,False,4,3.1613060814539744,3.1613060814539744,0,0,saved_q_group_rows_no_fit_points,+,+,0.13,52,1.6941663922843184,1.7182998166758332,1.7062331044800758,1203,1203.0,pixel_count,13257.93334024095,13257.93334024095,0.0,11.020725968612593,11.020725968612593,0.0,13257.93334024095,13257.93334024095,0.0,11.020725968612593,,0,,,,False,11.020725968612593,0.0,51.48447036743164,55.263221740722656,53.441558414789334,10.232575724859418
PbI2,4.0,4.0,detector_qspace_per_pixel,detector_qr_band_per_qz_bin_fast,False,4,3.1613060814539744,3.1613060814539744,0,0,saved_q_group_rows_no_fit_points,+,+,0.13,53,1.7182998166758332,1.7424332410673478,1.7303665288715906,1223,1223.0,pixel_count,11436.014334834277,11436.014334834277,0.0,9.350788499455664,9.350788499455664,0.0,11436.014334834277,11436.014334834277,0.0,9.350788499455664,,0,,,,False,9.350788499455664,0.0,51.714054107666016,55.45067596435547,53.65294119864718,9.123989989373337
PbI2,4.0,4.0,detector_qspace_per_pixel,detector_qr_band_per_qz_bin_fast,False,4,3.1613060814539744,3.1613060814539744,0,0,saved_q_group_rows_no_fit_points,+,+,0.13,54,1.7424332410673478,1.766566665458862,1.754499953263105,1242,1242.0,pixel_count,8890.598350359114,8890.598350359114,0.0,7.1582917474711065,7.1582917474711065,0.0,8890.598350359114,8890.598350359114,0.0,7.1582917474711065,,0,,,,False,7.1582917474711065,0.0,51.902732849121094,55.670806884765625,53.86391127289417,7.5833323607088765
PbI2,4.0,4.0,detector_qspace_per_pixel,detector_qr_band_per_qz_bin_fast,False,4,3.1613060814539744,3.1613060814539744,0,0,saved_q_group_rows_no_fit_points,+,+,0.13,55,1.766566665458862,1.7907000898503767,1.7786333776546193,1267,1267.0,pixel_count,7940.236968175785,7940.236968175785,0.0,6.266958933051132,6.266958933051132,0.0,7940.236968175785,7940.236968175785,0.0,6.266958933051132,,0,,,,False,6.266958933051132,0.0,52.130924224853516,55.869083404541016,54.079007854336666,6.328431246925245
PbI2,4.0,4.0,detector_qspace_per_pixel,detector_qr_band_per_qz_bin_fast,False,4,3.1613060814539744,3.1613060814539744,0,0,saved_q_group_rows_no_fit_points,+,+,0.13,56,1.7907000898503767,1.8148335142418912,1.802766802046134,1289,1289.0,pixel_count,6730.101629811454,6730.101629811454,0.0,5.2211804730887925,5.2211804730887925,0.0,6730.101629811454,6730.101629811454,0.0,5.2211804730887925,,0,,,,False,5.2211804730887925,0.0,52.35816955566406,56.087013244628906,54.29332598322238,5.435288140760821
PbI2,4.0,4.0,detector_qspace_per_pixel,detector_qr_band_per_qz_bin_fast,False,4,3.1613060814539744,3.1613060814539744,0,0,saved_q_group_rows_no_fit_points,+,+,0.13,57,1.8148335142418912,1.8389669386334055,1.8269002264376484,1313,1313.0,pixel_count,6279.777706127209,6279.777706127209,0.0,4.782770530180662,4.782770530180662,0.0,6279.777706127209,6279.777706127209,0.0,4.782770530180662,,0,,,,False,4.782770530180662,0.0,52.58443069458008,56.30363464355469,54.51204324090868,4.827179172126847
PbI2,4.0,4.0,detector_qspace_per_pixel,detector_qr_band_per_qz_bin_fast,False,4,3.1613060814539744,3.1613060814539744,0,0,saved_q_group_rows_no_fit_points,+,+,0.13,58,1.8389669386334055,1.8631003630249203,1.851033650829163,1340,1340.0,pixel_count,5683.278360158973,5683.278360158973,0.0,4.241252507581323,4.241252507581323,0.0,5683.278360158973,5683.278360158973,0.0,4.241252507581323,,0,,,,False,4.241252507581323,0.0,52.80965805053711,56.53126525878906,54.73829349508732,4.470364331798855
PbI2,4.0,4.0,detector_qspace_per_pixel,detector_qr_band_per_qz_bin_fast,False,4,3.1613060814539744,3.1613060814539744,0,0,saved_q_group_rows_no_fit_points,+,+,0.13,59,1.8631003630249203,1.8872337874164347,1.8751670752206775,1356,1356.0,pixel_count,6023.464718160786,6023.464718160786,0.0,4.442083125487305,4.442083125487305,0.0,6023.464718160786,6023.464718160786,0.0,4.442083125487305,,0,,,,False,4.442083125487305,0.0,53.01093292236328,56.75749588012695,54.952808004085256,4.297869501321125
PbI2,4.0,4.0,detector_qspace_per_pixel,detector_qr_band_per_qz_bin_fast,False,4,3.1613060814539744,3.1613060814539744,0,0,saved_q_group_rows_no_fit_points,+,+,0.13,60,1.8872337874164347,1.9113672118079492,1.8993004996121918,1393,1393.0,pixel_count,5579.269674173224,5579.269674173224,0.0,4.005218717999443,4.005218717999443,0.0,5579.269674173224,5579.269674173224,0.0,4.005218717999443,,0,,,,False,4.005218717999443,0.0,53.24983215332031,56.95090103149414,55.17752586069056,4.201223493403295
PbI2,4.0,4.0,detector_qspace_per_pixel,detector_qr_band_per_qz_bin_fast,False,4,3.1613060814539744,3.1613060814539744,0,0,saved_q_group_rows_no_fit_points,+,+,0.13,61,1.9113672118079492,1.935500636199464,1.9234339240037066,1407,1407.0,pixel_count,5947.432023416476,5947.432023416476,0.0,4.227030578121163,4.227030578121163,0.0,5947.432023416476,5947.432023416476,0.0,4.227030578121163,,0,,,,False,4.227030578121163,0.0,53.4720344543457,57.174564361572266,55.41101989886288,4.219674511305838
PbI2,4.0,4.0,detector_qspace_per_pixel,detector_qr_band_per_qz_bin_fast,False,4,3.1613060814539744,3.1613060814539744,0,0,saved_q_group_rows_no_fit_points,+,+,0.13,62,1.935500636199464,1.9596340605909783,1.9475673483952212,1445,1445.0,pixel_count,6300.881106466429,6300.881106466429,0.0,4.360471353956006,4.360471353956006,0.0,6300.881106466429,6300.881106466429,0.0,4.360471353956006,,0,,,,False,4.360471353956006,0.0,53.708534240722656,57.39672088623047,55.630027162265854,4.297345712209399
PbI2,4.0,4.0,detector_qspace_per_pixel,detector_qr_band_per_qz_bin_fast,False,4,3.1613060814539744,3.1613060814539744,0,0,saved_q_group_rows_no_fit_points,+,+,0.13,63,1.9596340605909783,1.9837674849824927,1.9717007727867355,1472,1472.0,pixel_count,6228.702807864674,6228.702807864674,0.0,4.231455711864588,4.231455711864588,0.0,6228.702807864674,6228.702807864674,0.0,4.231455711864588,,0,,,,False,4.231455711864588,0.0,53.943763732910156,57.647743225097656,55.86306010973549,4.409945345404573
PbI2,4.0,4.0,detector_qspace_per_pixel,detector_qr_band_per_qz_bin_fast,False,4,3.1613060814539744,3.1613060814539744,0,0,saved_q_group_rows_no_fit_points,+,+,0.13,64,1.9837674849824927,2.0079009093740074,1.99583419717825,1504,1504.0,pixel_count,7016.396234491748,7016.396234491748,0.0,4.665157070805684,4.665157070805684,0.0,7016.396234491748,7016.396234491748,0.0,4.665157070805684,,0,,,,False,4.665157070805684,0.0,54.19879150390625,57.866477966308594,56.10267109001755,4.64152092601787
PbI2,4.0,4.0,detector_qspace_per_pixel,detector_qr_band_per_qz_bin_fast,False,4,3.1613060814539744,3.1613060814539744,0,0,saved_q_group_rows_no_fit_points,+,+,0.13,65,2.0079009093740074,2.032034333765522,2.019967621569765,1533,1533.0,pixel_count,7605.402404217181,7605.402404217181,0.0,4.961123551348455,4.961123551348455,0.0,7605.402404217181,7605.402404217181,0.0,4.961123551348455,,0,,,,False,4.961123551348455,0.0,54.43100357055664,58.0958137512207,56.33457922768993,4.908147950000382
PbI2,4.0,4.0,detector_qspace_per_pixel,detector_qr_band_per_qz_bin_fast,False,4,3.1613060814539744,3.1613060814539744,0,0,saved_q_group_rows_no_fit_points,+,+,0.13,66,2.032034333765522,2.056167758157036,2.0441010459612787,1568,1568.0,pixel_count,8052.641618132812,8052.641618132812,0.0,5.135613276870416,5.135613276870416,0.0,8052.641618132812,8052.641618132812,0.0,5.135613276870416,,0,,,,False,5.135613276870416,0.0,54.67717361450195,58.34067153930664,56.57058750467168,5.1121905959591505
PbI2,4.0,4.0,detector_qspace_per_pixel,detector_qr_band_per_qz_bin_fast,False,4,3.1613060814539744,3.1613060814539744,0,0,saved_q_group_rows_no_fit_points,+,+,0.13,67,2.056167758157036,2.080301182548551,2.0682344703527935,1599,1599.0,pixel_count,8425.396350459587,8425.396350459587,0.0,5.269165947754589,5.269165947754589,0.0,8425.396350459587,8425.396350459587,0.0,5.269165947754589,,0,,,,False,5.269165947754589,0.0,54.906532287597656,58.56631088256836,56.80915040756493,5.275579410892883
PbI2,4.0,4.0,detector_qspace_per_pixel,detector_qr_band_per_qz_bin_fast,False,4,3.1613060814539744,3.1613060814539744,0,0,saved_q_group_rows_no_fit_points,+,+,0.13,68,2.080301182548551,2.1044346069400652,2.0923678947443083,1635,1635.0,pixel_count,8785.446032349697,8785.446032349697,0.0,5.3733614876756555,5.3733614876756555,0.0,8785.446032349697,8785.446032349697,0.0,5.3733614876756555,,0,,,,False,5.3733614876756555,0.0,55.16941452026367,58.80681610107422,57.05218953479407,5.47575696251807
PbI2,4.0,4.0,detector_qspace_per_pixel,detector_qr_band_per_qz_bin_fast,False,4,3.1613060814539744,3.1613060814539744,0,0,saved_q_group_rows_no_fit_points,+,+,0.13,69,2.1044346069400652,2.1285680313315796,2.116501319135822,1674,1674.0,pixel_count,9750.982801486674,9750.982801486674,0.0,5.824959857518921,5.824959857518921,0.0,9750.982801486674,9750.982801486674,0.0,5.824959857518921,,0,,,,False,5.824959857518921,0.0,55.410640716552734,59.040653228759766,57.294412008258966,5.733074655177751
PbI2,4.0,4.0,detector_qspace_per_pixel,detector_qr_band_per_qz_bin_fast,False,4,3.1613060814539744,3.1613060814539744,0,0,saved_q_group_rows_no_fit_points,+,+,0.13,70,2.1285680313315796,2.1527014557230943,2.140634743527337,1714,1714.0,pixel_count,10119.46898623373,10119.46898623373,0.0,5.90400757656577,5.90400757656577,0.0,10119.46898623373,10119.46898623373,0.0,5.90400757656577,,0,,,,False,5.90400757656577,0.0,55.65024948120117,59.288597106933594,57.539401458816236,6.0024489443291955
PbI2,4.0,4.0,detector_qspace_per_pixel,detector_qr_band_per_qz_bin_fast,False,4,3.1613060814539744,3.1613060814539744,0,0,saved_q_group_rows_no_fit_points,+,+,0.13,71,2.1527014557230943,2.1768348801146087,2.1647681679188517,1748,1748.0,pixel_count,11076.93301281472,11076.93301281472,0.0,6.336918199550754,6.336918199550754,0.0,11076.93301281472,11076.93301281472,0.0,6.336918199550754,,0,,,,False,6.336918199550754,0.0,55.90689468383789,59.534027099609375,57.78506348141029,6.301934843841517
PbI2,4.0,4.0,detector_qspace_per_pixel,detector_qr_band_per_qz_bin_fast,False,4,3.1613060814539744,3.1613060814539744,0,0,saved_q_group_rows_no_fit_points,+,+,0.13,72,2.1768348801146087,2.200968304506123,2.1889015923103656,1795,1795.0,pixel_count,11944.539861414114,11944.539861414114,0.0,6.654339755662459,6.654339755662459,0.0,11944.539861414114,11944.539861414114,0.0,6.654339755662459,,0,,,,False,6.654339755662459,0.0,56.142826080322266,59.776947021484375,58.03644336231448,6.575485497593743
PbI2,4.0,4.0,detector_qspace_per_pixel,detector_qr_band_per_qz_bin_fast,False,4,3.1613060814539744,3.1613060814539744,0,0,saved_q_group_rows_no_fit_points,+,+,0.13,73,2.200968304506123,2.225101728897638,2.2130350167018804,1837,1837.0,pixel_count,12390.823816339462,12390.823816339462,0.0,6.745140890767263,6.745140890767263,0.0,12390.823816339462,12390.823816339462,0.0,6.745140890767263,,0,,,,False,6.745140890767263,0.0,56.409996032714844,60.02904510498047,58.288637843360284,6.7839663757757815
PbI2,4.0,4.0,detector_qspace_per_pixel,detector_qr_band_per_qz_bin_fast,False,4,3.1613060814539744,3.1613060814539744,0,0,saved_q_group_rows_no_fit_points,+,+,0.13,74,2.225101728897638,2.2492351532891526,2.237168441093395,1881,1881.0,pixel_count,13131.170509241023,13131.170509241023,0.0,6.980951892206817,6.980951892206817,0.0,13131.170509241023,13131.170509241023,0.0,6.980951892206817,,0,,,,False,6.980951892206817,0.0,56.65693283081055,60.27846908569336,58.5370527754782,6.987859728173316
PbI2,4.0,4.0,detector_qspace_per_pixel,detector_qr_band_per_qz_bin_fast,False,4,3.1613060814539744,3.1613060814539744,0,0,saved_q_group_rows_no_fit_points,+,+,0.13,75,2.2492351532891526,2.273368577680667,2.26130186548491,1929,1929.0,pixel_count,13974.972275538132,13974.972275538132,0.0,7.244671993539726,7.244671993539726,0.0,13974.972275538132,13974.972275538132,0.0,7.244671993539726,,0,,,,False,7.244671993539726,0.0,56.9193000793457,60.525203704833984,58.79563035389191,7.184925820833378
PbI2,4.0,4.0,detector_qspace_per_pixel,detector_qr_band_per_qz_bin_fast,False,4,3.1613060814539744,3.1613060814539744,0,0,saved_q_group_rows_no_fit_points,+,+,0.13,76,2.273368577680667,2.2975020020721817,2.2854352898764243,1980,1980.0,pixel_count,14498.188940597374,14498.188940597374,0.0,7.322317646766351,7.322317646766351,0.0,14498.188940597374,14498.188940597374,0.0,7.322317646766351,,0,,,,False,7.322317646766351,0.0,57.193721771240234,60.76925277709961,59.05119199574653,7.3387940523257225
PbI2,4.0,4.0,detector_qspace_per_pixel,detector_qr_band_per_qz_bin_fast,False,4,3.1613060814539744,3.1613060814539744,0,0,saved_q_group_rows_no_fit_points,+,+,0.13,77,2.2975020020721817,2.321635426463696,2.3095687142679386,2027,2027.0,pixel_count,15192.473494779468,15192.473494779468,0.0,7.495053524804868,7.495053524804868,0.0,15192.473494779468,15192.473494779468,0.0,7.495053524804868,,0,,,,False,7.495053524804868,0.0,57.45079040527344,61.02198791503906,59.31107937546248,7.464169698819682
PbI2,4.0,4.0,detector_qspace_per_pixel,detector_qr_band_per_qz_bin_fast,False,4,3.1613060814539744,3.1613060814539744,0,0,saved_q_group_rows_no_fit_points,+,+,0.13,78,2.321635426463696,2.3457688508552104,2.3337021386594534,2085,2085.0,pixel_count,15771.027187413722,15771.027187413722,0.0,7.564041816505382,7.564041816505382,0.0,15771.027187413722,15771.027187413722,0.0,7.564041816505382,,0,,,,False,7.564041816505382,0.0,57.703372955322266,61.28542709350586,59.56901493217363,7.577424977705473
PbI2,4.0,4.0,detector_qspace_per_pixel,detector_qr_band_per_qz_bin_fast,False,4,3.1613060814539744,3.1613060814539744,0,0,saved_q_group_rows_no_fit_points,+,+,0.13,79,2.3457688508552104,2.369902275246725,2.3578355630509678,2138,2138.0,pixel_count,16331.811125983499,16331.811125983499,0.0,7.638826532265434,7.638826532265434,0.0,16331.811125983499,16331.811125983499,0.0,7.638826532265434,,0,,,,False,7.638826532265434,0.0,57.96977615356445,61.53215408325195,59.83317529525793,7.730221423260016
PbI2,4.0,4.0,detector_qspace_per_pixel,detector_qr_band_per_qz_bin_fast,False,4,3.1613060814539744,3.1613060814539744,0,0,saved_q_group_rows_no_fit_points,+,+,0.13,80,2.369902275246725,2.3940356996382395,2.381968987442482,2196,2196.0,pixel_count,17584.295134732718,17584.295134732718,0.0,8.007420371007614,8.007420371007614,0.0,17584.295134732718,17584.295134732718,0.0,8.007420371007614,,0,,,,False,8.007420371007614,0.0,58.23333740234375,61.80009841918945,60.095230243650626,7.942185136225865
PbI2,4.0,4.0,detector_qspace_per_pixel,detector_qr_band_per_qz_bin_fast,False,4,3.1613060814539744,3.1613060814539744,0,0,saved_q_group_rows_no_fit_points,+,+,0.13,81,2.3940356996382395,2.418169124029754,2.406102411833997,2262,2262.0,pixel_count,18375.121765622505,18375.121765622505,0.0,8.123396006022327,8.123396006022327,0.0,18375.121765622505,18375.121765622505,0.0,8.123396006022327,,0,,,,False,8.123396006022327,0.0,58.50818634033203,62.07538986206055,60.36619760347663,8.155657683772828
PbI2,4.0,4.0,detector_qspace_per_pixel,detector_qr_band_per_qz_bin_fast,False,4,3.1613060814539744,3.1613060814539744,0,0,saved_q_group_rows_no_fit_points,+,+,0.13,82,2.418169124029754,2.4423025484212686,2.430235836225511,2323,2323.0,pixel_count,19437.268256934974,19437.268256934974,0.0,8.367313067987505,8.367313067987505,0.0,19437.268256934974,19437.268256934974,0.0,8.367313067987505,,0,,,,False,8.367313067987505,0.0,58.77996063232422,62.33601760864258,60.63386541098514,8.384808599524124
PbI2,4.0,4.0,detector_qspace_per_pixel,detector_qr_band_per_qz_bin_fast,False,4,3.1613060814539744,3.1613060814539744,0,0,saved_q_group_rows_no_fit_points,+,+,0.13,83,2.4423025484212686,2.466435972812783,2.4543692606170255,2405,2405.0,pixel_count,20678.95465534308,20678.95465534308,0.0,8.598317944009597,8.598317944009597,0.0,20678.95465534308,20678.95465534308,0.0,8.598317944009597,,0,,,,False,8.598317944009597,0.0,59.04864501953125,62.603824615478516,60.898092825399296,8.68584347716141
PbI2,4.0,4.0,detector_qspace_per_pixel,detector_qr_band_per_qz_bin_fast,False,4,3.1613060814539744,3.1613060814539744,0,0,saved_q_group_rows_no_fit_points,+,+,0.13,84,2.466435972812783,2.4905693972042973,2.4785026850085403,2454,2454.0,pixel_count,22259.567097758583,22259.567097758583,0.0,9.070728238695429,9.070728238695429,0.0,22259.567097758583,22259.567097758583,0.0,9.070728238695429,,0,,,,False,9.070728238695429,0.0,59.31425094604492,62.86787033081055,61.17798084645812,9.089066979057694
PbI2,4.0,4.0,detector_qspace_per_pixel,detector_qr_band_per_qz_bin_fast,False,4,3.1613060814539744,3.1613060814539744,0,0,saved_q_group_rows_no_fit_points,+,+,0.13,85,2.4905693972042973,2.514702821595812,2.5026361094000547,2540,2540.0,pixel_count,24220.753673105537,24220.753673105537,0.0,9.535729792561234,9.535729792561234,0.0,24220.753673105537,24220.753673105537,0.0,9.535729792561234,,0,,,,False,9.535729792561234,0.0,59.60445022583008,63.13869857788086,61.447870317069,9.570941565558655
PbI2,4.0,4.0,detector_qspace_per_pixel,detector_qr_band_per_qz_bin_fast,False,4,3.1613060814539744,3.1613060814539744,0,0,saved_q_group_rows_no_fit_points,+,+,0.13,86,2.514702821595812,2.5388362459873264,2.526769533791569,2615,2615.0,pixel_count,26385.164191040476,26385.164191040476,0.0,10.089928944948557,10.089928944948557,0.0,26385.164191040476,26385.164191040476,0.0,10.089928944948557,,0,,,,False,10.089928944948557,0.0,59.87697982788086,63.405601501464844,61.721985316448546,10.104772724500751
PbI2,4.0,4.0,detector_qspace_per_pixel,detector_qr_band_per_qz_bin_fast,False,4,3.1613060814539744,3.1613060814539744,0,0,saved_q_group_rows_no_fit_points,+,+,0.13,87,2.5388362459873264,2.5629696703788407,2.5509029581830838,2698,2698.0,pixel_count,28813.48221329262,28813.48221329262,0.0,10.67957087223596,10.67957087223596,0.0,28813.48221329262,28813.48221329262,0.0,10.67957087223596,,0,,,,False,10.67957087223596,0.0,60.15956497192383,63.6898307800293,62.0000000380178,10.63817630640181
PbI2,4.0,4.0,detector_qspace_per_pixel,detector_qr_band_per_qz_bin_fast,False,4,3.1613060814539744,3.1613060814539744,0,0,saved_q_group_rows_no_fit_points,+,+,0.13,88,2.5629696703788407,2.5871030947703555,2.575036382574598,2778,2778.0,pixel_count,31268.157442318567,31268.157442318567,0.0,11.255636228336417,11.255636228336417,0.0,31268.157442318567,31268.157442318567,0.0,11.255636228336417,,0,,,,False,11.255636228336417,0.0,60.451637268066406,63.94858932495117,62.27587614011964,11.01796347435581
PbI2,4.0,4.0,detector_qspace_per_pixel,detector_qr_band_per_qz_bin_fast,False,4,3.1613060814539744,3.1613060814539744,0,0,saved_q_group_rows_no_fit_points,+,+,0.13,89,2.5871030947703555,2.61123651916187,2.5991698069661124,2873,2873.0,pixel_count,32291.620400251915,32291.620400251915,0.0,11.239686877915737,11.239686877915737,0.0,32291.620400251915,32291.620400251915,0.0,11.239686877915737,,0,,,,False,11.239686877915737,0.0,60.72677230834961,64.23397827148438,62.56045098085843,11.087676056663788
PbI2,4.0,4.0,detector_qspace_per_pixel,detector_qr_band_per_qz_bin_fast,False,4,3.1613060814539744,3.1613060814539744,0,0,saved_q_group_rows_no_fit_points,+,+,0.13,90,2.61123651916187,2.635369943553384,2.623303231357627,2969,2969.0,pixel_count,32245.77938299769,32245.77938299769,0.0,10.860821617715626,10.860821617715626,0.0,32245.77938299769,32245.77938299769,0.0,10.860821617715626,,0,,,,False,10.860821617715626,0.0,61.01081085205078,64.51456451416016,62.84030039918221,10.931581495104606
PbI2,4.0,4.0,detector_qspace_per_pixel,detector_qr_band_per_qz_bin_fast,False,4,3.1613060814539744,3.1613060814539744,0,0,saved_q_group_rows_no_fit_points,+,+,0.13,91,2.635369943553384,2.659503367944899,2.6474366557491416,3063,3063.0,pixel_count,32985.636799363696,32985.636799363696,0.0,10.769061965185667,10.769061965185667,0.0,32985.636799363696,32985.636799363696,0.0,10.769061965185667,,0,,,,False,10.769061965185667,0.0,61.291358947753906,64.80014038085938,63.12696954068845,10.748556737051247
PbI2,4.0,4.0,detector_qspace_per_pixel,detector_qr_band_per_qz_bin_fast,False,4,3.1613060814539744,3.1613060814539744,0,0,saved_q_group_rows_no_fit_points,+,+,0.13,92,2.659503367944899,2.6836367923364137,2.6715700801406563,3171,3171.0,pixel_count,33404.228156740515,33404.228156740515,0.0,10.534288286578528,10.534288286578528,0.0,33404.228156740515,33404.228156740515,0.0,10.534288286578528,,0,,,,False,10.534288286578528,0.0,61.5799560546875,65.08077239990234,63.411750865440034,10.617369411267205
PbI2,4.0,4.0,detector_qspace_per_pixel,detector_qr_band_per_qz_bin_fast,False,4,3.1613060814539744,3.1613060814539744,0,0,saved_q_group_rows_no_fit_points,+,+,0.13,93,2.6836367923364137,2.707770216727928,2.6957035045321707,3282,3282.0,pixel_count,34563.06081948909,34563.06081948909,0.0,10.531097141830923,10.531097141830923,0.0,34563.06081948909,34563.06081948909,0.0,10.531097141830923,,0,,,,False,10.531097141830923,0.0,61.87666320800781,65.35653686523438,63.69892506913402,10.58185928875144
PbI2,4.0,4.0,detector_qspace_per_pixel,detector_qr_band_per_qz_bin_fast,False,4,3.1613060814539744,3.1613060814539744,0,0,saved_q_group_rows_no_fit_points,+,+,0.13,94,2.707770216727928,2.731903641119443,2.7198369289236854,3403,3403.0,pixel_count,36188.29999369999,36188.29999369999,0.0,10.634234497120186,10.634234497120186,0.0,36188.29999369999,36188.29999369999,0.0,10.634234497120186,,0,,,,False,10.634234497120186,0.0,62.168739318847656,65.65518951416016,63.98861623907657,10.630966763543425
PbI2,4.0,4.0,detector_qspace_per_pixel,detector_qr_band_per_qz_bin_fast,False,4,3.1613060814539744,3.1613060814539744,0,0,saved_q_group_rows_no_fit_points,+,+,0.13,95,2.731903641119443,2.756037065510957,2.7439703533152002,3525,3525.0,pixel_count,37739.3117323576,37739.3117323576,0.0,10.706187725491517,10.706187725491517,0.0,37739.3117323576,37739.3117323576,0.0,10.706187725491517,,0,,,,False,10.706187725491517,0.0,62.4683723449707,65.93009185791016,64.28088284979472,10.7033741484883
PbI2,4.0,4.0,detector_qspace_per_pixel,detector_qr_band_per_qz_bin_fast,False,4,3.1613060814539744,3.1613060814539744,0,0,saved_q_group_rows_no_fit_points,+,+,0.13,96,2.756037065510957,2.7801704899024715,2.768103777706714,3654,3654.0,pixel_count,39421.989280695,39421.989280695,0.0,10.788721751695402,10.788721751695402,0.0,39421.989280695,39421.989280695,0.0,10.788721751695402,,0,,,,False,10.788721751695402,0.0,62.76314926147461,66.22667694091797,64.57382114234356,10.75923412540195
PbI2,4.0,4.0,detector_qspace_per_pixel,detector_qr_band_per_qz_bin_fast,False,7,4.182014854841658,4.182014854841658,0,0,saved_q_group_rows_no_fit_points,-,-,0.13,1,0.46336174831707855,0.48749517270859305,0.4754284605128358,2671,2671.0,pixel_count,18923.702474258782,18923.702474258782,0.0,7.084875505151173,7.084875505151173,0.0,18923.702474258782,18923.702474258782,0.0,7.084875505151173,,0,,,,False,7.084875505151173,0.0,61.32160186767578,65.38284301757812,63.5039561605225,7.138013472955801
PbI2,4.0,4.0,detector_qspace_per_pixel,detector_qr_band_per_qz_bin_fast,False,7,4.182014854841658,4.182014854841658,0,0,saved_q_group_rows_no_fit_points,-,-,0.13,2,0.48749517270859305,0.5116285971001077,0.4995618849043504,2649,2649.0,pixel_count,19247.983078005564,19247.983078005564,0.0,7.266131777276543,7.266131777276543,0.0,19247.983078005564,19247.983078005564,0.0,7.266131777276543,,0,,,,False,7.266131777276543,0.0,61.3892822265625,65.39651489257812,63.542412973233034,7.214105629225934
PbI2,4.0,4.0,detector_qspace_per_pixel,detector_qr_band_per_qz_bin_fast,False,7,4.182014854841658,4.182014854841658,0,0,saved_q_group_rows_no_fit_points,-,-,0.13,3,0.5116285971001077,0.5357620214916221,0.5236953092958649,2626,2626.0,pixel_count,18967.91663914122,18967.91663914122,0.0,7.223121340114706,7.223121340114706,0.0,18967.91663914122,18967.91663914122,0.0,7.223121340114706,,0,,,,False,7.223121340114706,0.0,61.459476470947266,65.41114044189453,63.57892998608905,7.306826450471817
PbI2,4.0,4.0,detector_qspace_per_pixel,detector_qr_band_per_qz_bin_fast,False,7,4.182014854841658,4.182014854841658,0,0,saved_q_group_rows_no_fit_points,-,-,0.13,4,0.5357620214916221,0.5598954458831366,0.5478287336873793,2601,2601.0,pixel_count,19456.963695041395,19456.963695041395,0.0,7.4805704325418665,7.4805704325418665,0.0,19456.963695041395,19456.963695041395,0.0,7.4805704325418665,,0,,,,False,7.4805704325418665,0.0,61.530521392822266,65.42671203613281,63.62184416103801,7.428744541156108
PbI2,4.0,4.0,detector_qspace_per_pixel,detector_qr_band_per_qz_bin_fast,False,7,4.182014854841658,4.182014854841658,0,0,saved_q_group_rows_no_fit_points,-,-,0.13,5,0.5598954458831366,0.5840288702746511,0.5719621580788938,2576,2576.0,pixel_count,19432.709451226645,19432.709451226645,0.0,7.543753668954443,7.543753668954443,0.0,19432.709451226645,19432.709451226645,0.0,7.543753668954443,,0,,,,False,7.543753668954443,0.0,61.60031509399414,65.44169616699219,63.66681009513946,7.544005020104683
PbI2,4.0,4.0,detector_qspace_per_pixel,detector_qr_band_per_qz_bin_fast,False,7,4.182014854841658,4.182014854841658,0,0,saved_q_group_rows_no_fit_points,-,-,0.13,6,0.5840288702746511,0.6081622946661657,0.5960955824704084,2557,2557.0,pixel_count,19451.050741522216,19451.050741522216,0.0,7.60698112691522,7.60698112691522,0.0,19451.050741522216,19451.050741522216,0.0,7.60698112691522,,0,,,,False,7.60698112691522,0.0,61.68993377685547,65.45906066894531,63.71012228513849,7.664192348219807
PbI2,4.0,4.0,detector_qspace_per_pixel,detector_qr_band_per_qz_bin_fast,False,7,4.182014854841658,4.182014854841658,0,0,saved_q_group_rows_no_fit_points,-,-,0.13,7,0.6081622946661657,0.6322957190576802,0.620229006861923,2519,2519.0,pixel_count,19798.80924071267,19798.80924071267,0.0,7.8597892976231325,7.8597892976231325,0.0,19798.80924071267,19798.80924071267,0.0,7.8597892976231325,,0,,,,False,7.8597892976231325,0.0,61.78012466430664,65.47736358642578,63.75594990689737,7.815827273159047
PbI2,4.0,4.0,detector_qspace_per_pixel,detector_qr_band_per_qz_bin_fast,False,7,4.182014854841658,4.182014854841658,0,0,saved_q_group_rows_no_fit_points,-,-,0.13,8,0.6322957190576802,0.6564291434491947,0.6443624312534375,2499,2499.0,pixel_count,19806.907795965726,19806.907795965726,0.0,7.925933491783003,7.925933491783003,0.0,19806.907795965726,19806.907795965726,0.0,7.925933491783003,,0,,,,False,7.925933491783003,0.0,61.85403060913086,65.49659729003906,63.80344733307973,7.978653259424801
PbI2,4.0,4.0,detector_qspace_per_pixel,detector_qr_band_per_qz_bin_fast,False,7,4.182014854841658,4.182014854841658,0,0,saved_q_group_rows_no_fit_points,-,-,0.13,9,0.6564291434491947,0.6805625678407091,0.6684958556449518,2467,2467.0,pixel_count,20211.549416660593,20211.549416660593,0.0,8.192764254827967,8.192764254827967,0.0,20211.549416660593,20211.549416660593,0.0,8.192764254827967,,0,,,,False,8.192764254827967,0.0,61.94539260864258,65.51673889160156,63.85380662397951,8.154227058434998
PbI2,4.0,4.0,detector_qspace_per_pixel,detector_qr_band_per_qz_bin_fast,False,7,4.182014854841658,4.182014854841658,0,0,saved_q_group_rows_no_fit_points,-,-,0.13,10,0.6805625678407091,0.7046959922322237,0.6926292800364664,2435,2435.0,pixel_count,20220.19654460808,20220.19654460808,0.0,8.303982153843155,8.303982153843155,0.0,20220.19654460808,20220.19654460808,0.0,8.303982153843155,,0,,,,False,8.303982153843155,0.0,62.03724670410156,65.53780364990234,63.904997334270206,8.329245723908558
PbI2,4.0,4.0,detector_qspace_per_pixel,detector_qr_band_per_qz_bin_fast,False,7,4.182014854841658,4.182014854841658,0,0,saved_q_group_rows_no_fit_points,-,-,0.13,11,0.7046959922322237,0.7288294166237382,0.716762704427981,2407,2407.0,pixel_count,20501.306793291616,20501.306793291616,0.0,8.517368838093734,8.517368838093734,0.0,20501.306793291616,20501.306793291616,0.0,8.517368838093734,,0,,,,False,8.517368838093734,0.0,62.113075256347656,65.56180572509766,63.955724572538266,8.508421728723434
PbI2,4.0,4.0,detector_qspace_per_pixel,detector_qr_band_per_qz_bin_fast,False,7,4.182014854841658,4.182014854841658,0,0,saved_q_group_rows_no_fit_points,-,-,0.13,12,0.7288294166237382,0.7529628410152527,0.7408961288194955,2375,2375.0,pixel_count,20614.418529769482,20614.418529769482,0.0,8.679755170429255,8.679755170429255,0.0,20614.418529769482,20614.418529769482,0.0,8.679755170429255,,0,,,,False,8.679755170429255,0.0,62.20595169067383,65.58474731445312,64.01099358968713,8.70569646987062
PbI2,4.0,4.0,detector_qspace_per_pixel,detector_qr_band_per_qz_bin_fast,False,7,4.182014854841658,4.182014854841658,0,0,saved_q_group_rows_no_fit_points,-,-,0.13,13,0.7529628410152527,0.7770962654067672,0.76502955321101,2338,2338.0,pixel_count,20784.44642301876,20784.44642301876,0.0,8.889840215149169,8.889840215149169,0.0,20784.44642301876,20784.44642301876,0.0,8.889840215149169,,0,,,,False,8.889840215149169,0.0,62.318336486816406,65.60857391357422,64.06663470347287,8.96034948270064
PbI2,4.0,4.0,detector_qspace_per_pixel,detector_qr_band_per_qz_bin_fast,False,7,4.182014854841658,4.182014854841658,0,0,saved_q_group_rows_no_fit_points,-,-,0.13,14,0.7770962654067672,0.8012296897982817,0.7891629776025244,2307,2307.0,pixel_count,21397.315337149586,21397.315337149586,0.0,9.274952465171038,9.274952465171038,0.0,21397.315337149586,21397.315337149586,0.0,9.274952465171038,,0,,,,False,9.274952465171038,0.0,62.395851135253906,65.63328552246094,64.12495267642817,9.312901772056046
PbI2,4.0,4.0,detector_qspace_per_pixel,detector_qr_band_per_qz_bin_fast,False,7,4.182014854841658,4.182014854841658,0,0,saved_q_group_rows_no_fit_points,-,-,0.13,15,0.8012296897982817,0.8253631141897962,0.813296401994039,2269,2269.0,pixel_count,22052.078557034696,22052.078557034696,0.0,9.718853484810355,9.718853484810355,0.0,22052.078557034696,22052.078557034696,0.0,9.718853484810355,,0,,,,False,9.718853484810355,0.0,62.5059814453125,65.65886688232422,64.18306374218322,9.764566239354481
PbI2,4.0,4.0,detector_qspace_per_pixel,detector_qr_band_per_qz_bin_fast,False,7,4.182014854841658,4.182014854841658,0,0,saved_q_group_rows_no_fit_points,-,-,0.13,16,0.8253631141897962,0.8494965385813108,0.8374298263855535,2233,2233.0,pixel_count,22829.56586642186,22829.56586642186,0.0,10.223719599830659,10.223719599830659,0.0,22829.56586642186,22829.56586642186,0.0,10.223719599830659,,0,,,,False,10.223719599830659,0.0,62.60342788696289,65.68531036376953,64.24199860509682,10.336673227516401
PbI2,4.0,4.0,detector_qspace_per_pixel,detector_qr_band_per_qz_bin_fast,False,7,4.182014854841658,4.182014854841658,0,0,saved_q_group_rows_no_fit_points,-,-,0.13,17,0.8494965385813108,0.8736299629728252,0.8615632507770681,2199,2199.0,pixel_count,24258.492115320856,24258.492115320856,0.0,11.031601689550184,11.031601689550184,0.0,24258.492115320856,24258.492115320856,0.0,11.031601689550184,,0,,,,False,11.031601689550184,0.0,62.71709442138672,65.71514129638672,64.30647075033575,11.054436487060537
PbI2,4.0,4.0,detector_qspace_per_pixel,detector_qr_band_per_qz_bin_fast,False,7,4.182014854841658,4.182014854841658,0,0,saved_q_group_rows_no_fit_points,-,-,0.13,18,0.8736299629728252,0.8977633873643397,0.8856966751685824,2154,2154.0,pixel_count,25397.329649280167,25397.329649280167,0.0,11.790775138941582,11.790775138941582,0.0,25397.329649280167,25397.329649280167,0.0,11.790775138941582,,0,,,,False,11.790775138941582,0.0,62.81207275390625,65.74336242675781,64.37028166404436,11.895133077858382
PbI2,4.0,4.0,detector_qspace_per_pixel,detector_qr_band_per_qz_bin_fast,False,7,4.182014854841658,4.182014854841658,0,0,saved_q_group_rows_no_fit_points,-,-,0.13,19,0.8977633873643397,0.9218968117558544,0.909830099560097,2113,2113.0,pixel_count,27277.881928148563,27277.881928148563,0.0,12.909551314788718,12.909551314788718,0.0,27277.881928148563,27277.881928148563,0.0,12.909551314788718,,0,,,,False,12.909551314788718,0.0,62.9261360168457,65.77510070800781,64.43391416198206,12.756642231850751
PbI2,4.0,4.0,detector_qspace_per_pixel,detector_qr_band_per_qz_bin_fast,False,7,4.182014854841658,4.182014854841658,0,0,saved_q_group_rows_no_fit_points,-,-,0.13,20,0.9218968117558544,0.9460302361473689,0.9339635239516116,2078,2078.0,pixel_count,28469.49288940678,28469.49288940678,0.0,13.700429686913754,13.700429686913754,0.0,28469.49288940678,28469.49288940678,0.0,13.700429686913754,,0,,,,False,13.700429686913754,0.0,63.024993896484375,65.80506134033203,64.5040866875106,13.34116419337726
PbI2,4.0,4.0,detector_qspace_per_pixel,detector_qr_band_per_qz_bin_fast,False,7,4.182014854841658,4.182014854841658,0,0,saved_q_group_rows_no_fit_points,-,-,0.13,21,0.9460302361473689,0.9701636605388833,0.9580969483431261,2030,2030.0,pixel_count,27688.218908783805,27688.218908783805,0.0,13.639516703834387,13.639516703834387,0.0,27688.218908783805,27688.218908783805,0.0,13.639516703834387,,0,,,,False,13.639516703834387,0.0,63.13941955566406,65.83583068847656,64.57144115866615,13.417850672292257
PbI2,4.0,4.0,detector_qspace_per_pixel,detector_qr_band_per_qz_bin_fast,False,7,4.182014854841658,4.182014854841658,0,0,saved_q_group_rows_no_fit_points,-,-,0.13,22,0.9701636605388833,0.9942970849303978,0.9822303727346405,1986,1986.0,pixel_count,25981.3350996029,25981.3350996029,0.0,13.082243252569436,13.082243252569436,0.0,25981.3350996029,25981.3350996029,0.0,13.082243252569436,,0,,,,False,13.082243252569436,0.0,63.25391387939453,65.87032318115234,64.64272712350706,13.129388395141698
PbI2,4.0,4.0,detector_qspace_per_pixel,detector_qr_band_per_qz_bin_fast,False,7,4.182014854841658,4.182014854841658,0,0,saved_q_group_rows_no_fit_points,-,-,0.13,23,0.9942970849303978,1.0184305093219124,1.0063637971261552,1941,1941.0,pixel_count,24748.32273152428,24748.32273152428,0.0,12.750295070337085,12.750295070337085,0.0,24748.32273152428,24748.32273152428,0.0,12.750295070337085,,0,,,,False,12.750295070337085,0.0,63.37208557128906,65.90277099609375,64.71180028825947,12.77006771617759
PbI2,4.0,4.0,detector_qspace_per_pixel,detector_qr_band_per_qz_bin_fast,False,7,4.182014854841658,4.182014854841658,0,0,saved_q_group_rows_no_fit_points,-,-,0.13,24,1.0184305093219124,1.0425639337134267,1.0304972215176695,1894,1894.0,pixel_count,23524.458711022813,23524.458711022813,0.0,12.420516742884272,12.420516742884272,0.0,23524.458711022813,23524.458711022813,0.0,12.420516742884272,,0,,,,False,12.420516742884272,0.0,63.5014533996582,65.9390640258789,64.79067625640118,12.471385652253844
PbI2,4.0,4.0,detector_qspace_per_pixel,detector_qr_band_per_qz_bin_fast,False,7,4.182014854841658,4.182014854841658,0,0,saved_q_group_rows_no_fit_points,-,-,0.13,25,1.0425639337134267,1.0666973581049413,1.0546306459091839,1844,1844.0,pixel_count,22472.516674944032,22472.516674944032,0.0,12.186831168624746,12.186831168624746,0.0,22472.516674944032,22472.516674944032,0.0,12.186831168624746,,0,,,,False,12.186831168624746,0.0,63.61967849731445,65.97627258300781,64.86219038858302,12.277961212433226
PbI2,4.0,4.0,detector_qspace_per_pixel,detector_qr_band_per_qz_bin_fast,False,7,4.182014854841658,4.182014854841658,0,0,saved_q_group_rows_no_fit_points,+,+,0.13,1,0.46336174831707855,0.48749517270859305,0.4754284605128358,816,816.0,pixel_count,3651.049896945466,3651.049896945466,0.0,4.474325854099836,4.474325854099836,0.0,3651.049896945466,3651.049896945466,0.0,4.474325854099836,,0,,,,False,4.474325854099836,0.0,59.75425720214844,61.407432556152344,60.61100753296177,4.481775887715701
PbI2,4.0,4.0,detector_qspace_per_pixel,detector_qr_band_per_qz_bin_fast,False,7,4.182014854841658,4.182014854841658,0,0,saved_q_group_rows_no_fit_points,+,+,0.13,2,0.48749517270859305,0.5116285971001077,0.4995618849043504,795,795.0,pixel_count,3567.385233004748,3567.385233004748,0.0,4.487277022647482,4.487277022647482,0.0,3567.385233004748,3567.385233004748,0.0,4.487277022647482,,0,,,,False,4.487277022647482,0.0,59.82988357543945,61.42396545410156,60.65438804129749,4.506133391101215
PbI2,4.0,4.0,detector_qspace_per_pixel,detector_qr_band_per_qz_bin_fast,False,7,4.182014854841658,4.182014854841658,0,0,saved_q_group_rows_no_fit_points,+,+,0.13,3,0.5116285971001077,0.5357620214916221,0.5236953092958649,769,769.0,pixel_count,3489.9612869812513,3489.9612869812513,0.0,4.538311166425554,4.538311166425554,0.0,3489.9612869812513,3489.9612869812513,0.0,4.538311166425554,,0,,,,False,4.538311166425554,0.0,59.887184143066406,61.443511962890625,60.69850367512745,4.561773803527865
PbI2,4.0,4.0,detector_qspace_per_pixel,detector_qr_band_per_qz_bin_fast,False,7,4.182014854841658,4.182014854841658,0,0,saved_q_group_rows_no_fit_points,+,+,0.13,4,0.5357620214916221,0.5598954458831366,0.5478287336873793,750,750.0,pixel_count,3496.519696771929,3496.519696771929,0.0,4.662026262362572,4.662026262362572,0.0,3496.519696771929,3496.519696771929,0.0,4.662026262362572,,0,,,,False,4.662026262362572,0.0,59.96442413330078,61.4621467590332,60.744079238381374,4.637266123810599
PbI2,4.0,4.0,detector_qspace_per_pixel,detector_qr_band_per_qz_bin_fast,False,7,4.182014854841658,4.182014854841658,0,0,saved_q_group_rows_no_fit_points,+,+,0.13,5,0.5598954458831366,0.5840288702746511,0.5719621580788938,723,723.0,pixel_count,3395.4914276780105,3395.4914276780105,0.0,4.696392016152158,4.696392016152158,0.0,3395.4914276780105,3395.4914276780105,0.0,4.696392016152158,,0,,,,False,4.696392016152158,0.0,60.042388916015625,61.4840087890625,60.79042721080289,4.710194357912792
PbI2,4.0,4.0,detector_qspace_per_pixel,detector_qr_band_per_qz_bin_fast,False,7,4.182014854841658,4.182014854841658,0,0,saved_q_group_rows_no_fit_points,+,+,0.13,6,0.5840288702746511,0.6081622946661657,0.5960955824704084,694,694.0,pixel_count,3311.6294781092456,3311.6294781092456,0.0,4.771800400733783,4.771800400733783,0.0,3311.6294781092456,3311.6294781092456,0.0,4.771800400733783,,0,,,,False,4.771800400733783,0.0,60.12356948852539,61.50471496582031,60.844243740532974,4.788607047423784
PbI2,4.0,4.0,detector_qspace_per_pixel,detector_qr_band_per_qz_bin_fast,False,7,4.182014854841658,4.182014854841658,0,0,saved_q_group_rows_no_fit_points,+,+,0.13,7,0.6081622946661657,0.6322957190576802,0.620229006861923,670,670.0,pixel_count,3305.719280586777,3305.719280586777,0.0,4.933909374010115,4.933909374010115,0.0,3305.719280586777,3305.719280586777,0.0,4.933909374010115,,0,,,,False,4.933909374010115,0.0,60.20301818847656,61.52886199951172,60.89340240605423,4.850830206397429
PbI2,4.0,4.0,detector_qspace_per_pixel,detector_qr_band_per_qz_bin_fast,False,7,4.182014854841658,4.182014854841658,0,0,saved_q_group_rows_no_fit_points,+,+,0.13,8,0.6322957190576802,0.6564291434491947,0.6443624312534375,642,642.0,pixel_count,3088.789766447646,3088.789766447646,0.0,4.811199013158327,4.811199013158327,0.0,3088.789766447646,3088.789766447646,0.0,4.811199013158327,,0,,,,False,4.811199013158327,0.0,60.28311538696289,61.55161666870117,60.94685546017075,4.8800023196779065
PbI2,4.0,4.0,detector_qspace_per_pixel,detector_qr_band_per_qz_bin_fast,False,7,4.182014854841658,4.182014854841658,0,0,saved_q_group_rows_no_fit_points,+,+,0.13,9,0.6564291434491947,0.6805625678407091,0.6684958556449518,613,613.0,pixel_count,3016.3450716223106,3016.3450716223106,0.0,4.920628175566575,4.920628175566575,0.0,3016.3450716223106,3016.3450716223106,0.0,4.920628175566575,,0,,,,False,4.920628175566575,0.0,60.3851432800293,61.57801818847656,61.00407511582561,4.939118982029907
PbI2,4.0,4.0,detector_qspace_per_pixel,detector_qr_band_per_qz_bin_fast,False,7,4.182014854841658,4.182014854841658,0,0,saved_q_group_rows_no_fit_points,+,+,0.13,10,0.6805625678407091,0.7046959922322237,0.6926292800364664,581,581.0,pixel_count,2948.32457401301,2948.32457401301,0.0,5.074568974204837,5.074568974204837,0.0,2948.32457401301,2948.32457401301,0.0,5.074568974204837,,0,,,,False,5.074568974204837,0.0,60.46943283081055,61.6055908203125,61.0607587263993,5.020941080240876
PbI2,4.0,4.0,detector_qspace_per_pixel,detector_qr_band_per_qz_bin_fast,False,7,4.182014854841658,4.182014854841658,0,0,saved_q_group_rows_no_fit_points,+,+,0.13,11,0.7046959922322237,0.7288294166237382,0.716762704427981,552,552.0,pixel_count,2782.841618586841,2782.841618586841,0.0,5.041379743816741,5.041379743816741,0.0,2782.841618586841,2782.841618586841,0.0,5.041379743816741,,0,,,,False,5.041379743816741,0.0,60.569637298583984,61.63140106201172,61.12058293458971,5.0916118279236
PbI2,4.0,4.0,detector_qspace_per_pixel,detector_qr_band_per_qz_bin_fast,False,7,4.182014854841658,4.182014854841658,0,0,saved_q_group_rows_no_fit_points,+,+,0.13,12,0.7288294166237382,0.7529628410152527,0.7408961288194955,521,521.0,pixel_count,2694.8537506951366,2694.8537506951366,0.0,5.17246401285055,5.17246401285055,0.0,2694.8537506951366,2694.8537506951366,0.0,5.17246401285055,,0,,,,False,5.17246401285055,0.0,60.65525817871094,61.661170959472656,61.180484345039844,5.188216094104891
PbI2,4.0,4.0,detector_qspace_per_pixel,detector_qr_band_per_qz_bin_fast,False,7,4.182014854841658,4.182014854841658,0,0,saved_q_group_rows_no_fit_points,+,+,0.13,13,0.7529628410152527,0.7770962654067672,0.76502955321101,487,487.0,pixel_count,2604.396160619652,2604.396160619652,0.0,5.347836058767253,5.347836058767253,0.0,2604.396160619652,2604.396160619652,0.0,5.347836058767253,,0,,,,False,5.347836058767253,0.0,60.75955581665039,61.69207763671875,61.243269559060664,5.294763472869052
PbI2,4.0,4.0,detector_qspace_per_pixel,detector_qr_band_per_qz_bin_fast,False,7,4.182014854841658,4.182014854841658,0,0,saved_q_group_rows_no_fit_points,+,+,0.13,14,0.7770962654067672,0.8012296897982817,0.7891629776025244,452,452.0,pixel_count,2426.1973066640094,2426.1973066640094,0.0,5.367693156336304,5.367693156336304,0.0,2426.1973066640094,2426.1973066640094,0.0,5.367693156336304,,0,,,,False,5.367693156336304,0.0,60.86430740356445,61.724117279052734,61.30718001248243,5.363397780546222
PbI2,4.0,4.0,detector_qspace_per_pixel,detector_qr_band_per_qz_bin_fast,False,7,4.182014854841658,4.182014854841658,0,0,saved_q_group_rows_no_fit_points,+,+,0.13,15,0.8012296897982817,0.8253631141897962,0.813296401994039,418,418.0,pixel_count,2246.333979726954,2246.333979726954,0.0,5.374004736188885,5.374004736188885,0.0,2246.333979726954,2246.333979726954,0.0,5.374004736188885,,0,,,,False,5.374004736188885,0.0,60.94833755493164,61.75390625,61.37318288590828,5.423436883934647
PbI2,4.0,4.0,detector_qspace_per_pixel,detector_qr_band_per_qz_bin_fast,False,7,4.182014854841658,4.182014854841658,0,0,saved_q_group_rows_no_fit_points,+,+,0.13,16,0.8253631141897962,0.8494965385813108,0.8374298263855535,383,383.0,pixel_count,2129.225076472635,2129.225076472635,0.0,5.559334403322807,5.559334403322807,0.0,2129.225076472635,2129.225076472635,0.0,5.559334403322807,,0,,,,False,5.559334403322807,0.0,61.05751037597656,61.78805160522461,61.44243489563234,5.4952987765728025
PbI2,4.0,4.0,detector_qspace_per_pixel,detector_qr_band_per_qz_bin_fast,False,7,4.182014854841658,4.182014854841658,0,0,saved_q_group_rows_no_fit_points,+,+,0.13,17,0.8494965385813108,0.8736299629728252,0.8615632507770681,343,343.0,pixel_count,1889.5661428991864,1889.5661428991864,0.0,5.508939192125908,5.508939192125908,0.0,1889.5661428991864,1889.5661428991864,0.0,5.508939192125908,,0,,,,False,5.508939192125908,0.0,61.163570404052734,61.82329177856445,61.51252735067975,5.551600369187065
PbI2,4.0,4.0,detector_qspace_per_pixel,detector_qr_band_per_qz_bin_fast,False,7,4.182014854841658,4.182014854841658,0,0,saved_q_group_rows_no_fit_points,+,+,0.13,18,0.8736299629728252,0.8977633873643397,0.8856966751685824,306,306.0,pixel_count,1723.4307270296076,1723.4307270296076,0.0,5.6321265589202865,5.6321265589202865,0.0,1723.4307270296076,1723.4307270296076,0.0,5.6321265589202865,,0,,,,False,5.6321265589202865,0.0,61.269962310791016,61.85961151123047,61.58263272585999,5.609256589408307
PbI2,4.0,4.0,detector_qspace_per_pixel,detector_qr_band_per_qz_bin_fast,False,7,4.182014854841658,4.182014854841658,0,0,saved_q_group_rows_no_fit_points,+,+,0.13,19,0.8977633873643397,0.9218968117558544,0.909830099560097,266,266.0,pixel_count,1501.537608352429,1501.537608352429,0.0,5.644878226888831,5.644878226888831,0.0,1501.537608352429,1501.537608352429,0.0,5.644878226888831,,0,,,,False,5.644878226888831,0.0,61.37665557861328,61.89699935913086,61.65510627645221,5.678016820378197
PbI2,4.0,4.0,detector_qspace_per_pixel,detector_qr_band_per_qz_bin_fast,False,7,4.182014854841658,4.182014854841658,0,0,saved_q_group_rows_no_fit_points,+,+,0.13,20,0.9218968117558544,0.9460302361473689,0.9339635239516116,225,225.0,pixel_count,1301.0305502494027,1301.0305502494027,0.0,5.782358001108457,5.782358001108457,0.0,1301.0305502494027,1301.0305502494027,0.0,5.782358001108457,,0,,,,False,5.782358001108457,0.0,61.50450134277344,61.9354362487793,61.7316037498842,5.76096868450324
PbI2,4.0,4.0,detector_qspace_per_pixel,detector_qr_band_per_qz_bin_fast,False,7,4.182014854841658,4.182014854841658,0,0,saved_q_group_rows_no_fit_points,+,+,0.13,21,0.9460302361473689,0.9701636605388833,0.9580969483431261,182,182.0,pixel_count,1057.9766411823211,1057.9766411823211,0.0,5.813058468034732,5.813058468034732,0.0,1057.9766411823211,1057.9766411823211,0.0,5.813058468034732,,0,,,,False,5.813058468034732,0.0,61.61166000366211,61.97491455078125,61.807764908995544,5.873833072292063
PbI2,4.0,4.0,detector_qspace_per_pixel,detector_qr_band_per_qz_bin_fast,False,7,4.182014854841658,4.182014854841658,0,0,saved_q_group_rows_no_fit_points,+,+,0.13,22,0.9701636605388833,0.9942970849303978,0.9822303727346405,139,139.0,pixel_count,833.5153416457385,833.5153416457385,0.0,5.996513249249918,5.996513249249918,0.0,833.5153416457385,833.5153416457385,0.0,5.996513249249918,,0,,,,False,5.996513249249918,0.0,61.72312927246094,62.01541519165039,61.8862617545785,6.135813525624485
PbI2,4.0,4.0,detector_qspace_per_pixel,detector_qr_band_per_qz_bin_fast,False,7,4.182014854841658,4.182014854841658,0,0,saved_q_group_rows_no_fit_points,+,+,0.13,23,0.9942970849303978,1.0184305093219124,1.0063637971261552,92,92.0,pixel_count,570.3269442513897,570.3269442513897,0.0,6.199205915775975,6.199205915775975,0.0,570.3269442513897,570.3269442513897,0.0,6.199205915775975,,0,,,,False,6.199205915775975,0.0,61.84727478027344,62.05692672729492,61.9652027744241,6.742262591268636
PbI2,4.0,4.0,detector_qspace_per_pixel,detector_qr_band_per_qz_bin_fast,False,7,4.182014854841658,4.182014854841658,0,0,saved_q_group_rows_no_fit_points,+,+,0.13,24,1.0184305093219124,1.0425639337134267,1.0304972215176695,46,46.0,pixel_count,400.4158487166925,400.4158487166925,0.0,8.704692363406359,8.704692363406359,0.0,400.4158487166925,400.4158487166925,0.0,8.704692363406359,,0,,,,False,8.704692363406359,0.0,61.95918655395508,62.09943389892578,62.042225434804166,7.23026450702109
PbI2,4.0,4.0,detector_qspace_per_pixel,detector_qr_band_per_qz_bin_fast,False,7,4.182014854841658,4.182014854841658,0,0,saved_q_group_rows_no_fit_points,+,+,0.13,25,1.0425639337134267,1.0666973581049413,1.0546306459091839,5,5.0,pixel_count,31.731765367511066,31.731765367511066,0.0,6.346353073502213,6.346353073502213,0.0,31.731765367511066,31.731765367511066,0.0,6.346353073502213,,0,,,,False,6.346353073502213,0.0,62.08757400512695,62.11671447753906,62.105691972635704,6.907437387046274
PbI2,4.0,4.0,detector_qspace_per_pixel,detector_phi_two_theta_roi_per_qz_bin,False,0,0.0,0.0,0,0,original,qz,m = 0,1e-09,1,0.3090932518486267,0.32308879781432503,0.3160910248314759,53,53.0,pixel_count,3432.5243135551996,3432.5243135551996,0.0,64.76460968972074,64.76460968972074,0.0,3432.5243135551996,3432.5243135551996,0.0,64.76460968972074,,0,,,50.0,False,64.76460968972074,0.0,5.00077004387834,5.183508688787943,5.090080631251593,65.36181506785167
PbI2,4.0,4.0,detector_qspace_per_pixel,detector_phi_two_theta_roi_per_qz_bin,False,0,0.0,0.0,0,0,original,qz,m = 0,1e-09,2,0.32308879781432503,0.33708434378002344,0.33008657079717424,49,49.0,pixel_count,3340.9101057872526,3340.9101057872526,0.0,68.1818388936174,68.1818388936174,0.0,3340.9101057872526,3340.9101057872526,0.0,68.1818388936174,,0,,,50.0,False,68.1818388936174,0.0,5.1898303344077625,5.345597328631077,5.255972808548583,64.82822609403429
PbI2,4.0,4.0,detector_qspace_per_pixel,detector_phi_two_theta_roi_per_qz_bin,False,0,0.0,0.0,0,0,original,qz,m = 0,1e-09,3,0.33708434378002344,0.3510798897457218,0.3440821167628726,50,50.0,pixel_count,3055.256515183267,3055.256515183267,0.0,61.105130303665334,61.105130303665334,0.0,3055.256515183267,3055.256515183267,0.0,61.105130303665334,,0,,,50.0,False,61.105130303665334,0.0,5.341331903345109,5.4948058894933824,5.406941542984649,61.96999231823166
PbI2,4.0,4.0,detector_qspace_per_pixel,detector_phi_two_theta_roi_per_qz_bin,False,0,0.0,0.0,0,0,original,qz,m = 0,1e-09,4,0.3510798897457218,0.36507543571142015,0.358077662728571,77,77.0,pixel_count,4447.670279064661,4447.670279064661,0.0,57.761951676164436,57.761951676164436,0.0,4447.670279064661,4447.670279064661,0.0,57.761951676164436,,0,,,50.0,False,57.761951676164436,0.0,5.492758616382917,5.727979746886126,5.5977099390677045,58.82026008007331
PbI2,4.0,4.0,detector_qspace_per_pixel,detector_phi_two_theta_roi_per_qz_bin,False,0,0.0,0.0,0,0,original,qz,m = 0,1e-09,5,0.36507543571142015,0.37907098167711856,0.37207320869426935,81,81.0,pixel_count,4609.046629505401,4609.046629505401,0.0,56.90181024080742,56.90181024080742,0.0,4609.046629505401,4609.046629505401,0.0,56.90181024080742,,0,,,50.0,False,56.90181024080742,0.0,5.7197538276234035,5.954865336031277,5.82536462933195,56.93918182516721
PbI2,4.0,4.0,detector_qspace_per_pixel,detector_phi_two_theta_roi_per_qz_bin,False,0,0.0,0.0,0,0,original,qz,m = 0,1e-09,6,0.37907098167711856,0.3930665276428169,0.3860687546599677,55,55.0,pixel_count,3049.5312628592983,3049.5312628592983,0.0,55.44602296107815,55.44602296107815,0.0,3049.5312628592983,3049.5312628592983,0.0,55.44602296107815,,0,,,50.0,False,55.44602296107815,0.0,5.946569057240863,6.11325274378126,6.015191905137924,55.978519992791064
PbI2,4.0,4.0,detector_qspace_per_pixel,detector_phi_two_theta_roi_per_qz_bin,False,0,0.0,0.0,0,0,original,qz,m = 0,1e-09,7,0.3930665276428169,0.4070620736085153,0.4000643006256661,86,86.0,pixel_count,4734.061774847385,4734.061774847385,0.0,55.04722994008587,55.04722994008587,0.0,4734.061774847385,4734.061774847385,0.0,55.04722994008587,,0,,,50.0,False,55.04722994008587,0.0,6.09767581697076,6.339783942717501,6.205784664545804,55.932829807468735
PbI2,4.0,4.0,detector_qspace_per_pixel,detector_phi_two_theta_roi_per_qz_bin,False,0,0.0,0.0,0,0,original,qz,m = 0,1e-09,8,0.4070620736085153,0.42105761957421367,0.4140598465913645,58,58.0,pixel_count,3350.9466260153313,3350.9466260153313,0.0,57.77494182785054,57.77494182785054,0.0,3350.9466260153313,3350.9466260153313,0.0,57.77494182785054,,0,,,50.0,False,57.77494182785054,0.0,6.324175784990978,6.4885312604214205,6.3933435512704895,56.29237434147737
PbI2,4.0,4.0,detector_qspace_per_pixel,detector_phi_two_theta_roi_per_qz_bin,False,0,0.0,0.0,0,0,original,qz,m = 0,1e-09,9,0.42105761957421367,0.435053165539912,0.4280553925570628,92,92.0,pixel_count,5081.224800825625,5081.224800825625,0.0,55.23070435680027,55.23070435680027,0.0,5081.224800825625,5081.224800825625,0.0,55.23070435680027,,0,,,50.0,False,55.23070435680027,0.0,6.475066031340969,6.724145987630399,6.585426027469084,56.23390651651725
PbI2,4.0,4.0,detector_qspace_per_pixel,detector_phi_two_theta_roi_per_qz_bin,False,0,0.0,0.0,0,0,original,qz,m = 0,1e-09,10,0.435053165539912,0.44904871150561043,0.4420509385227612,94,94.0,pixel_count,5298.659353084397,5298.659353084397,0.0,56.36871652217443,56.36871652217443,0.0,5298.659353084397,5298.659353084397,0.0,56.36871652217443,,0,,,50.0,False,56.36871652217443,0.0,6.701231765838771,6.956274832411786,6.811777570261882,56.31418998741182
PbI2,4.0,4.0,detector_qspace_per_pixel,detector_phi_two_theta_roi_per_qz_bin,False,0,0.0,0.0,0,0,original,qz,m = 0,1e-09,11,0.44904871150561043,0.4630442574713088,0.45604648448845964,65,65.0,pixel_count,3742.928902413725,3742.928902413725,0.0,57.583521575595775,57.583521575595775,0.0,3742.928902413725,3742.928902413725,0.0,57.583521575595775,,0,,,50.0,False,57.583521575595775,0.0,6.927187925348045,7.107915354118127,7.001392603576018,56.08502187326824
PbI2,4.0,4.0,detector_qspace_per_pixel,detector_phi_two_theta_roi_per_qz_bin,False,0,0.0,0.0,0,0,original,qz,m = 0,1e-09,12,0.4630442574713088,0.47703980343700714,0.47004203045415793,99,99.0,pixel_count,5333.612370433933,5333.612370433933,0.0,53.87487242862559,53.87487242862559,0.0,5333.612370433933,5333.612370433933,0.0,53.87487242862559,,0,,,50.0,False,53.87487242862559,0.0,7.077705609929119,7.330202811182722,7.188976957494502,55.08484589039962
PbI2,4.0,4.0,detector_qspace_per_pixel,detector_phi_two_theta_roi_per_qz_bin,False,0,0.0,0.0,0,0,original,qz,m = 0,1e-09,13,0.47703980343700714,0.49103534940270555,0.48403757641985634,103,103.0,pixel_count,5618.403294352247,5618.403294352247,0.0,54.54760479953638,54.54760479953638,0.0,5618.403294352247,5618.403294352247,0.0,54.54760479953638,,0,,,50.0,False,54.54760479953638,0.0,7.303297544371056,7.565009886656047,7.416990932046762,54.48140452977219
PbI2,4.0,4.0,detector_qspace_per_pixel,detector_phi_two_theta_roi_per_qz_bin,False,0,0.0,0.0,0,0,original,qz,m = 0,1e-09,14,0.49103534940270555,0.505030895368404,0.49803312238555475,70,70.0,pixel_count,3770.373772795021,3770.373772795021,0.0,53.8624824685003,53.8624824685003,0.0,3770.373772795021,3770.373772795021,0.0,53.8624824685003,,0,,,50.0,False,53.8624824685003,0.0,7.528662049394044,7.7129059108860165,7.604447377561597,54.84209485023747
PbI2,4.0,4.0,detector_qspace_per_pixel,detector_phi_two_theta_roi_per_qz_bin,False,0,0.0,0.0,0,0,original,qz,m = 0,1e-09,15,0.505030895368404,0.5190264413341023,0.5120286683512532,108,108.0,pixel_count,6026.688542671793,6026.688542671793,0.0,55.802671691405486,55.802671691405486,0.0,6026.688542671793,6026.688542671793,0.0,55.802671691405486,,0,,,50.0,False,55.802671691405486,0.0,7.678775432180487,7.947340324276503,7.794668931533733,56.32468442985745
PbI2,4.0,4.0,detector_qspace_per_pixel,detector_phi_two_theta_roi_per_qz_bin,False,0,0.0,0.0,0,0,original,qz,m = 0,1e-09,16,0.5190264413341023,0.5330219872998007,0.5260242143169515,111,111.0,pixel_count,6604.809786070604,6604.809786070604,0.0,59.502790865500934,59.502790865500934,0.0,6604.809786070604,6604.809786070604,0.0,59.502790865500934,,0,,,50.0,False,59.502790865500934,0.0,7.903746198145007,8.168719402607088,8.019107347513643,58.03915874477565
PbI2,4.0,4.0,detector_qspace_per_pixel,detector_phi_two_theta_roi_per_qz_bin,False,0,0.0,0.0,0,0,original,qz,m = 0,1e-09,17,0.5330219872998007,0.547017533265499,0.5400197602826498,76,76.0,pixel_count,4465.741978708771,4465.741978708771,0.0,58.75976287774699,58.75976287774699,0.0,4465.741978708771,4465.741978708771,0.0,58.75976287774699,,0,,,50.0,False,58.75976287774699,0.0,8.128471976944608,8.32557838671822,8.207557584065684,58.58935255433303
PbI2,4.0,4.0,detector_qspace_per_pixel,detector_phi_two_theta_roi_per_qz_bin,False,0,0.0,0.0,0,0,original,qz,m = 0,1e-09,18,0.547017533265499,0.5610130792311974,0.5540153062483482,117,117.0,pixel_count,6857.736185251735,6857.736185251735,0.0,58.61312978847637,58.61312978847637,0.0,6857.736185251735,6857.736185251735,0.0,58.61312978847637,,0,,,50.0,False,58.61312978847637,0.0,8.278149845309246,8.549876774352542,8.395739849838195,57.96255372503025
PbI2,4.0,4.0,detector_qspace_per_pixel,detector_phi_two_theta_roi_per_qz_bin,False,0,0.0,0.0,0,0,original,qz,m = 0,1e-09,19,0.5610130792311974,0.5750086251968958,0.5680108522140466,119,119.0,pixel_count,6743.289142047288,6743.289142047288,0.0,56.66629531132175,56.66629531132175,0.0,6743.289142047288,6743.289142047288,0.0,56.66629531132175,,0,,,50.0,False,56.66629531132175,0.0,8.502452882138835,8.779974274726623,8.620873598411197,56.50312210609552
PbI2,4.0,4.0,detector_qspace_per_pixel,detector_phi_two_theta_roi_per_qz_bin,False,0,0.0,0.0,0,0,original,qz,m = 0,1e-09,20,0.5750086251968958,0.5890041711625942,0.582006398179745,123,123.0,pixel_count,6701.114467072286,6701.114467072286,0.0,54.48060542335192,54.48060542335192,0.0,6701.114467072286,6701.114467072286,0.0,54.48060542335192,,0,,,50.0,False,54.48060542335192,0.0,8.72649369048877,9.00373782738734,8.84586318300837,54.71796184511751
PbI2,4.0,4.0,detector_qspace_per_pixel,detector_phi_two_theta_roi_per_qz_bin,False,0,0.0,0.0,0,0,original,qz,m = 0,1e-09,21,0.5890041711625942,0.6029997171282925,0.5960019441454434,83,83.0,pixel_count,4379.0009390242485,4379.0009390242485,0.0,52.759047458123476,52.759047458123476,0.0,4379.0009390242485,4379.0009390242485,0.0,52.759047458123476,,0,,,50.0,False,52.759047458123476,0.0,8.95026589033234,9.159925643130618,9.032858188851081,53.44623294906255
PbI2,4.0,4.0,detector_qspace_per_pixel,detector_phi_two_theta_roi_per_qz_bin,False,0,0.0,0.0,0,0,original,qz,m = 0,1e-09,22,0.6029997171282925,0.6169952630939909,0.6099974901111417,129,129.0,pixel_count,6734.969494212506,6734.969494212506,0.0,52.209065846608574,52.209065846608574,0.0,6734.969494212506,6734.969494212506,0.0,52.209065846608574,,0,,,50.0,False,52.209065846608574,0.0,9.099295001073996,9.383195012862446,9.220854177247135,53.52381840089415
PbI2,4.0,4.0,detector_qspace_per_pixel,detector_phi_two_theta_roi_per_qz_bin,False,0,0.0,0.0,0,0,original,qz,m = 0,1e-09,23,0.6169952630939909,0.6309908090596892,0.62399303607684,131,131.0,pixel_count,7275.942539396667,7275.942539396667,0.0,55.54154610226463,55.54154610226463,0.0,7275.942539396667,7275.942539396667,0.0,55.54154610226463,,0,,,50.0,False,55.54154610226463,0.0,9.322605473382149,9.612237761732224,9.444910198008238,54.735954385271434
PbI2,4.0,4.0,detector_qspace_per_pixel,detector_phi_two_theta_roi_per_qz_bin,False,0,0.0,0.0,0,0,original,qz,m = 0,1e-09,24,0.6309908090596892,0.6449863550253876,0.6379885820425384,135,135.0,pixel_count,7591.314147299097,7591.314147299097,0.0,56.23195664665998,56.23195664665998,0.0,7591.314147299097,7591.314147299097,0.0,56.23195664665998,,0,,,50.0,False,56.23195664665998,0.0,9.545630561625034,9.834925039123803,9.668922801279773,55.484040876514
PbI2,4.0,4.0,detector_qspace_per_pixel,detector_phi_two_theta_roi_per_qz_bin,False,0,0.0,0.0,0,0,original,qz,m = 0,1e-09,25,0.6449863550253876,0.658981900991086,0.6519841280082368,91,91.0,pixel_count,5053.677306620739,5053.677306620739,0.0,55.53491545737076,55.53491545737076,0.0,5053.677306620739,5053.677306620739,0.0,55.53491545737076,,0,,,50.0,False,55.53491545737076,0.0,9.768364066802821,9.990376419118466,9.85499194234795,55.02721711941035
PbI2,4.0,4.0,detector_qspace_per_pixel,detector_phi_two_theta_roi_per_qz_bin,False,0,0.0,0.0,0,0,original,qz,m = 0,1e-09,26,0.658981900991086,0.6729774469567844,0.6659796739739352,140,140.0,pixel_count,7428.170588928391,7428.170588928391,0.0,53.05836134948851,53.05836134948851,0.0,7428.170588928391,7428.170588928391,0.0,53.05836134948851,,0,,,50.0,False,53.05836134948851,0.0,9.916688041709486,10.212532579173109,10.041953195762693,54.269897945629666
PbI2,4.0,4.0,detector_qspace_per_pixel,detector_phi_two_theta_roi_per_qz_bin,False,0,0.0,0.0,0,0,original,qz,m = 0,1e-09,27,0.6729774469567844,0.6869729929224827,0.6799752199396336,142,142.0,pixel_count,7736.754575618776,7736.754575618776,0.0,54.4841871522449,54.4841871522449,0.0,7736.754575618776,7736.754575618776,0.0,54.4841871522449,,0,,,50.0,False,54.4841871522449,0.0,10.138921939794592,10.440430191049762,10.264310517506091,54.372243712882934
PbI2,4.0,4.0,detector_qspace_per_pixel,detector_phi_two_theta_roi_per_qz_bin,False,0,0.0,0.0,0,0,original,qz,m = 0,1e-09,28,0.6869729929224827,0.7009685388881811,0.6939707659053319,147,147.0,pixel_count,7965.178402165213,7965.178402165213,0.0,54.18488708955927,54.18488708955927,0.0,7965.178402165213,7965.178402165213,0.0,54.18488708955927,,0,,,50.0,False,54.18488708955927,0.0,10.360847978215519,10.661958309298496,10.487973548356157,55.70147919325272
PbI2,4.0,4.0,detector_qspace_per_pixel,detector_phi_two_theta_roi_per_qz_bin,False,0,0.0,0.0,0,0,original,qz,m = 0,1e-09,29,0.7009685388881811,0.7149640848538794,0.7079663118710302,99,99.0,pixel_count,5763.7645314818365,5763.7645314818365,0.0,58.21984375234178,58.21984375234178,0.0,5763.7645314818365,5763.7645314818365,0.0,58.21984375234178,,0,,,50.0,False,58.21984375234178,0.0,10.582460150946982,10.816610860118006,10.673054791885312,58.53343634104871
PbI2,4.0,4.0,detector_qspace_per_pixel,detector_phi_two_theta_roi_per_qz_bin,False,0,0.0,0.0,0,0,original,qz,m = 0,1e-09,30,0.7149640848538794,0.7289596308195778,0.7219618578367286,152,152.0,pixel_count,9583.682181167387,9583.682181167387,0.0,63.050540665574914,63.050540665574914,0.0,9583.682181167387,9583.682181167387,0.0,63.050540665574914,,0,,,50.0,False,63.050540665574914,0.0,10.730024288344989,11.037571784645952,10.859036153746107,61.96946944399164
PbI2,4.0,4.0,detector_qspace_per_pixel,detector_phi_two_theta_roi_per_qz_bin,False,0,0.0,0.0,0,0,original,qz,m = 0,1e-09,31,0.7289596308195778,0.7429551767852762,0.735957403802427,154,154.0,pixel_count,9786.569543208723,9786.569543208723,0.0,63.54915287797872,63.54915287797872,0.0,9786.569543208723,9786.569543208723,0.0,63.54915287797872,,0,,,50.0,False,63.54915287797872,0.0,10.95110015342962,11.2642371857618,11.080213959201282,65.76474214112426
PbI2,4.0,4.0,detector_qspace_per_pixel,detector_phi_two_theta_roi_per_qz_bin,False,0,0.0,0.0,0,0,original,qz,m = 0,1e-09,32,0.7429551767852762,0.7569507227509746,0.7499529497681254,158,158.0,pixel_count,11185.998923458392,11185.998923458392,0.0,70.7974615408759,70.7974615408759,0.0,11185.998923458392,11185.998923458392,0.0,70.7974615408759,,0,,,50.0,False,70.7974615408759,0.0,11.171846405649301,11.484525566711264,11.30247687888487,72.17865393268625
PbI2,4.0,4.0,detector_qspace_per_pixel,detector_phi_two_theta_roi_per_qz_bin,False,0,0.0,0.0,0,0,original,qz,m = 0,1e-09,33,0.7569507227509746,0.7709462687166729,0.7639484957338238,135,135.0,pixel_count,10376.593736718933,10376.593736718933,0.0,76.86365730902914,76.86365730902914,0.0,10376.593736718933,10376.593736718933,0.0,76.86365730902914,,0,,,50.0,False,76.86365730902914,0.0,11.392257242841467,11.710476261476796,11.514790960589313,85.02437238214583
PbI2,4.0,4.0,detector_qspace_per_pixel,detector_phi_two_theta_roi_per_qz_bin,False,0,0.0,0.0,0,0,original,qz,m = 0,1e-09,34,0.7709462687166729,0.7849418146823713,0.7779440416995221,135,135.0,pixel_count,14216.787046656274,14216.787046656274,0.0,105.30953367893537,105.30953367893537,0.0,14216.787046656274,14216.787046656274,0.0,105.30953367893537,,0,,,50.0,False,105.30953367893537,0.0,11.539008619958928,11.85800571410683,11.682236936678574,110.90815643136476
PbI2,4.0,4.0,detector_qspace_per_pixel,detector_phi_two_theta_roi_per_qz_bin,False,0,0.0,0.0,0,0,original,qz,m = 0,1e-09,35,0.7849418146823713,0.7989373606480696,0.7919395876652204,166,166.0,pixel_count,21543.621013799537,21543.621013799537,0.0,129.7808494807201,129.7808494807201,0.0,21543.621013799537,21543.621013799537,0.0,129.7808494807201,,0,,,50.0,False,129.7808494807201,0.0,11.758847694479574,12.083355155525593,11.891598619914543,185.09693960909573
PbI2,4.0,4.0,detector_qspace_per_pixel,detector_phi_two_theta_roi_per_qz_bin,False,0,0.0,0.0,0,0,original,qz,m = 0,1e-09,36,0.7989373606480696,0.812932906613768,0.8059351336309188,170,170.0,pixel_count,35800.37928222719,35800.37928222719,0.0,210.5904663660423,210.5904663660423,0.0,35800.37928222719,35800.37928222719,0.0,210.5904663660423,,0,,,50.0,False,210.5904663660423,0.0,11.978336163791711,12.30232580253383,12.112577327686898,503.9468843631648
PbI2,4.0,4.0,detector_qspace_per_pixel,detector_phi_two_theta_roi_per_qz_bin,False,0,0.0,0.0,0,0,original,qz,m = 0,1e-09,37,0.812932906613768,0.8269284525794665,0.8199306795966173,172,172.0,pixel_count,113893.17988644482,113893.17988644482,0.0,662.1696505025861,662.1696505025861,0.0,113893.17988644482,113893.17988644482,0.0,662.1696505025861,,0,,,50.0,False,662.1696505025861,0.0,12.197468439377547,12.526917099934105,12.331780698535342,1567.4022899787483
PbI2,4.0,4.0,detector_qspace_per_pixel,detector_phi_two_theta_roi_per_qz_bin,False,0,0.0,0.0,0,0,original,qz,m = 0,1e-09,38,0.8269284525794665,0.8409239985451649,0.8339262255623157,176,176.0,pixel_count,626459.7444223388,626459.7444223388,0.0,3559.430366036016,3559.430366036016,0.0,626459.7444223388,626459.7444223388,0.0,3559.430366036016,,0,,,50.0,False,3559.430366036016,0.0,12.416238992534868,12.745149131076408,12.552025253112765,3520.9399478110026
PbI2,4.0,4.0,detector_qspace_per_pixel,detector_phi_two_theta_roi_per_qz_bin,False,0,0.0,0.0,0,0,original,qz,m = 0,1e-09,39,0.8409239985451649,0.8549195445108632,0.8479217715280141,128,128.0,pixel_count,845987.6513781162,845987.6513781162,0.0,6609.278526391533,6609.278526391533,0.0,845987.6513781162,845987.6513781162,0.0,6609.278526391533,,0,,,50.0,False,6609.278526391533,0.0,12.634642354996949,12.968959670058101,12.747684876813436,5067.6539123942075
PbI2,4.0,4.0,detector_qspace_per_pixel,detector_phi_two_theta_roi_per_qz_bin,False,0,0.0,0.0,0,0,original,qz,m = 0,1e-09,40,0.8549195445108632,0.8689150904765616,0.8619173174937124,172,172.0,pixel_count,1026642.3501816101,1026642.3501816101,0.0,5968.8508731488955,5968.8508731488955,0.0,1026642.3501816101,1026642.3501816101,0.0,5968.8508731488955,,0,,,50.0,False,5968.8508731488955,0.0,12.780037929039187,13.115069483269828,12.91776448536909,4581.3569375247425
PbI2,4.0,4.0,detector_qspace_per_pixel,detector_phi_two_theta_roi_per_qz_bin,False,0,0.0,0.0,0,0,original,qz,m = 0,1e-09,41,0.8689150904765616,0.88291063644226,0.8759128634594108,184,184.0,pixel_count,298488.57160616806,298488.57160616806,0.0,1622.220497859609,1622.220497859609,0.0,298488.57160616806,298488.57160616806,0.0,1622.220497859609,,0,,,50.0,False,1622.220497859609,0.0,12.997817321331231,13.338222769685904,13.135623762144954,2525.9425309650815
PbI2,4.0,4.0,detector_qspace_per_pixel,detector_phi_two_theta_roi_per_qz_bin,False,0,0.0,0.0,0,0,original,qz,m = 0,1e-09,42,0.88291063644226,0.8969061824079583,0.8899084094251091,188,188.0,pixel_count,44805.33698960254,44805.33698960254,0.0,238.32626058299223,238.32626058299223,0.0,44805.33698960254,44805.33698960254,0.0,238.32626058299223,,0,,,50.0,False,238.32626058299223,0.0,13.21521524080761,13.555021561935854,13.354467278428777,859.5273804820215
PbI2,4.0,4.0,detector_qspace_per_pixel,detector_phi_two_theta_roi_per_qz_bin,False,0,0.0,0.0,0,0,original,qz,m = 0,1e-09,43,0.8969061824079583,0.9109017283736567,0.9039039553908075,190,190.0,pixel_count,13793.885706707835,13793.885706707835,0.0,72.59939845635702,72.59939845635702,0.0,13793.885706707835,13793.885706707835,0.0,72.59939845635702,,0,,,50.0,False,72.59939845635702,0.0,13.432226445723206,13.777353362824487,13.571517521247527,213.0848914809219
PbI2,4.0,4.0,detector_qspace_per_pixel,detector_phi_two_theta_roi_per_qz_bin,False,0,0.0,0.0,0,0,original,qz,m = 0,1e-09,44,0.9109017283736567,0.9248972743393551,0.9178995013565059,194,194.0,pixel_count,7832.386445837095,7832.386445837095,0.0,40.373126009469566,40.373126009469566,0.0,7832.386445837095,7832.386445837095,0.0,40.373126009469566,,0,,,50.0,False,40.373126009469566,0.0,13.64884575735121,13.993351653487606,13.78956549358564,63.43665832964969
PbI2,4.0,4.0,detector_qspace_per_pixel,detector_phi_two_theta_roi_per_qz_bin,False,0,0.0,0.0,0,0,original,qz,m = 0,1e-09,45,0.9248972743393551,0.9388928203050534,0.9318950473222043,196,196.0,pixel_count,5947.529719882645,5947.529719882645,0.0,30.34453938715635,30.34453938715635,0.0,5947.529719882645,5947.529719882645,0.0,30.34453938715635,,0,,,50.0,False,30.34453938715635,0.0,13.86506806047008,14.21484081640184,14.00581719968586,34.928795092285064
PbI2,4.0,4.0,detector_qspace_per_pixel,detector_phi_two_theta_roi_per_qz_bin,False,0,0.0,0.0,0,0,original,qz,m = 0,1e-09,46,0.9388928203050534,0.9528883662707518,0.9458905932879026,201,201.0,pixel_count,5443.996076727286,5443.996076727286,0.0,27.08455759565814,27.08455759565814,0.0,5443.996076727286,5443.996076727286,0.0,27.08455759565814,,0,,,50.0,False,27.08455759565814,0.0,14.080888303826978,14.430017605099573,14.223376009347174,27.29471023643753
PbI2,4.0,4.0,detector_qspace_per_pixel,detector_phi_two_theta_roi_per_qz_bin,False,0,0.0,0.0,0,0,original,qz,m = 0,1e-09,47,0.9528883662707518,0.9668839122364502,0.959886139253601,160,160.0,pixel_count,3601.7203883151524,3601.7203883151524,0.0,22.510752426969702,22.510752426969702,0.0,3601.7203883151524,3601.7203883151524,0.0,22.510752426969702,,0,,,50.0,False,22.510752426969702,0.0,14.296301500577856,14.650643504414926,14.429524458572804,23.219746068144396
PbI2,4.0,4.0,detector_qspace_per_pixel,detector_phi_two_theta_roi_per_qz_bin,False,0,0.0,0.0,0,0,original,qz,m = 0,1e-09,48,0.9668839122364502,0.9808794582021485,0.9738816852192993,186,186.0,pixel_count,3758.4277246156707,3758.4277246156707,0.0,20.206600669976723,20.206600669976723,0.0,3758.4277246156707,3758.4277246156707,0.0,20.206600669976723,,0,,,50.0,False,20.206600669976723,0.0,14.439681728102212,14.8617844247962,14.592116497898328,20.07140286783143
PbI2,4.0,4.0,detector_qspace_per_pixel,detector_phi_two_theta_roi_per_qz_bin,False,0,0.0,0.0,0,0,original,qz,m = 0,1e-09,49,0.9808794582021485,0.9948750041678469,0.9878772311849977,203,203.0,pixel_count,3363.033476890996,3363.033476890996,0.0,16.56666737384727,16.56666737384727,0.0,3363.033476890996,3363.033476890996,0.0,16.56666737384727,,0,,,50.0,False,16.56666737384727,0.0,14.654405608215267,15.014550265988213,14.79745791805532,17.65465474620657
PbI2,4.0,4.0,detector_qspace_per_pixel,detector_phi_two_theta_roi_per_qz_bin,False,0,0.0,0.0,0,0,original,qz,m = 0,1e-09,50,0.9948750041678469,1.0088705501335453,1.0018727771506961,212,212.0,pixel_count,3479.826568961609,3479.826568961609,0.0,16.414276268686837,16.414276268686837,0.0,3479.826568961609,3479.826568961609,0.0,16.414276268686837,,0,,,50.0,False,16.414276268686837,0.0,14.86870946145384,15.228149293033088,15.01413046854475,16.059280627982325
PbI2,4.0,4.0,detector_qspace_per_pixel,detector_phi_two_theta_roi_per_qz_bin,False,0,0.0,0.0,0,0,original,qz,m = 0,1e-09,51,1.0088705501335453,1.0228660960992437,1.0158683231163945,214,214.0,pixel_count,3101.477002793923,3101.477002793923,0.0,14.49288319062581,14.49288319062581,0.0,3101.477002793923,3101.477002793923,0.0,14.49288319062581,,0,,,50.0,False,14.49288319062581,0.0,15.082588540527388,15.447148419582737,15.228005722482747,14.871732191260861
PbI2,4.0,4.0,detector_qspace_per_pixel,detector_phi_two_theta_roi_per_qz_bin,False,0,0.0,0.0,0,0,original,qz,m = 0,1e-09,52,1.0228660960992437,1.0368616420649421,1.029863869082093,219,219.0,pixel_count,2985.1741464189254,2985.1741464189254,0.0,13.630932175428883,13.630932175428883,0.0,2985.1741464189254,2985.1741464189254,0.0,13.630932175428883,,0,,,50.0,False,13.630932175428883,0.0,15.296038164299993,15.659870033143772,15.443172491186377,14.160883164040898
PbI2,4.0,4.0,detector_qspace_per_pixel,detector_phi_two_theta_roi_per_qz_bin,False,0,0.0,0.0,0,0,original,qz,m = 0,1e-09,53,1.0368616420649421,1.0508571880306405,1.0438594150477913,221,221.0,pixel_count,3154.0672553875484,3154.0672553875484,0.0,14.271797535690265,14.271797535690265,0.0,3154.0672553875484,3154.0672553875484,0.0,14.271797535690265,,0,,,50.0,False,14.271797535690265,0.0,15.509053718099171,15.87794996228052,15.656510626040902,13.982132997207561
PbI2,4.0,4.0,detector_qspace_per_pixel,detector_phi_two_theta_roi_per_qz_bin,False,0,0.0,0.0,0,0,original,qz,m = 0,1e-09,54,1.0508571880306405,1.0648527339963387,1.0578549610134895,225,225.0,pixel_count,3062.347287184559,3062.347287184559,0.0,13.610432387486927,13.610432387486927,0.0,3062.347287184559,3062.347287184559,0.0,13.610432387486927,,0,,,50.0,False,13.610432387486927,0.0,15.721630654001798,16.089775354686285,15.870103388978354,13.98513379104585
PbI2,4.0,4.0,detector_qspace_per_pixel,detector_phi_two_theta_roi_per_qz_bin,False,0,0.0,0.0,0,0,original,qz,m = 0,1e-09,55,1.0648527339963387,1.0788482799620371,1.071850506979188,227,227.0,pixel_count,3256.7225480391644,3256.7225480391644,0.0,14.346795365811296,14.346795365811296,0.0,3256.7225480391644,3256.7225480391644,0.0,14.346795365811296,,0,,,50.0,False,14.346795365811296,0.0,15.933764491097508,16.30691757970481,16.082539193677164,14.061370435438906
PbI2,4.0,4.0,detector_qspace_per_pixel,detector_phi_two_theta_roi_per_qz_bin,False,0,0.0,0.0,0,0,original,qz,m = 0,1e-09,56,1.0788482799620371,1.0928438259277355,1.0858460529448863,231,231.0,pixel_count,3286.5786265525967,3286.5786265525967,0.0,14.227613101959292,14.227613101959292,0.0,3286.5786265525967,3286.5786265525967,0.0,14.227613101959292,,0,,,50.0,False,14.227613101959292,0.0,16.145450815729514,16.51782852942446,16.29523346302905,13.899041080770381
PbI2,4.0,4.0,detector_qspace_per_pixel,detector_phi_two_theta_roi_per_qz_bin,False,0,0.0,0.0,0,0,original,qz,m = 0,1e-09,57,1.0928438259277355,1.1068393718934337,1.0998415989105848,234,234.0,pixel_count,3069.8194891083986,3069.8194891083986,0.0,13.118886705591446,13.118886705591446,0.0,3069.8194891083986,3069.8194891083986,0.0,13.118886705591446,,0,,,50.0,False,13.118886705591446,0.0,16.35668528171315,16.73718943822749,16.507734497090375,13.49996305810723
PbI2,4.0,4.0,detector_qspace_per_pixel,detector_phi_two_theta_roi_per_qz_bin,False,0,0.0,0.0,0,0,original,qz,m = 0,1e-09,58,1.1068393718934337,1.1208349178591321,1.113837144876283,237,237.0,pixel_count,3144.815718726255,3144.815718726255,0.0,13.269264635975759,13.269264635975759,0.0,3144.815718726255,3144.815718726255,0.0,13.269264635975759,,0,,,50.0,False,13.269264635975759,0.0,16.567463610532286,16.943993978424054,16.718527540622965,13.243486844983593
PbI2,4.0,4.0,detector_qspace_per_pixel,detector_phi_two_theta_roi_per_qz_bin,False,0,0.0,0.0,0,0,original,qz,m = 0,1e-09,59,1.1208349178591321,1.1348304638248305,1.1278326908419813,241,241.0,pixel_count,3217.1761255138554,3217.1761255138554,0.0,13.349278529103135,13.349278529103135,0.0,3217.1761255138554,3217.1761255138554,0.0,13.349278529103135,,0,,,50.0,False,13.349278529103135,0.0,16.77778159151374,17.162363443732293,16.930459665652393,13.003360186830893
PbI2,4.0,4.0,detector_qspace_per_pixel,detector_phi_two_theta_roi_per_qz_bin,False,0,0.0,0.0,0,0,original,qz,m = 0,1e-09,60,1.1348304638248305,1.148826009790529,1.1418282368076798,243,243.0,pixel_count,2932.005377947353,2932.005377947353,0.0,12.065865752869765,12.065865752869765,0.0,2932.005377947353,2932.005377947353,0.0,12.065865752869765,,0,,,50.0,False,12.065865752869765,0.0,16.987635081980038,17.36823727698532,17.13995155723129,12.808746964138344
PbI2,4.0,4.0,detector_qspace_per_pixel,detector_phi_two_theta_roi_per_qz_bin,False,0,0.0,0.0,0,0,original,qz,m = 0,1e-09,61,1.148826009790529,1.1628215557562274,1.1558237827733782,247,247.0,pixel_count,3254.8660820121877,3254.8660820121877,0.0,13.177595473733554,13.177595473733554,0.0,3254.8660820121877,3254.8660820121877,0.0,13.177595473733554,,0,,,50.0,False,13.177595473733554,0.0,17.197020007380562,17.58559849137092,17.350923379858397,13.020824807303706
PbI2,4.0,4.0,detector_qspace_per_pixel,detector_phi_two_theta_roi_per_qz_bin,False,0,0.0,0.0,0,0,original,qz,m = 0,1e-09,62,1.1628215557562274,1.1768171017219258,1.1698193287390766,249,249.0,pixel_count,3423.09372271318,3423.09372271318,0.0,13.747364348245702,13.747364348245702,0.0,3423.09372271318,3423.09372271318,0.0,13.747364348245702,,0,,,50.0,False,13.747364348245702,0.0,17.40593236140146,17.790525158207853,17.559472560927837,13.122065634595604
PbI2,4.0,4.0,detector_qspace_per_pixel,detector_phi_two_theta_roi_per_qz_bin,False,0,0.0,0.0,0,0,original,qz,m = 0,1e-09,63,1.1768171017219258,1.1908126476876242,1.183814874704775,256,256.0,pixel_count,3245.3322494090535,3245.3322494090535,0.0,12.677079099254115,12.677079099254115,0.0,3245.3322494090535,3245.3322494090535,0.0,12.677079099254115,,0,,,50.0,False,12.677079099254115,0.0,17.614368206054426,18.07179006899025,17.772446098798238,12.631737721405461
PbI2,4.0,4.0,detector_qspace_per_pixel,detector_phi_two_theta_roi_per_qz_bin,False,0,0.0,0.0,0,0,original,qz,m = 0,1e-09,64,1.1908126476876242,1.2048081936533226,1.1978104206704734,261,261.0,pixel_count,2956.678706788458,2956.678706788458,0.0,11.32827090723547,11.32827090723547,0.0,2956.678706788458,2956.678706788458,0.0,11.32827090723547,,0,,,50.0,False,11.32827090723547,0.0,17.822323671744712,18.287442198042882,17.984685465728433,12.209672260744014
PbI2,4.0,4.0,detector_qspace_per_pixel,detector_phi_two_theta_roi_per_qz_bin,False,0,0.0,0.0,0,0,original,qz,m = 0,1e-09,65,1.2048081936533226,1.218803739619021,1.2118059666361718,275,275.0,pixel_count,3459.466747320257,3459.466747320257,0.0,12.579879081164572,12.579879081164572,0.0,3459.466747320257,3459.466747320257,0.0,12.579879081164572,,0,,,50.0,False,12.579879081164572,0.0,18.02979495731851,18.49382931606567,18.205064503631927,12.456440385329348
PbI2,4.0,4.0,detector_qspace_per_pixel,detector_phi_two_theta_roi_per_qz_bin,False,0,0.0,0.0,0,0,original,qz,m = 0,1e-09,66,1.218803739619021,1.2327992855847192,1.22580151260187,285,285.0,pixel_count,3801.9794852552004,3801.9794852552004,0.0,13.340278895632283,13.340278895632283,0.0,3801.9794852552004,3801.9794852552004,0.0,13.340278895632283,,0,,,50.0,False,13.340278895632283,0.0,18.236778330090065,18.705344855933003,18.422739081804114,12.723704288825271
PbI2,4.0,4.0,detector_qspace_per_pixel,detector_phi_two_theta_roi_per_qz_bin,False,0,0.0,0.0,0,0,original,qz,m = 0,1e-09,67,1.2327992855847192,1.2467948315504176,1.2397970585675684,309,309.0,pixel_count,3818.7639239998534,3818.7639239998534,0.0,12.358459300970399,12.358459300970399,0.0,3818.7639239998534,3818.7639239998534,0.0,12.358459300970399,,0,,,50.0,False,12.358459300970399,0.0,18.4432701258487,18.910725943219365,18.642303998974167,12.485667270651971
PbI2,4.0,4.0,detector_qspace_per_pixel,detector_phi_two_theta_roi_per_qz_bin,False,0,0.0,0.0,0,0,original,qz,m = 0,1e-09,68,1.2467948315504176,1.260790377516116,1.2537926045332668,270,270.0,pixel_count,3208.6697483155876,3208.6697483155876,0.0,11.883962030798473,11.883962030798473,0.0,3208.6697483155876,3208.6697483155876,0.0,11.883962030798473,,0,,,50.0,False,11.883962030798473,0.0,18.71782163982354,19.124286231062793,18.87689362609228,12.231102137859187
PbI2,4.0,4.0,detector_qspace_per_pixel,detector_phi_two_theta_roi_per_qz_bin,False,0,0.0,0.0,0,0,original,qz,m = 0,1e-09,69,1.260790377516116,1.2747859234818142,1.2677881504989652,273,273.0,pixel_count,3345.669990437571,3345.669990437571,0.0,12.255201430174253,12.255201430174253,0.0,3345.669990437571,3345.669990437571,0.0,12.255201430174253,,0,,,50.0,False,12.255201430174253,0.0,18.923152557353593,19.325555042869425,19.082250663718817,12.377253572113478
PbI2,4.0,4.0,detector_qspace_per_pixel,detector_phi_two_theta_roi_per_qz_bin,False,0,0.0,0.0,0,0,original,qz,m = 0,1e-09,70,1.2747859234818142,1.2887814694475126,1.2817836964646634,276,276.0,pixel_count,3568.8071136930957,3568.8071136930957,0.0,12.930460556859042,12.930460556859042,0.0,3568.8071136930957,3568.8071136930957,0.0,12.930460556859042,,0,,,50.0,False,12.930460556859042,0.0,19.12798017806859,19.538034949343057,19.2881332813287,12.748489878697306
PbI2,4.0,4.0,detector_qspace_per_pixel,detector_phi_two_theta_roi_per_qz_bin,False,0,0.0,0.0,0,0,original,qz,m = 0,1e-09,71,1.2887814694475126,1.302777015413211,1.2957792424303618,281,281.0,pixel_count,3596.0607929560356,3596.0607929560356,0.0,12.797369369950305,12.797369369950305,0.0,3596.0607929560356,3596.0607929560356,0.0,12.797369369950305,,0,,,50.0,False,12.797369369950305,0.0,19.332301134088123,19.81353344293379,19.494723696114573,13.204367620361246
PbI2,4.0,4.0,detector_qspace_per_pixel,detector_phi_two_theta_roi_per_qz_bin,False,0,0.0,0.0,0,0,original,qz,m = 0,1e-09,72,1.302777015413211,1.3167725613789094,1.3097747883960602,298,298.0,pixel_count,4227.740004400723,4227.740004400723,0.0,14.187046994633297,14.187046994633297,0.0,4227.740004400723,4227.740004400723,0.0,14.187046994633297,,0,,,50.0,False,14.187046994633297,0.0,19.536112125717537,20.016132138997506,19.71202547328443,13.773762183612433
PbI2,4.0,4.0,detector_qspace_per_pixel,detector_phi_two_theta_roi_per_qz_bin,False,0,0.0,0.0,0,0,original,qz,m = 0,1e-09,73,1.3167725613789094,1.3307681073446078,1.3237703343617586,319,319.0,pixel_count,4449.880010520108,4449.880010520108,0.0,13.949467117617894,13.949467117617894,0.0,4449.880010520108,4449.880010520108,0.0,13.949467117617894,,0,,,50.0,False,13.949467117617894,0.0,19.739409921334772,20.22374742437437,19.929313426632582,14.487970273024503
PbI2,4.0,4.0,detector_qspace_per_pixel,detector_phi_two_theta_roi_per_qz_bin,False,0,0.0,0.0,0,0,original,qz,m = 0,1e-09,74,1.3307681073446078,1.3447636533103062,1.337765880327457,336,336.0,pixel_count,4967.8266163710505,4967.8266163710505,0.0,14.785198263009079,14.785198263009079,0.0,4967.8266163710505,4967.8266163710505,0.0,14.785198263009079,,0,,,50.0,False,14.785198263009079,0.0,19.942191357259244,20.425290831381552,20.145074189985795,16.220264078590883
PbI2,4.0,4.0,detector_qspace_per_pixel,detector_phi_two_theta_roi_per_qz_bin,False,0,0.0,0.0,0,0,original,qz,m = 0,1e-09,75,1.3447636533103062,1.3587591992760046,1.3517614262931554,292,292.0,pixel_count,5695.99948080536,5695.99948080536,0.0,19.506847537004656,19.506847537004656,0.0,5695.99948080536,5695.99948080536,0.0,19.506847537004656,,0,,,50.0,False,19.506847537004656,0.0,20.211758037796656,20.631809572873273,20.37441658150061,19.351772015399376
PbI2,4.0,4.0,detector_qspace_per_pixel,detector_phi_two_theta_roi_per_qz_bin,False,0,0.0,0.0,0,0,original,qz,m = 0,1e-09,76,1.3587591992760046,1.372754745241703,1.3657569722588538,300,300.0,pixel_count,7188.115460387431,7188.115460387431,0.0,23.960384867958105,23.960384867958105,0.0,7188.115460387431,7188.115460387431,0.0,23.960384867958105,,0,,,50.0,False,23.960384867958105,0.0,20.413322711734804,20.895006853063148,20.58060210313073,22.048624991675247
PbI2,4.0,4.0,detector_qspace_per_pixel,detector_phi_two_theta_roi_per_qz_bin,False,0,0.0,0.0,0,0,original,qz,m = 0,1e-09,77,1.372754745241703,1.3867502912074012,1.379752518224552,324,324.0,pixel_count,7720.625316834543,7720.625316834543,0.0,23.829090484057232,23.829090484057232,0.0,7720.625316834543,7720.625316834543,0.0,23.829090484057232,,0,,,50.0,False,23.829090484057232,0.0,20.61436096903014,21.10622676880409,20.799524034868877,22.122810083935555
PbI2,4.0,4.0,detector_qspace_per_pixel,detector_phi_two_theta_roi_per_qz_bin,False,0,0.0,0.0,0,0,original,qz,m = 0,1e-09,78,1.3867502912074012,1.4007458371730996,1.3937480641902504,371,371.0,pixel_count,7363.461315325461,7363.461315325461,0.0,19.847604623518762,19.847604623518762,0.0,7363.461315325461,7363.461315325461,0.0,19.847604623518762,,0,,,50.0,False,19.847604623518762,0.0,20.814869938479173,21.30244829679935,21.011728278795427,19.607449913414627
PbI2,4.0,4.0,detector_qspace_per_pixel,detector_phi_two_theta_roi_per_qz_bin,False,0,0.0,0.0,0,0,original,qz,m = 0,1e-09,79,1.4007458371730996,1.414741383138798,1.4077436101559488,313,313.0,pixel_count,4821.05300532328,4821.05300532328,0.0,15.402725256623897,15.402725256623897,0.0,4821.05300532328,4821.05300532328,0.0,15.402725256623897,,0,,,50.0,False,15.402725256623897,0.0,21.01536943895073,21.509537894430036,21.24437573566057,16.463270837250477
PbI2,4.0,4.0,detector_qspace_per_pixel,detector_phi_two_theta_roi_per_qz_bin,False,0,0.0,0.0,0,0,original,qz,m = 0,1e-09,80,1.414741383138798,1.4287369291044965,1.4217391561216473,316,316.0,pixel_count,4436.124653790612,4436.124653790612,0.0,14.038369157565228,14.038369157565228,0.0,4436.124653790612,4436.124653790612,0.0,14.038369157565228,,0,,,50.0,False,14.038369157565228,0.0,21.280650231530196,21.77799027784564,21.452905830309014,14.228589505775538
PbI2,4.0,4.0,detector_qspace_per_pixel,detector_phi_two_theta_roi_per_qz_bin,False,0,0.0,0.0,0,0,original,qz,m = 0,1e-09,81,1.4287369291044965,1.4427324750701949,1.4357347020873457,351,351.0,pixel_count,4331.117466664873,4331.117466664873,0.0,12.339366001894225,12.339366001894225,0.0,4331.117466664873,4331.117466664873,0.0,12.339366001894225,,0,,,50.0,False,12.339366001894225,0.0,21.4793750295443,21.975365379530476,21.67279464201865,12.990971820082095
PbI2,4.0,4.0,detector_qspace_per_pixel,detector_phi_two_theta_roi_per_qz_bin,False,0,0.0,0.0,0,0,original,qz,m = 0,1e-09,82,1.4427324750701949,1.4567280210358933,1.449730248053044,378,378.0,pixel_count,4762.618835361209,4762.618835361209,0.0,12.599520728468807,12.599520728468807,0.0,4762.618835361209,4762.618835361209,0.0,12.599520728468807,,0,,,50.0,False,12.599520728468807,0.0,21.677558868370763,22.177576714234604,21.879193751121516,12.426127899955727
PbI2,4.0,4.0,detector_qspace_per_pixel,detector_phi_two_theta_roi_per_qz_bin,False,0,0.0,0.0,0,0,original,qz,m = 0,1e-09,83,1.4567280210358933,1.4707235670015915,1.4637257940187425,325,325.0,pixel_count,3888.7229681219906,3888.7229681219906,0.0,11.965301440375356,11.965301440375356,0.0,3888.7229681219906,3888.7229681219906,0.0,11.965301440375356,,0,,,50.0,False,11.965301440375356,0.0,21.940958153733842,22.435240395574777,22.113171324455973,12.07558520018478
PbI2,4.0,4.0,detector_qspace_per_pixel,detector_phi_two_theta_roi_per_qz_bin,False,0,0.0,0.0,0,0,original,qz,m = 0,1e-09,84,1.4707235670015915,1.4847191129672899,1.4777213399844407,361,361.0,pixel_count,4263.513978959061,4263.513978959061,0.0,11.81028803035751,11.81028803035751,0.0,4263.513978959061,4263.513978959061,0.0,11.81028803035751,,0,,,50.0,False,11.81028803035751,0.0,22.137870079151288,22.641977572251456,22.332538575782795,11.724373085975547
PbI2,4.0,4.0,detector_qspace_per_pixel,detector_phi_two_theta_roi_per_qz_bin,False,0,0.0,0.0,0,0,original,qz,m = 0,1e-09,85,1.4847191129672899,1.4987146589329883,1.491716885950139,395,395.0,pixel_count,4517.360211933497,4517.360211933497,0.0,11.436354966920247,11.436354966920247,0.0,4517.360211933497,4517.360211933497,0.0,11.436354966920247,,0,,,50.0,False,11.436354966920247,0.0,22.334232909486634,22.83400864860969,22.535287630657344,11.291427173427856
PbI2,4.0,4.0,detector_qspace_per_pixel,detector_phi_two_theta_roi_per_qz_bin,False,0,0.0,0.0,0,0,original,qz,m = 0,1e-09,86,1.4987146589329883,1.5127102048986867,1.5057124319158375,343,343.0,pixel_count,3573.817105360329,3573.817105360329,0.0,10.419291852362475,10.419291852362475,0.0,3573.817105360329,3573.817105360329,0.0,10.419291852362475,,0,,,50.0,False,10.419291852362475,0.0,22.595191902855042,23.10033459283919,22.775348319285087,10.870136101868518
PbI2,4.0,4.0,detector_qspace_per_pixel,detector_phi_two_theta_roi_per_qz_bin,False,0,0.0,0.0,0,0,original,qz,m = 0,1e-09,87,1.5127102048986867,1.526705750864385,1.5197079778815359,381,381.0,pixel_count,4262.671367978677,4262.671367978677,0.0,11.188113826715687,11.188113826715687,0.0,4262.671367978677,4262.671367978677,0.0,11.188113826715687,,0,,,50.0,False,11.188113826715687,0.0,22.790264678589445,23.29926684273637,22.988809245101216,10.480369772813912
PbI2,4.0,4.0,detector_qspace_per_pixel,detector_phi_two_theta_roi_per_qz_bin,False,0,0.0,0.0,0,0,original,qz,m = 0,1e-09,88,1.526705750864385,1.5407012968300835,1.5337035238472343,394,394.0,pixel_count,3657.1546730212867,3657.1546730212867,0.0,9.28211845944489,9.28211845944489,0.0,3657.1546730212867,3657.1546730212867,0.0,9.28211845944489,,0,,,50.0,False,9.28211845944489,0.0,22.984780942823075,23.552713892386485,23.1929222320222,9.938666084740277
PbI2,4.0,4.0,detector_qspace_per_pixel,detector_phi_two_theta_roi_per_qz_bin,False,0,0.0,0.0,0,0,original,qz,m = 0,1e-09,89,1.5407012968300835,1.5546968427957817,1.5476990698129325,376,376.0,pixel_count,3758.2678188057616,3758.2678188057616,0.0,9.995393135121706,9.995393135121706,0.0,3758.2678188057616,3758.2678188057616,0.0,9.995393135121706,,0,,,50.0,False,9.995393135121706,0.0,23.24326667991459,23.756050170098185,23.438684425741783,9.412938600647427
PbI2,4.0,4.0,detector_qspace_per_pixel,detector_phi_two_theta_roi_per_qz_bin,False,0,0.0,0.0,0,0,original,qz,m = 0,1e-09,90,1.5546968427957817,1.56869238876148,1.561694615778631,425,425.0,pixel_count,3609.04795994889,3609.04795994889,0.0,8.491877552820917,8.491877552820917,0.0,3609.04795994889,3609.04795994889,0.0,8.491877552820917,,0,,,50.0,False,8.491877552820917,0.0,23.43647641196655,23.944894437914826,23.63813721631593,8.834491249206373
PbI2,4.0,4.0,detector_qspace_per_pixel,detector_phi_two_theta_roi_per_qz_bin,False,0,0.0,0.0,0,0,original,qz,m = 0,1e-09,91,1.56869238876148,1.5826879347271785,1.5756901617443293,375,375.0,pixel_count,2981.766424929723,2981.766424929723,0.0,7.951377133145928,7.951377133145928,0.0,2981.766424929723,2981.766424929723,0.0,7.951377133145928,,0,,,50.0,False,7.951377133145928,0.0,23.69321293897243,24.206773594297072,23.88502647022487,8.574688584508479
PbI2,4.0,4.0,detector_qspace_per_pixel,detector_phi_two_theta_roi_per_qz_bin,False,0,0.0,0.0,0,0,original,qz,m = 0,1e-09,92,1.5826879347271785,1.596683480692877,1.5896857077100277,427,427.0,pixel_count,4090.5371340955608,4090.5371340955608,0.0,9.579712257835038,9.579712257835038,0.0,4090.5371340955608,4090.5371340955608,0.0,9.579712257835038,,0,,,50.0,False,9.579712257835038,0.0,23.88510557692641,24.40235907054426,24.087764260183786,8.563567089168371
PbI2,4.0,4.0,detector_qspace_per_pixel,detector_phi_two_theta_roi_per_qz_bin,False,0,0.0,0.0,0,0,original,qz,m = 0,1e-09,93,1.596683480692877,1.6106790266585753,1.6036812536757261,396,396.0,pixel_count,3006.979392017238,3006.979392017238,0.0,7.593382303073833,7.593382303073833,0.0,3006.979392017238,3006.979392017238,0.0,7.593382303073833,,0,,,50.0,False,7.593382303073833,0.0,24.076430708199467,24.65434070969047,24.318636664441172,8.208436044849936
PbI2,4.0,4.0,detector_qspace_per_pixel,detector_phi_two_theta_roi_per_qz_bin,False,0,0.0,0.0,0,0,original,qz,m = 0,1e-09,94,1.6106790266585753,1.6246745726242737,1.6176767996414245,432,432.0,pixel_count,3561.3845728831366,3561.3845728831366,0.0,8.243945770562815,8.243945770562815,0.0,3561.3845728831366,3561.3845728831366,0.0,8.243945770562815,,0,,,50.0,False,8.243945770562815,0.0,24.330645106749685,24.851377242455385,24.535110928543173,7.682083926123939
PbI2,4.0,4.0,detector_qspace_per_pixel,detector_phi_two_theta_roi_per_qz_bin,False,0,0.0,0.0,0,0,original,qz,m = 0,1e-09,95,1.6246745726242737,1.638670118589972,1.631672345607123,389,389.0,pixel_count,2678.990716837812,2678.990716837812,0.0,6.886865595984093,6.886865595984093,0.0,2678.990716837812,2678.990716837812,0.0,6.886865595984093,,0,,,50.0,False,6.886865595984093,0.0,24.520639417337883,24.997763402386695,24.73954941609108,6.919245123797415
PbI2,4.0,4.0,detector_qspace_per_pixel,detector_phi_two_theta_roi_per_qz_bin,False,0,0.0,0.0,0,0,original,qz,m = 0,1e-09,96,1.638670118589972,1.6526656645556703,1.6456678915728211,287,287.0,pixel_count,1645.897846632637,1645.897846632637,0.0,5.7348357025527426,5.7348357025527426,0.0,1645.897846632637,1645.897846632637,0.0,5.7348357025527426,,0,,,50.0,False,5.7348357025527426,0.0,24.773073485137033,24.998128216417328,24.895878012754046,6.157815106279299
